﻿<?xml version="1.0" encoding="utf-8"?>
<abapGit version="v1.0.0" serializer="LCL_OBJECT_CLAS" serializer_version="v1.0.0">
 <asx:abap xmlns:asx="http://www.sap.com/abapxml" version="1.0">
  <asx:values>
   <VSEOCLASS>
    <CLSNAME>ZCL_EWM_BASE_DB_HU</CLSNAME>
    <LANGU>E</LANGU>
    <DESCRIPT>DB class for: Handling Unit.</DESCRIPT>
    <STATE>1</STATE>
    <CLSCCINCL>X</CLSCCINCL>
    <FIXPT>X</FIXPT>
    <UNICODE>X</UNICODE>
   </VSEOCLASS>
   <DESCRIPTIONS>
    <SEOCOMPOTX>
     <CMPNAME>CHANGE</CMPNAME>
     <LANGU>E</LANGU>
     <DESCRIPT>SET Handling Unit Attributes</DESCRIPT>
    </SEOCOMPOTX>
    <SEOCOMPOTX>
     <CMPNAME>CHANGE_HU_HDR</CMPNAME>
     <LANGU>E</LANGU>
     <DESCRIPT>Change of HU Header</DESCRIPT>
    </SEOCOMPOTX>
    <SEOCOMPOTX>
     <CMPNAME>CREATE</CMPNAME>
     <LANGU>E</LANGU>
     <DESCRIPT>CREATE a new Handling Unit</DESCRIPT>
    </SEOCOMPOTX>
    <SEOCOMPOTX>
     <CMPNAME>DELETE</CMPNAME>
     <LANGU>E</LANGU>
     <DESCRIPT>DELETE an empty Handling Unit (in process!)</DESCRIPT>
    </SEOCOMPOTX>
    <SEOCOMPOTX>
     <CMPNAME>GET_HUHDR</CMPNAME>
     <LANGU>E</LANGU>
     <DESCRIPT>GET header data of a Handling Unit</DESCRIPT>
    </SEOCOMPOTX>
    <SEOCOMPOTX>
     <CMPNAME>GET_HUITM</CMPNAME>
     <LANGU>E</LANGU>
     <DESCRIPT>Get items and tree of a Handling Unit</DESCRIPT>
    </SEOCOMPOTX>
    <SEOCOMPOTX>
     <CMPNAME>GET_IDENT_REASON</CMPNAME>
     <LANGU>E</LANGU>
     <DESCRIPT>GET alternative HU identification: Reason</DESCRIPT>
    </SEOCOMPOTX>
    <SEOCOMPOTX>
     <CMPNAME>GET_INSTANCE</CMPNAME>
     <LANGU>E</LANGU>
     <DESCRIPT>GET active instance</DESCRIPT>
    </SEOCOMPOTX>
    <SEOCOMPOTX>
     <CMPNAME>GET_KIND_STOCK</CMPNAME>
     <LANGU>E</LANGU>
     <DESCRIPT>GET kind of Stock that content the HU</DESCRIPT>
    </SEOCOMPOTX>
    <SEOCOMPOTX>
     <CMPNAME>GET_STATUS</CMPNAME>
     <LANGU>E</LANGU>
     <DESCRIPT>GET HU Status</DESCRIPT>
    </SEOCOMPOTX>
    <SEOCOMPOTX>
     <CMPNAME>GET_USER_STATUS_ACTIV</CMPNAME>
     <LANGU>E</LANGU>
     <DESCRIPT>GET User Status Activ</DESCRIPT>
    </SEOCOMPOTX>
    <SEOCOMPOTX>
     <CMPNAME>GET_USER_STATUS_TEXT</CMPNAME>
     <LANGU>E</LANGU>
     <DESCRIPT>Get User Status Text</DESCRIPT>
    </SEOCOMPOTX>
    <SEOCOMPOTX>
     <CMPNAME>GT_HUHDR</CMPNAME>
     <LANGU>E</LANGU>
     <DESCRIPT>HU Header Table</DESCRIPT>
    </SEOCOMPOTX>
    <SEOCOMPOTX>
     <CMPNAME>GT_HUSTATUS</CMPNAME>
     <LANGU>E</LANGU>
     <DESCRIPT>Table with Statuses</DESCRIPT>
    </SEOCOMPOTX>
    <SEOCOMPOTX>
     <CMPNAME>GT_IDENT</CMPNAME>
     <LANGU>E</LANGU>
     <DESCRIPT>Table of HU Identification Numbers</DESCRIPT>
    </SEOCOMPOTX>
    <SEOCOMPOTX>
     <CMPNAME>INIT</CMPNAME>
     <LANGU>E</LANGU>
     <DESCRIPT>Initialize global buffer</DESCRIPT>
    </SEOCOMPOTX>
    <SEOCOMPOTX>
     <CMPNAME>MOVE</CMPNAME>
     <LANGU>E</LANGU>
     <DESCRIPT>MOVE or UNPACK a HU</DESCRIPT>
    </SEOCOMPOTX>
    <SEOCOMPOTX>
     <CMPNAME>MOVE_MULTI</CMPNAME>
     <LANGU>E</LANGU>
     <DESCRIPT>MOVE or UNPACK a HUs</DESCRIPT>
    </SEOCOMPOTX>
    <SEOCOMPOTX>
     <CMPNAME>READ</CMPNAME>
     <LANGU>E</LANGU>
     <DESCRIPT>READ header, item(s),tree(s),ref(s),ident(s) of HU</DESCRIPT>
    </SEOCOMPOTX>
    <SEOCOMPOTX>
     <CMPNAME>READ_BY_IDENT</CMPNAME>
     <LANGU>E</LANGU>
     <DESCRIPT>READ Handling Units by alternative identification</DESCRIPT>
    </SEOCOMPOTX>
    <SEOCOMPOTX>
     <CMPNAME>READ_HUHDR</CMPNAME>
     <LANGU>E</LANGU>
     <DESCRIPT>READ header data of a Handling Unit</DESCRIPT>
    </SEOCOMPOTX>
    <SEOCOMPOTX>
     <CMPNAME>READ_HUHDR_MULTI</CMPNAME>
     <LANGU>E</LANGU>
     <DESCRIPT>READ header data of Handling Units</DESCRIPT>
    </SEOCOMPOTX>
    <SEOCOMPOTX>
     <CMPNAME>READ_HUITM</CMPNAME>
     <LANGU>E</LANGU>
     <DESCRIPT>READ items (stock) of a Handling Unit</DESCRIPT>
    </SEOCOMPOTX>
    <SEOCOMPOTX>
     <CMPNAME>READ_IDENT</CMPNAME>
     <LANGU>E</LANGU>
     <DESCRIPT>Read alternative identifications</DESCRIPT>
    </SEOCOMPOTX>
    <SEOCOMPOTX>
     <CMPNAME>READ_IDENT_BY_RANGE</CMPNAME>
     <LANGU>E</LANGU>
     <DESCRIPT>READ alternative identifications using range criteria</DESCRIPT>
    </SEOCOMPOTX>
    <SEOCOMPOTX>
     <CMPNAME>READ_MULTI</CMPNAME>
     <LANGU>E</LANGU>
     <DESCRIPT>READ header(s), item(s),tree(s),ref(s),ident(s) of HU(s)</DESCRIPT>
    </SEOCOMPOTX>
    <SEOCOMPOTX>
     <CMPNAME>READ_STATUS</CMPNAME>
     <LANGU>E</LANGU>
     <DESCRIPT>READ status of a Handling Units</DESCRIPT>
    </SEOCOMPOTX>
    <SEOCOMPOTX>
     <CMPNAME>READ_STATUS_ALL</CMPNAME>
     <LANGU>E</LANGU>
     <DESCRIPT>READ all status of a Handling Units</DESCRIPT>
    </SEOCOMPOTX>
    <SEOCOMPOTX>
     <CMPNAME>REMOVE_IDENT</CMPNAME>
     <LANGU>E</LANGU>
     <DESCRIPT>Remove alternative HU identification</DESCRIPT>
    </SEOCOMPOTX>
    <SEOCOMPOTX>
     <CMPNAME>REPLACE_IDENT_REASON</CMPNAME>
     <LANGU>E</LANGU>
     <DESCRIPT>Replace Ident for Reason Description</DESCRIPT>
    </SEOCOMPOTX>
    <SEOCOMPOTX>
     <CMPNAME>SET_IDENT</CMPNAME>
     <LANGU>E</LANGU>
     <DESCRIPT>SET alternative HU identification</DESCRIPT>
    </SEOCOMPOTX>
    <SEOCOMPOTX>
     <CMPNAME>SET_IDENT_BUFFER</CMPNAME>
     <LANGU>E</LANGU>
     <DESCRIPT>SET alternative HU identification (only buffer)</DESCRIPT>
    </SEOCOMPOTX>
    <SEOCOMPOTX>
     <CMPNAME>SET_STATUS_INT</CMPNAME>
     <LANGU>E</LANGU>
     <DESCRIPT>SET HU status (only buffer)</DESCRIPT>
    </SEOCOMPOTX>
    <SEOCOMPOTX>
     <CMPNAME>SET_STATUS_USER</CMPNAME>
     <LANGU>E</LANGU>
     <DESCRIPT>SET HU User Status</DESCRIPT>
    </SEOCOMPOTX>
    <SEOCOMPOTX>
     <CMPNAME>SR_SINGLETON</CMPNAME>
     <LANGU>E</LANGU>
     <DESCRIPT>DB class for: Handling Unit.</DESCRIPT>
    </SEOCOMPOTX>
   </DESCRIPTIONS>
   <DESCRIPTIONS_SUB>
    <SEOSUBCOTX>
     <CMPNAME>CHANGE</CMPNAME>
     <SCONAME>ES_HUHDR</SCONAME>
     <LANGU>E</LANGU>
     <DESCRIPT>Internal Structure for Processing HU Headers</DESCRIPT>
    </SEOSUBCOTX>
    <SEOSUBCOTX>
     <CMPNAME>CHANGE</CMPNAME>
     <SCONAME>IR_WM_PACKING</SCONAME>
     <LANGU>E</LANGU>
     <DESCRIPT>Packing in WM with Immediately Confirmed Transfer Orders</DESCRIPT>
    </SEOSUBCOTX>
    <SEOSUBCOTX>
     <CMPNAME>CHANGE</CMPNAME>
     <SCONAME>IS_HUHDR</SCONAME>
     <LANGU>E</LANGU>
     <DESCRIPT>Internal Structure for Processing HU Headers</DESCRIPT>
    </SEOSUBCOTX>
    <SEOSUBCOTX>
     <CMPNAME>CHANGE</CMPNAME>
     <SCONAME>IV_CHECK</SCONAME>
     <LANGU>E</LANGU>
     <DESCRIPT>Checkbox</DESCRIPT>
    </SEOSUBCOTX>
    <SEOSUBCOTX>
     <CMPNAME>CHANGE</CMPNAME>
     <SCONAME>IV_CLEANUP</SCONAME>
     <LANGU>E</LANGU>
     <DESCRIPT>Checkbox</DESCRIPT>
    </SEOSUBCOTX>
    <SEOSUBCOTX>
     <CMPNAME>CHANGE</CMPNAME>
     <SCONAME>IV_COMMIT</SCONAME>
     <LANGU>E</LANGU>
     <DESCRIPT>Checkbox</DESCRIPT>
    </SEOSUBCOTX>
    <SEOSUBCOTX>
     <CMPNAME>CHANGE</CMPNAME>
     <SCONAME>IV_INIT_PACK</SCONAME>
     <LANGU>E</LANGU>
     <DESCRIPT>Checkbox</DESCRIPT>
    </SEOSUBCOTX>
    <SEOSUBCOTX>
     <CMPNAME>CHANGE</CMPNAME>
     <SCONAME>IV_SAVE</SCONAME>
     <LANGU>E</LANGU>
     <DESCRIPT>Checkbox</DESCRIPT>
    </SEOSUBCOTX>
    <SEOSUBCOTX>
     <CMPNAME>CHANGE</CMPNAME>
     <SCONAME>ZCX_EWM_BASE_DB</SCONAME>
     <LANGU>E</LANGU>
     <DESCRIPT>Class for exceptions: DB Access Error</DESCRIPT>
    </SEOSUBCOTX>
    <SEOSUBCOTX>
     <CMPNAME>CHANGE_HU_HDR</CMPNAME>
     <SCONAME>ES_HUHDR</SCONAME>
     <LANGU>E</LANGU>
     <DESCRIPT>Internal Structure for Processing HU Headers</DESCRIPT>
    </SEOSUBCOTX>
    <SEOSUBCOTX>
     <CMPNAME>CHANGE_HU_HDR</CMPNAME>
     <SCONAME>IS_HUHDR</SCONAME>
     <LANGU>E</LANGU>
     <DESCRIPT>Internal Structure for Processing HU Headers</DESCRIPT>
    </SEOSUBCOTX>
    <SEOSUBCOTX>
     <CMPNAME>CHANGE_HU_HDR</CMPNAME>
     <SCONAME>IV_CHECK</SCONAME>
     <LANGU>E</LANGU>
     <DESCRIPT>Checkbox</DESCRIPT>
    </SEOSUBCOTX>
    <SEOSUBCOTX>
     <CMPNAME>CHANGE_HU_HDR</CMPNAME>
     <SCONAME>IV_COMMIT</SCONAME>
     <LANGU>E</LANGU>
     <DESCRIPT>Checkbox</DESCRIPT>
    </SEOSUBCOTX>
    <SEOSUBCOTX>
     <CMPNAME>CHANGE_HU_HDR</CMPNAME>
     <SCONAME>IV_SAVE</SCONAME>
     <LANGU>E</LANGU>
     <DESCRIPT>Checkbox</DESCRIPT>
    </SEOSUBCOTX>
    <SEOSUBCOTX>
     <CMPNAME>CHANGE_HU_HDR</CMPNAME>
     <SCONAME>IV_WAIT</SCONAME>
     <LANGU>E</LANGU>
     <DESCRIPT>Checkbox</DESCRIPT>
    </SEOSUBCOTX>
    <SEOSUBCOTX>
     <CMPNAME>CREATE</CMPNAME>
     <SCONAME>IR_PACK</SCONAME>
     <LANGU>E</LANGU>
     <DESCRIPT>Packing: Basics</DESCRIPT>
    </SEOSUBCOTX>
    <SEOSUBCOTX>
     <CMPNAME>CREATE</CMPNAME>
     <SCONAME>IV_CLEANUP</SCONAME>
     <LANGU>E</LANGU>
     <DESCRIPT>Checkbox</DESCRIPT>
    </SEOSUBCOTX>
    <SEOSUBCOTX>
     <CMPNAME>CREATE</CMPNAME>
     <SCONAME>IV_COMMIT</SCONAME>
     <LANGU>E</LANGU>
     <DESCRIPT>Checkbox</DESCRIPT>
    </SEOSUBCOTX>
    <SEOSUBCOTX>
     <CMPNAME>CREATE</CMPNAME>
     <SCONAME>IV_HUIDENT</SCONAME>
     <LANGU>E</LANGU>
     <DESCRIPT>Handling Unit Identification</DESCRIPT>
    </SEOSUBCOTX>
    <SEOSUBCOTX>
     <CMPNAME>CREATE</CMPNAME>
     <SCONAME>IV_INIT_PACK</SCONAME>
     <LANGU>E</LANGU>
     <DESCRIPT>Checkbox</DESCRIPT>
    </SEOSUBCOTX>
    <SEOSUBCOTX>
     <CMPNAME>CREATE</CMPNAME>
     <SCONAME>IV_LGNUM</SCONAME>
     <LANGU>E</LANGU>
     <DESCRIPT>Warehouse Number/Warehouse Complex</DESCRIPT>
    </SEOSUBCOTX>
    <SEOSUBCOTX>
     <CMPNAME>CREATE</CMPNAME>
     <SCONAME>IV_LGPLA</SCONAME>
     <LANGU>E</LANGU>
     <DESCRIPT>Storage Bin</DESCRIPT>
    </SEOSUBCOTX>
    <SEOSUBCOTX>
     <CMPNAME>CREATE</CMPNAME>
     <SCONAME>IV_PMAT</SCONAME>
     <LANGU>E</LANGU>
     <DESCRIPT>Product</DESCRIPT>
    </SEOSUBCOTX>
    <SEOSUBCOTX>
     <CMPNAME>CREATE</CMPNAME>
     <SCONAME>IV_SAVE</SCONAME>
     <LANGU>E</LANGU>
     <DESCRIPT>Checkbox</DESCRIPT>
    </SEOSUBCOTX>
    <SEOSUBCOTX>
     <CMPNAME>CREATE</CMPNAME>
     <SCONAME>RS_HUHDR</SCONAME>
     <LANGU>E</LANGU>
     <DESCRIPT>Internal Structure for Processing HU Headers</DESCRIPT>
    </SEOSUBCOTX>
    <SEOSUBCOTX>
     <CMPNAME>CREATE</CMPNAME>
     <SCONAME>ZCX_EWM_BASE_DB</SCONAME>
     <LANGU>E</LANGU>
     <DESCRIPT>Class for exceptions: DB Access Error</DESCRIPT>
    </SEOSUBCOTX>
    <SEOSUBCOTX>
     <CMPNAME>DELETE</CMPNAME>
     <SCONAME>IR_PACK</SCONAME>
     <LANGU>E</LANGU>
     <DESCRIPT>Packing: Basics</DESCRIPT>
    </SEOSUBCOTX>
    <SEOSUBCOTX>
     <CMPNAME>DELETE</CMPNAME>
     <SCONAME>IV_CLEANUP</SCONAME>
     <LANGU>E</LANGU>
     <DESCRIPT>Checkbox</DESCRIPT>
    </SEOSUBCOTX>
    <SEOSUBCOTX>
     <CMPNAME>DELETE</CMPNAME>
     <SCONAME>IV_COMMIT</SCONAME>
     <LANGU>E</LANGU>
     <DESCRIPT>Checkbox</DESCRIPT>
    </SEOSUBCOTX>
    <SEOSUBCOTX>
     <CMPNAME>DELETE</CMPNAME>
     <SCONAME>IV_GUID_HU</SCONAME>
     <LANGU>E</LANGU>
     <DESCRIPT>Unique Internal Identification of a Handling Unit</DESCRIPT>
    </SEOSUBCOTX>
    <SEOSUBCOTX>
     <CMPNAME>DELETE</CMPNAME>
     <SCONAME>IV_HUIDENT</SCONAME>
     <LANGU>E</LANGU>
     <DESCRIPT>Handling Unit Identification</DESCRIPT>
    </SEOSUBCOTX>
    <SEOSUBCOTX>
     <CMPNAME>DELETE</CMPNAME>
     <SCONAME>IV_INIT_PACK</SCONAME>
     <LANGU>E</LANGU>
     <DESCRIPT>Checkbox</DESCRIPT>
    </SEOSUBCOTX>
    <SEOSUBCOTX>
     <CMPNAME>DELETE</CMPNAME>
     <SCONAME>IV_LGNUM</SCONAME>
     <LANGU>E</LANGU>
     <DESCRIPT>Warehouse Number/Warehouse Complex</DESCRIPT>
    </SEOSUBCOTX>
    <SEOSUBCOTX>
     <CMPNAME>DELETE</CMPNAME>
     <SCONAME>IV_SAVE</SCONAME>
     <LANGU>E</LANGU>
     <DESCRIPT>Checkbox</DESCRIPT>
    </SEOSUBCOTX>
    <SEOSUBCOTX>
     <CMPNAME>DELETE</CMPNAME>
     <SCONAME>ZCX_EWM_BASE_DB</SCONAME>
     <LANGU>E</LANGU>
     <DESCRIPT>Class for exceptions: DB Access Error</DESCRIPT>
    </SEOSUBCOTX>
    <SEOSUBCOTX>
     <CMPNAME>GET_HUHDR</CMPNAME>
     <SCONAME>IV_APPL</SCONAME>
     <LANGU>E</LANGU>
     <DESCRIPT>Handling Unit Application</DESCRIPT>
    </SEOSUBCOTX>
    <SEOSUBCOTX>
     <CMPNAME>GET_HUHDR</CMPNAME>
     <SCONAME>IV_BUFFER_ONLY</SCONAME>
     <LANGU>E</LANGU>
     <DESCRIPT>Checkbox</DESCRIPT>
    </SEOSUBCOTX>
    <SEOSUBCOTX>
     <CMPNAME>GET_HUHDR</CMPNAME>
     <SCONAME>IV_GUID_HU</SCONAME>
     <LANGU>E</LANGU>
     <DESCRIPT>Unique Internal Identification of a Handling Unit</DESCRIPT>
    </SEOSUBCOTX>
    <SEOSUBCOTX>
     <CMPNAME>GET_HUHDR</CMPNAME>
     <SCONAME>IV_HUIDENT</SCONAME>
     <LANGU>E</LANGU>
     <DESCRIPT>Handling Unit Identification</DESCRIPT>
    </SEOSUBCOTX>
    <SEOSUBCOTX>
     <CMPNAME>GET_HUHDR</CMPNAME>
     <SCONAME>IV_LGNUM</SCONAME>
     <LANGU>E</LANGU>
     <DESCRIPT>Warehouse Number/Warehouse Complex</DESCRIPT>
    </SEOSUBCOTX>
    <SEOSUBCOTX>
     <CMPNAME>GET_HUHDR</CMPNAME>
     <SCONAME>IV_LOCK_MODE</SCONAME>
     <LANGU>E</LANGU>
     <DESCRIPT>Lock mode</DESCRIPT>
    </SEOSUBCOTX>
    <SEOSUBCOTX>
     <CMPNAME>GET_HUHDR</CMPNAME>
     <SCONAME>IV_LOCK_WAIT</SCONAME>
     <LANGU>E</LANGU>
     <DESCRIPT>Flag indicating whether lock attempt is to be repeated</DESCRIPT>
    </SEOSUBCOTX>
    <SEOSUBCOTX>
     <CMPNAME>GET_HUHDR</CMPNAME>
     <SCONAME>RS_HUHDR</SCONAME>
     <LANGU>E</LANGU>
     <DESCRIPT>Internal Structure for Processing HU Headers</DESCRIPT>
    </SEOSUBCOTX>
    <SEOSUBCOTX>
     <CMPNAME>GET_HUHDR</CMPNAME>
     <SCONAME>ZCX_EWM_BASE_DB</SCONAME>
     <LANGU>E</LANGU>
     <DESCRIPT>Class for exceptions: DB Access Error</DESCRIPT>
    </SEOSUBCOTX>
    <SEOSUBCOTX>
     <CMPNAME>GET_HUITM</CMPNAME>
     <SCONAME>ET_HUITM</SCONAME>
     <LANGU>E</LANGU>
     <DESCRIPT>Material Items in the HU</DESCRIPT>
    </SEOSUBCOTX>
    <SEOSUBCOTX>
     <CMPNAME>GET_HUITM</CMPNAME>
     <SCONAME>IV_APPL</SCONAME>
     <LANGU>E</LANGU>
     <DESCRIPT>Handling Unit Application</DESCRIPT>
    </SEOSUBCOTX>
    <SEOSUBCOTX>
     <CMPNAME>GET_HUITM</CMPNAME>
     <SCONAME>IV_GUID_HU</SCONAME>
     <LANGU>E</LANGU>
     <DESCRIPT>Unique Internal Identification of a Handling Unit</DESCRIPT>
    </SEOSUBCOTX>
    <SEOSUBCOTX>
     <CMPNAME>GET_HUITM</CMPNAME>
     <SCONAME>IV_HUIDENT</SCONAME>
     <LANGU>E</LANGU>
     <DESCRIPT>Handling Unit Identification</DESCRIPT>
    </SEOSUBCOTX>
    <SEOSUBCOTX>
     <CMPNAME>GET_HUITM</CMPNAME>
     <SCONAME>IV_LGNUM</SCONAME>
     <LANGU>E</LANGU>
     <DESCRIPT>Warehouse Number/Warehouse Complex</DESCRIPT>
    </SEOSUBCOTX>
    <SEOSUBCOTX>
     <CMPNAME>GET_HUITM</CMPNAME>
     <SCONAME>ZCX_EWM_BASE_DB</SCONAME>
     <LANGU>E</LANGU>
     <DESCRIPT>Class for exceptions: DB Access Error</DESCRIPT>
    </SEOSUBCOTX>
    <SEOSUBCOTX>
     <CMPNAME>GET_IDENT_REASON</CMPNAME>
     <SCONAME>IV_BUFFER_ONLY</SCONAME>
     <LANGU>E</LANGU>
     <DESCRIPT>Checkbox</DESCRIPT>
    </SEOSUBCOTX>
    <SEOSUBCOTX>
     <CMPNAME>GET_IDENT_REASON</CMPNAME>
     <SCONAME>IV_GUID_HU</SCONAME>
     <LANGU>E</LANGU>
     <DESCRIPT>Unique Internal Identification of a Handling Unit</DESCRIPT>
    </SEOSUBCOTX>
    <SEOSUBCOTX>
     <CMPNAME>GET_IDENT_REASON</CMPNAME>
     <SCONAME>IV_HUIDENT</SCONAME>
     <LANGU>E</LANGU>
     <DESCRIPT>Handling Unit Identification</DESCRIPT>
    </SEOSUBCOTX>
    <SEOSUBCOTX>
     <CMPNAME>GET_IDENT_REASON</CMPNAME>
     <SCONAME>IV_LGNUM</SCONAME>
     <LANGU>E</LANGU>
     <DESCRIPT>Warehouse Number/Warehouse Complex</DESCRIPT>
    </SEOSUBCOTX>
    <SEOSUBCOTX>
     <CMPNAME>GET_IDENT_REASON</CMPNAME>
     <SCONAME>ZCX_EWM_BASE_DB</SCONAME>
     <LANGU>E</LANGU>
     <DESCRIPT>Class for exceptions: DB Access Error</DESCRIPT>
    </SEOSUBCOTX>
    <SEOSUBCOTX>
     <CMPNAME>GET_INSTANCE</CMPNAME>
     <SCONAME>RR_SINGLETON</SCONAME>
     <LANGU>E</LANGU>
     <DESCRIPT>DB class for: Handling Unit.</DESCRIPT>
    </SEOSUBCOTX>
    <SEOSUBCOTX>
     <CMPNAME>GET_STATUS</CMPNAME>
     <SCONAME>IV_GUID_HU</SCONAME>
     <LANGU>E</LANGU>
     <DESCRIPT>Unique Internal Identification of a Handling Unit</DESCRIPT>
    </SEOSUBCOTX>
    <SEOSUBCOTX>
     <CMPNAME>GET_STATUS</CMPNAME>
     <SCONAME>IV_STAT</SCONAME>
     <LANGU>E</LANGU>
     <DESCRIPT>Object Status</DESCRIPT>
    </SEOSUBCOTX>
    <SEOSUBCOTX>
     <CMPNAME>GET_STATUS</CMPNAME>
     <SCONAME>RS_HUSTATUS</SCONAME>
     <LANGU>E</LANGU>
     <DESCRIPT>Status Processing</DESCRIPT>
    </SEOSUBCOTX>
    <SEOSUBCOTX>
     <CMPNAME>GET_STATUS</CMPNAME>
     <SCONAME>ZCX_EWM_BASE_DB</SCONAME>
     <LANGU>E</LANGU>
     <DESCRIPT>Class for exceptions: DB Access Error</DESCRIPT>
    </SEOSUBCOTX>
    <SEOSUBCOTX>
     <CMPNAME>GET_USER_STATUS_ACTIV</CMPNAME>
     <SCONAME>IV_GUID_HU</SCONAME>
     <LANGU>E</LANGU>
     <DESCRIPT>Unique Internal Identification of a Handling Unit</DESCRIPT>
    </SEOSUBCOTX>
    <SEOSUBCOTX>
     <CMPNAME>GET_USER_STATUS_ACTIV</CMPNAME>
     <SCONAME>RV_HUSTATUS</SCONAME>
     <LANGU>E</LANGU>
     <DESCRIPT>Object status</DESCRIPT>
    </SEOSUBCOTX>
    <SEOSUBCOTX>
     <CMPNAME>GET_USER_STATUS_ACTIV</CMPNAME>
     <SCONAME>ZCX_EWM_BASE_DB</SCONAME>
     <LANGU>E</LANGU>
     <DESCRIPT>Class for exceptions: DB Access Error</DESCRIPT>
    </SEOSUBCOTX>
    <SEOSUBCOTX>
     <CMPNAME>GET_USER_STATUS_TEXT</CMPNAME>
     <SCONAME>EV_TXT_LONG</SCONAME>
     <LANGU>E</LANGU>
     <DESCRIPT>Object status</DESCRIPT>
    </SEOSUBCOTX>
    <SEOSUBCOTX>
     <CMPNAME>GET_USER_STATUS_TEXT</CMPNAME>
     <SCONAME>EV_TXT_SHORT</SCONAME>
     <LANGU>E</LANGU>
     <DESCRIPT>Individual status of an object (short form)</DESCRIPT>
    </SEOSUBCOTX>
    <SEOSUBCOTX>
     <CMPNAME>GET_USER_STATUS_TEXT</CMPNAME>
     <SCONAME>IV_GUID_HU</SCONAME>
     <LANGU>E</LANGU>
     <DESCRIPT>Unique Internal Identification of a Handling Unit</DESCRIPT>
    </SEOSUBCOTX>
    <SEOSUBCOTX>
     <CMPNAME>GET_USER_STATUS_TEXT</CMPNAME>
     <SCONAME>IV_STATUS</SCONAME>
     <LANGU>E</LANGU>
     <DESCRIPT>Object status</DESCRIPT>
    </SEOSUBCOTX>
    <SEOSUBCOTX>
     <CMPNAME>GET_USER_STATUS_TEXT</CMPNAME>
     <SCONAME>ZCX_EWM_BASE_DB</SCONAME>
     <LANGU>E</LANGU>
     <DESCRIPT>Class for exceptions: DB Access Error</DESCRIPT>
    </SEOSUBCOTX>
    <SEOSUBCOTX>
     <CMPNAME>INIT</CMPNAME>
     <SCONAME>IT_GUID_HU</SCONAME>
     <LANGU>E</LANGU>
     <DESCRIPT>Table of HU GUIDs</DESCRIPT>
    </SEOSUBCOTX>
    <SEOSUBCOTX>
     <CMPNAME>INIT</CMPNAME>
     <SCONAME>IV_GUID_HU</SCONAME>
     <LANGU>E</LANGU>
     <DESCRIPT>Unique Internal Identification of a Handling Unit</DESCRIPT>
    </SEOSUBCOTX>
    <SEOSUBCOTX>
     <CMPNAME>MOVE</CMPNAME>
     <SCONAME>IR_WM_PACKING</SCONAME>
     <LANGU>E</LANGU>
     <DESCRIPT>Packing in WM with Immediately Confirmed Transfer Orders</DESCRIPT>
    </SEOSUBCOTX>
    <SEOSUBCOTX>
     <CMPNAME>MOVE</CMPNAME>
     <SCONAME>IV_CLEANUP</SCONAME>
     <LANGU>E</LANGU>
     <DESCRIPT>Checkbox</DESCRIPT>
    </SEOSUBCOTX>
    <SEOSUBCOTX>
     <CMPNAME>MOVE</CMPNAME>
     <SCONAME>IV_COMMIT</SCONAME>
     <LANGU>E</LANGU>
     <DESCRIPT>Checkbox</DESCRIPT>
    </SEOSUBCOTX>
    <SEOSUBCOTX>
     <CMPNAME>MOVE</CMPNAME>
     <SCONAME>IV_GUID_HU</SCONAME>
     <LANGU>E</LANGU>
     <DESCRIPT>Unique Internal Identification of a Handling Unit</DESCRIPT>
    </SEOSUBCOTX>
    <SEOSUBCOTX>
     <CMPNAME>MOVE</CMPNAME>
     <SCONAME>IV_HUIDENT</SCONAME>
     <LANGU>E</LANGU>
     <DESCRIPT>Handling Unit Identification</DESCRIPT>
    </SEOSUBCOTX>
    <SEOSUBCOTX>
     <CMPNAME>MOVE</CMPNAME>
     <SCONAME>IV_INIT_PACK</SCONAME>
     <LANGU>E</LANGU>
     <DESCRIPT>Checkbox</DESCRIPT>
    </SEOSUBCOTX>
    <SEOSUBCOTX>
     <CMPNAME>MOVE</CMPNAME>
     <SCONAME>IV_LGNUM</SCONAME>
     <LANGU>E</LANGU>
     <DESCRIPT>Warehouse Number/Warehouse Complex</DESCRIPT>
    </SEOSUBCOTX>
    <SEOSUBCOTX>
     <CMPNAME>MOVE</CMPNAME>
     <SCONAME>IV_LGPLA</SCONAME>
     <LANGU>E</LANGU>
     <DESCRIPT>Storage Bin</DESCRIPT>
    </SEOSUBCOTX>
    <SEOSUBCOTX>
     <CMPNAME>MOVE</CMPNAME>
     <SCONAME>IV_SAVE</SCONAME>
     <LANGU>E</LANGU>
     <DESCRIPT>Checkbox</DESCRIPT>
    </SEOSUBCOTX>
    <SEOSUBCOTX>
     <CMPNAME>MOVE</CMPNAME>
     <SCONAME>ZCX_EWM_BASE_DB</SCONAME>
     <LANGU>E</LANGU>
     <DESCRIPT>Class for exceptions: DB Access Error</DESCRIPT>
    </SEOSUBCOTX>
    <SEOSUBCOTX>
     <CMPNAME>MOVE_MULTI</CMPNAME>
     <SCONAME>IR_WM_PACKING</SCONAME>
     <LANGU>E</LANGU>
     <DESCRIPT>Packing in WM with Immediately Confirmed Transfer Orders</DESCRIPT>
    </SEOSUBCOTX>
    <SEOSUBCOTX>
     <CMPNAME>MOVE_MULTI</CMPNAME>
     <SCONAME>IT_GUID_HU</SCONAME>
     <LANGU>E</LANGU>
     <DESCRIPT>Table of HU GUIDs</DESCRIPT>
    </SEOSUBCOTX>
    <SEOSUBCOTX>
     <CMPNAME>MOVE_MULTI</CMPNAME>
     <SCONAME>IT_HUIDENT</SCONAME>
     <LANGU>E</LANGU>
     <DESCRIPT>Table with Identifications</DESCRIPT>
    </SEOSUBCOTX>
    <SEOSUBCOTX>
     <CMPNAME>MOVE_MULTI</CMPNAME>
     <SCONAME>IV_CLEANUP</SCONAME>
     <LANGU>E</LANGU>
     <DESCRIPT>Checkbox</DESCRIPT>
    </SEOSUBCOTX>
    <SEOSUBCOTX>
     <CMPNAME>MOVE_MULTI</CMPNAME>
     <SCONAME>IV_COMMIT</SCONAME>
     <LANGU>E</LANGU>
     <DESCRIPT>Checkbox</DESCRIPT>
    </SEOSUBCOTX>
    <SEOSUBCOTX>
     <CMPNAME>MOVE_MULTI</CMPNAME>
     <SCONAME>IV_INIT_PACK</SCONAME>
     <LANGU>E</LANGU>
     <DESCRIPT>Checkbox</DESCRIPT>
    </SEOSUBCOTX>
    <SEOSUBCOTX>
     <CMPNAME>MOVE_MULTI</CMPNAME>
     <SCONAME>IV_LGNUM</SCONAME>
     <LANGU>E</LANGU>
     <DESCRIPT>Warehouse Number/Warehouse Complex</DESCRIPT>
    </SEOSUBCOTX>
    <SEOSUBCOTX>
     <CMPNAME>MOVE_MULTI</CMPNAME>
     <SCONAME>IV_LGPLA</SCONAME>
     <LANGU>E</LANGU>
     <DESCRIPT>Storage Bin</DESCRIPT>
    </SEOSUBCOTX>
    <SEOSUBCOTX>
     <CMPNAME>MOVE_MULTI</CMPNAME>
     <SCONAME>IV_SAVE</SCONAME>
     <LANGU>E</LANGU>
     <DESCRIPT>Checkbox</DESCRIPT>
    </SEOSUBCOTX>
    <SEOSUBCOTX>
     <CMPNAME>MOVE_MULTI</CMPNAME>
     <SCONAME>ZCX_EWM_BASE_DB</SCONAME>
     <LANGU>E</LANGU>
     <DESCRIPT>Class for exceptions: DB Access Error</DESCRIPT>
    </SEOSUBCOTX>
    <SEOSUBCOTX>
     <CMPNAME>READ</CMPNAME>
     <SCONAME>ES_HUHDR</SCONAME>
     <LANGU>E</LANGU>
     <DESCRIPT>Internal Structure for Processing HU Headers</DESCRIPT>
    </SEOSUBCOTX>
    <SEOSUBCOTX>
     <CMPNAME>READ</CMPNAME>
     <SCONAME>ET_HIGH</SCONAME>
     <LANGU>E</LANGU>
     <DESCRIPT>Table Type for HU Headers in the Internal Structure</DESCRIPT>
    </SEOSUBCOTX>
    <SEOSUBCOTX>
     <CMPNAME>READ</CMPNAME>
     <SCONAME>ET_HUITM</SCONAME>
     <LANGU>E</LANGU>
     <DESCRIPT>Material Items in the HU</DESCRIPT>
    </SEOSUBCOTX>
    <SEOSUBCOTX>
     <CMPNAME>READ</CMPNAME>
     <SCONAME>ET_HUREF</SCONAME>
     <LANGU>E</LANGU>
     <DESCRIPT>Table with HU References</DESCRIPT>
    </SEOSUBCOTX>
    <SEOSUBCOTX>
     <CMPNAME>READ</CMPNAME>
     <SCONAME>ET_HUTREE</SCONAME>
     <LANGU>E</LANGU>
     <DESCRIPT>Table of HU Hierarchy Entries</DESCRIPT>
    </SEOSUBCOTX>
    <SEOSUBCOTX>
     <CMPNAME>READ</CMPNAME>
     <SCONAME>ET_IDENT</SCONAME>
     <LANGU>E</LANGU>
     <DESCRIPT>Table of Identifications for a HU</DESCRIPT>
    </SEOSUBCOTX>
    <SEOSUBCOTX>
     <CMPNAME>READ</CMPNAME>
     <SCONAME>IS_HUIDENT</SCONAME>
     <LANGU>E</LANGU>
     <DESCRIPT>HU Identification</DESCRIPT>
    </SEOSUBCOTX>
    <SEOSUBCOTX>
     <CMPNAME>READ</CMPNAME>
     <SCONAME>IV_GUID_HU</SCONAME>
     <LANGU>E</LANGU>
     <DESCRIPT>Unique Internal Identification of a Handling Unit</DESCRIPT>
    </SEOSUBCOTX>
    <SEOSUBCOTX>
     <CMPNAME>READ</CMPNAME>
     <SCONAME>ZCX_EWM_BASE_DB</SCONAME>
     <LANGU>E</LANGU>
     <DESCRIPT>Class for exceptions: DB Access Error</DESCRIPT>
    </SEOSUBCOTX>
    <SEOSUBCOTX>
     <CMPNAME>READ_BY_IDENT</CMPNAME>
     <SCONAME>ET_GUID_HU</SCONAME>
     <LANGU>E</LANGU>
     <DESCRIPT>Table of HU GUIDs</DESCRIPT>
    </SEOSUBCOTX>
    <SEOSUBCOTX>
     <CMPNAME>READ_BY_IDENT</CMPNAME>
     <SCONAME>ET_HUHDR</SCONAME>
     <LANGU>E</LANGU>
     <DESCRIPT>Table Type for HU Headers in the Internal Structure</DESCRIPT>
    </SEOSUBCOTX>
    <SEOSUBCOTX>
     <CMPNAME>READ_BY_IDENT</CMPNAME>
     <SCONAME>IV_IDART</SCONAME>
     <LANGU>E</LANGU>
     <DESCRIPT>Identification Type</DESCRIPT>
    </SEOSUBCOTX>
    <SEOSUBCOTX>
     <CMPNAME>READ_BY_IDENT</CMPNAME>
     <SCONAME>IV_IDENT</SCONAME>
     <LANGU>E</LANGU>
     <DESCRIPT>Alternative Handling Unit Identification</DESCRIPT>
    </SEOSUBCOTX>
    <SEOSUBCOTX>
     <CMPNAME>READ_BY_IDENT</CMPNAME>
     <SCONAME>IV_LGNUM</SCONAME>
     <LANGU>E</LANGU>
     <DESCRIPT>Warehouse Number/Warehouse Complex</DESCRIPT>
    </SEOSUBCOTX>
    <SEOSUBCOTX>
     <CMPNAME>READ_BY_IDENT</CMPNAME>
     <SCONAME>ZCX_EWM_BASE_DB</SCONAME>
     <LANGU>E</LANGU>
     <DESCRIPT>Exporting</DESCRIPT>
    </SEOSUBCOTX>
    <SEOSUBCOTX>
     <CMPNAME>READ_HUHDR</CMPNAME>
     <SCONAME>IV_APPL</SCONAME>
     <LANGU>E</LANGU>
     <DESCRIPT>Handling Unit Application</DESCRIPT>
    </SEOSUBCOTX>
    <SEOSUBCOTX>
     <CMPNAME>READ_HUHDR</CMPNAME>
     <SCONAME>IV_GUID_HU</SCONAME>
     <LANGU>E</LANGU>
     <DESCRIPT>Unique Internal Identification of a Handling Unit</DESCRIPT>
    </SEOSUBCOTX>
    <SEOSUBCOTX>
     <CMPNAME>READ_HUHDR</CMPNAME>
     <SCONAME>IV_HUIDENT</SCONAME>
     <LANGU>E</LANGU>
     <DESCRIPT>Handling Unit Identification</DESCRIPT>
    </SEOSUBCOTX>
    <SEOSUBCOTX>
     <CMPNAME>READ_HUHDR</CMPNAME>
     <SCONAME>IV_LGNUM</SCONAME>
     <LANGU>E</LANGU>
     <DESCRIPT>Warehouse Number/Warehouse Complex</DESCRIPT>
    </SEOSUBCOTX>
    <SEOSUBCOTX>
     <CMPNAME>READ_HUHDR</CMPNAME>
     <SCONAME>IV_LOCK_MODE</SCONAME>
     <LANGU>E</LANGU>
     <DESCRIPT>Lock mode</DESCRIPT>
    </SEOSUBCOTX>
    <SEOSUBCOTX>
     <CMPNAME>READ_HUHDR</CMPNAME>
     <SCONAME>IV_LOCK_WAIT</SCONAME>
     <LANGU>E</LANGU>
     <DESCRIPT>Flag indicating whether lock attempt is to be repeated</DESCRIPT>
    </SEOSUBCOTX>
    <SEOSUBCOTX>
     <CMPNAME>READ_HUHDR</CMPNAME>
     <SCONAME>IV_NOBUF</SCONAME>
     <LANGU>E</LANGU>
     <DESCRIPT>Checkbox</DESCRIPT>
    </SEOSUBCOTX>
    <SEOSUBCOTX>
     <CMPNAME>READ_HUHDR</CMPNAME>
     <SCONAME>RS_HUHDR</SCONAME>
     <LANGU>E</LANGU>
     <DESCRIPT>Internal Structure for Processing HU Headers</DESCRIPT>
    </SEOSUBCOTX>
    <SEOSUBCOTX>
     <CMPNAME>READ_HUHDR</CMPNAME>
     <SCONAME>ZCX_EWM_BASE_DB</SCONAME>
     <LANGU>E</LANGU>
     <DESCRIPT>Class for exceptions: DB Access Error</DESCRIPT>
    </SEOSUBCOTX>
    <SEOSUBCOTX>
     <CMPNAME>READ_HUHDR_MULTI</CMPNAME>
     <SCONAME>ET_HUHDR</SCONAME>
     <LANGU>E</LANGU>
     <DESCRIPT>Table Type for HU Headers in the Internal Structure</DESCRIPT>
    </SEOSUBCOTX>
    <SEOSUBCOTX>
     <CMPNAME>READ_HUHDR_MULTI</CMPNAME>
     <SCONAME>IT_GUID_HU</SCONAME>
     <LANGU>E</LANGU>
     <DESCRIPT>Table of HU GUIDs</DESCRIPT>
    </SEOSUBCOTX>
    <SEOSUBCOTX>
     <CMPNAME>READ_HUHDR_MULTI</CMPNAME>
     <SCONAME>IT_HUIDENT</SCONAME>
     <LANGU>E</LANGU>
     <DESCRIPT>Table with Identifications</DESCRIPT>
    </SEOSUBCOTX>
    <SEOSUBCOTX>
     <CMPNAME>READ_HUHDR_MULTI</CMPNAME>
     <SCONAME>IV_LGNUM</SCONAME>
     <LANGU>E</LANGU>
     <DESCRIPT>Warehouse Number/Warehouse Complex</DESCRIPT>
    </SEOSUBCOTX>
    <SEOSUBCOTX>
     <CMPNAME>READ_HUHDR_MULTI</CMPNAME>
     <SCONAME>IV_LOCK_MODE</SCONAME>
     <LANGU>E</LANGU>
     <DESCRIPT>Lock mode</DESCRIPT>
    </SEOSUBCOTX>
    <SEOSUBCOTX>
     <CMPNAME>READ_HUHDR_MULTI</CMPNAME>
     <SCONAME>IV_NOBUF</SCONAME>
     <LANGU>E</LANGU>
     <DESCRIPT>Checkbox</DESCRIPT>
    </SEOSUBCOTX>
    <SEOSUBCOTX>
     <CMPNAME>READ_HUHDR_MULTI</CMPNAME>
     <SCONAME>ZCX_EWM_BASE_DB</SCONAME>
     <LANGU>E</LANGU>
     <DESCRIPT>Class for exceptions: DB Access Error</DESCRIPT>
    </SEOSUBCOTX>
    <SEOSUBCOTX>
     <CMPNAME>READ_HUITM</CMPNAME>
     <SCONAME>ET_HUITM</SCONAME>
     <LANGU>E</LANGU>
     <DESCRIPT>Material Items in the HU</DESCRIPT>
    </SEOSUBCOTX>
    <SEOSUBCOTX>
     <CMPNAME>READ_HUITM</CMPNAME>
     <SCONAME>IV_APPL</SCONAME>
     <LANGU>E</LANGU>
     <DESCRIPT>Handling Unit Application</DESCRIPT>
    </SEOSUBCOTX>
    <SEOSUBCOTX>
     <CMPNAME>READ_HUITM</CMPNAME>
     <SCONAME>IV_GUID_HU</SCONAME>
     <LANGU>E</LANGU>
     <DESCRIPT>Unique Internal Identification of a Handling Unit</DESCRIPT>
    </SEOSUBCOTX>
    <SEOSUBCOTX>
     <CMPNAME>READ_HUITM</CMPNAME>
     <SCONAME>IV_HUIDENT</SCONAME>
     <LANGU>E</LANGU>
     <DESCRIPT>Handling Unit Identification</DESCRIPT>
    </SEOSUBCOTX>
    <SEOSUBCOTX>
     <CMPNAME>READ_HUITM</CMPNAME>
     <SCONAME>IV_LGNUM</SCONAME>
     <LANGU>E</LANGU>
     <DESCRIPT>Warehouse Number/Warehouse Complex</DESCRIPT>
    </SEOSUBCOTX>
    <SEOSUBCOTX>
     <CMPNAME>READ_HUITM</CMPNAME>
     <SCONAME>ZCX_EWM_BASE_DB</SCONAME>
     <LANGU>E</LANGU>
     <DESCRIPT>Class for exceptions: DB Access Error</DESCRIPT>
    </SEOSUBCOTX>
    <SEOSUBCOTX>
     <CMPNAME>READ_IDENT</CMPNAME>
     <SCONAME>IV_GUID_HU</SCONAME>
     <LANGU>E</LANGU>
     <DESCRIPT>Unique Internal Identification of a Handling Unit</DESCRIPT>
    </SEOSUBCOTX>
    <SEOSUBCOTX>
     <CMPNAME>READ_IDENT</CMPNAME>
     <SCONAME>IV_IDART</SCONAME>
     <LANGU>E</LANGU>
     <DESCRIPT>Identification Type</DESCRIPT>
    </SEOSUBCOTX>
    <SEOSUBCOTX>
     <CMPNAME>READ_IDENT</CMPNAME>
     <SCONAME>RS_HU_IDENT</SCONAME>
     <LANGU>E</LANGU>
     <DESCRIPT>Table of HU Identification Numbers</DESCRIPT>
    </SEOSUBCOTX>
    <SEOSUBCOTX>
     <CMPNAME>READ_IDENT</CMPNAME>
     <SCONAME>ZCX_EWM_BASE_DB</SCONAME>
     <LANGU>E</LANGU>
     <DESCRIPT>Class for exceptions: DB Access Error</DESCRIPT>
    </SEOSUBCOTX>
    <SEOSUBCOTX>
     <CMPNAME>READ_IDENT_BY_RANGE</CMPNAME>
     <SCONAME>IT_GUID_HU</SCONAME>
     <LANGU>E</LANGU>
     <DESCRIPT>SELECT-OPTIONS Table</DESCRIPT>
    </SEOSUBCOTX>
    <SEOSUBCOTX>
     <CMPNAME>READ_IDENT_BY_RANGE</CMPNAME>
     <SCONAME>IT_GUID_HU_2</SCONAME>
     <LANGU>E</LANGU>
     <DESCRIPT>Table of HU GUIDs</DESCRIPT>
    </SEOSUBCOTX>
    <SEOSUBCOTX>
     <CMPNAME>READ_IDENT_BY_RANGE</CMPNAME>
     <SCONAME>IT_IDART</SCONAME>
     <LANGU>E</LANGU>
     <DESCRIPT>SELECT-OPTIONS Table</DESCRIPT>
    </SEOSUBCOTX>
    <SEOSUBCOTX>
     <CMPNAME>READ_IDENT_BY_RANGE</CMPNAME>
     <SCONAME>IT_IDENT</SCONAME>
     <LANGU>E</LANGU>
     <DESCRIPT>SELECT-OPTIONS Table</DESCRIPT>
    </SEOSUBCOTX>
    <SEOSUBCOTX>
     <CMPNAME>READ_IDENT_BY_RANGE</CMPNAME>
     <SCONAME>IV_ALL</SCONAME>
     <LANGU>E</LANGU>
     <DESCRIPT>Checkbox</DESCRIPT>
    </SEOSUBCOTX>
    <SEOSUBCOTX>
     <CMPNAME>READ_IDENT_BY_RANGE</CMPNAME>
     <SCONAME>IV_GUID_HU</SCONAME>
     <LANGU>E</LANGU>
     <DESCRIPT>Unique Internal Identification of a Handling Unit</DESCRIPT>
    </SEOSUBCOTX>
    <SEOSUBCOTX>
     <CMPNAME>READ_IDENT_BY_RANGE</CMPNAME>
     <SCONAME>IV_IDART</SCONAME>
     <LANGU>E</LANGU>
     <DESCRIPT>Identification Type</DESCRIPT>
    </SEOSUBCOTX>
    <SEOSUBCOTX>
     <CMPNAME>READ_IDENT_BY_RANGE</CMPNAME>
     <SCONAME>IV_IDENT</SCONAME>
     <LANGU>E</LANGU>
     <DESCRIPT>Alternative Handling Unit Identification</DESCRIPT>
    </SEOSUBCOTX>
    <SEOSUBCOTX>
     <CMPNAME>READ_IDENT_BY_RANGE</CMPNAME>
     <SCONAME>RT_IDENT</SCONAME>
     <LANGU>E</LANGU>
     <DESCRIPT>Table of HU Identification Numbers</DESCRIPT>
    </SEOSUBCOTX>
    <SEOSUBCOTX>
     <CMPNAME>READ_IDENT_BY_RANGE</CMPNAME>
     <SCONAME>ZCX_EWM_BASE_DB</SCONAME>
     <LANGU>E</LANGU>
     <DESCRIPT>Class for exceptions: DB Access Error</DESCRIPT>
    </SEOSUBCOTX>
    <SEOSUBCOTX>
     <CMPNAME>READ_MULTI</CMPNAME>
     <SCONAME>ET_GUID_HU</SCONAME>
     <LANGU>E</LANGU>
     <DESCRIPT>Table of HU GUIDs</DESCRIPT>
    </SEOSUBCOTX>
    <SEOSUBCOTX>
     <CMPNAME>READ_MULTI</CMPNAME>
     <SCONAME>ET_HIGH</SCONAME>
     <LANGU>E</LANGU>
     <DESCRIPT>Table Type for HU Headers in the Internal Structure</DESCRIPT>
    </SEOSUBCOTX>
    <SEOSUBCOTX>
     <CMPNAME>READ_MULTI</CMPNAME>
     <SCONAME>ET_HUHDR</SCONAME>
     <LANGU>E</LANGU>
     <DESCRIPT>Table Type for HU Headers in the Internal Structure</DESCRIPT>
    </SEOSUBCOTX>
    <SEOSUBCOTX>
     <CMPNAME>READ_MULTI</CMPNAME>
     <SCONAME>ET_HUITM</SCONAME>
     <LANGU>E</LANGU>
     <DESCRIPT>Material Items in the HU</DESCRIPT>
    </SEOSUBCOTX>
    <SEOSUBCOTX>
     <CMPNAME>READ_MULTI</CMPNAME>
     <SCONAME>ET_HUREF</SCONAME>
     <LANGU>E</LANGU>
     <DESCRIPT>Table with HU References</DESCRIPT>
    </SEOSUBCOTX>
    <SEOSUBCOTX>
     <CMPNAME>READ_MULTI</CMPNAME>
     <SCONAME>ET_HUTREE</SCONAME>
     <LANGU>E</LANGU>
     <DESCRIPT>Table of HU Hierarchy Entries</DESCRIPT>
    </SEOSUBCOTX>
    <SEOSUBCOTX>
     <CMPNAME>READ_MULTI</CMPNAME>
     <SCONAME>ET_IDENT</SCONAME>
     <LANGU>E</LANGU>
     <DESCRIPT>Table of Identifications for a HU</DESCRIPT>
    </SEOSUBCOTX>
    <SEOSUBCOTX>
     <CMPNAME>READ_MULTI</CMPNAME>
     <SCONAME>IT_GUID_HU</SCONAME>
     <LANGU>E</LANGU>
     <DESCRIPT>Table of HU GUIDs</DESCRIPT>
    </SEOSUBCOTX>
    <SEOSUBCOTX>
     <CMPNAME>READ_MULTI</CMPNAME>
     <SCONAME>IT_HUIDENT</SCONAME>
     <LANGU>E</LANGU>
     <DESCRIPT>Table with Identifications</DESCRIPT>
    </SEOSUBCOTX>
    <SEOSUBCOTX>
     <CMPNAME>READ_MULTI</CMPNAME>
     <SCONAME>IV_LGNUM</SCONAME>
     <LANGU>E</LANGU>
     <DESCRIPT>Warehouse Number/Warehouse Complex</DESCRIPT>
    </SEOSUBCOTX>
    <SEOSUBCOTX>
     <CMPNAME>READ_MULTI</CMPNAME>
     <SCONAME>ZCX_EWM_BASE_DB</SCONAME>
     <LANGU>E</LANGU>
     <DESCRIPT>Class for exceptions: DB Access Error</DESCRIPT>
    </SEOSUBCOTX>
    <SEOSUBCOTX>
     <CMPNAME>READ_STATUS</CMPNAME>
     <SCONAME>IV_GUID_HU</SCONAME>
     <LANGU>E</LANGU>
     <DESCRIPT>Unique Internal Identification of a Handling Unit</DESCRIPT>
    </SEOSUBCOTX>
    <SEOSUBCOTX>
     <CMPNAME>READ_STATUS</CMPNAME>
     <SCONAME>IV_STAT</SCONAME>
     <LANGU>E</LANGU>
     <DESCRIPT>Object Status</DESCRIPT>
    </SEOSUBCOTX>
    <SEOSUBCOTX>
     <CMPNAME>READ_STATUS</CMPNAME>
     <SCONAME>RS_HUSTATUS</SCONAME>
     <LANGU>E</LANGU>
     <DESCRIPT>Status Processing</DESCRIPT>
    </SEOSUBCOTX>
    <SEOSUBCOTX>
     <CMPNAME>READ_STATUS</CMPNAME>
     <SCONAME>ZCX_EWM_BASE_DB</SCONAME>
     <LANGU>E</LANGU>
     <DESCRIPT>Class for exceptions: DB Access Error</DESCRIPT>
    </SEOSUBCOTX>
    <SEOSUBCOTX>
     <CMPNAME>READ_STATUS_ALL</CMPNAME>
     <SCONAME>IV_GUID_HU</SCONAME>
     <LANGU>E</LANGU>
     <DESCRIPT>Unique Internal Identification of a Handling Unit</DESCRIPT>
    </SEOSUBCOTX>
    <SEOSUBCOTX>
     <CMPNAME>READ_STATUS_ALL</CMPNAME>
     <SCONAME>RT_HUSTATUS</SCONAME>
     <LANGU>E</LANGU>
     <DESCRIPT>Table with Statuses</DESCRIPT>
    </SEOSUBCOTX>
    <SEOSUBCOTX>
     <CMPNAME>READ_STATUS_ALL</CMPNAME>
     <SCONAME>ZCX_EWM_BASE_DB</SCONAME>
     <LANGU>E</LANGU>
     <DESCRIPT>Class for exceptions: DB Access Error</DESCRIPT>
    </SEOSUBCOTX>
    <SEOSUBCOTX>
     <CMPNAME>REMOVE_IDENT</CMPNAME>
     <SCONAME>IR_PACK</SCONAME>
     <LANGU>E</LANGU>
     <DESCRIPT>Packing: Basics</DESCRIPT>
    </SEOSUBCOTX>
    <SEOSUBCOTX>
     <CMPNAME>REMOVE_IDENT</CMPNAME>
     <SCONAME>IV_CLEANUP</SCONAME>
     <LANGU>E</LANGU>
     <DESCRIPT>Checkbox</DESCRIPT>
    </SEOSUBCOTX>
    <SEOSUBCOTX>
     <CMPNAME>REMOVE_IDENT</CMPNAME>
     <SCONAME>IV_COMMIT</SCONAME>
     <LANGU>E</LANGU>
     <DESCRIPT>Checkbox</DESCRIPT>
    </SEOSUBCOTX>
    <SEOSUBCOTX>
     <CMPNAME>REMOVE_IDENT</CMPNAME>
     <SCONAME>IV_GUID_HU</SCONAME>
     <LANGU>E</LANGU>
     <DESCRIPT>Unique Internal Identification of a Handling Unit</DESCRIPT>
    </SEOSUBCOTX>
    <SEOSUBCOTX>
     <CMPNAME>REMOVE_IDENT</CMPNAME>
     <SCONAME>IV_HUIDENT</SCONAME>
     <LANGU>E</LANGU>
     <DESCRIPT>Handling Unit Identification</DESCRIPT>
    </SEOSUBCOTX>
    <SEOSUBCOTX>
     <CMPNAME>REMOVE_IDENT</CMPNAME>
     <SCONAME>IV_IDART</SCONAME>
     <LANGU>E</LANGU>
     <DESCRIPT>Identification Type</DESCRIPT>
    </SEOSUBCOTX>
    <SEOSUBCOTX>
     <CMPNAME>REMOVE_IDENT</CMPNAME>
     <SCONAME>IV_INIT_PACK</SCONAME>
     <LANGU>E</LANGU>
     <DESCRIPT>Checkbox</DESCRIPT>
    </SEOSUBCOTX>
    <SEOSUBCOTX>
     <CMPNAME>REMOVE_IDENT</CMPNAME>
     <SCONAME>IV_LGNUM</SCONAME>
     <LANGU>E</LANGU>
     <DESCRIPT>Warehouse Number/Warehouse Complex</DESCRIPT>
    </SEOSUBCOTX>
    <SEOSUBCOTX>
     <CMPNAME>REMOVE_IDENT</CMPNAME>
     <SCONAME>IV_SAVE</SCONAME>
     <LANGU>E</LANGU>
     <DESCRIPT>Checkbox</DESCRIPT>
    </SEOSUBCOTX>
    <SEOSUBCOTX>
     <CMPNAME>REMOVE_IDENT</CMPNAME>
     <SCONAME>ZCX_EWM_BASE_DB</SCONAME>
     <LANGU>E</LANGU>
     <DESCRIPT>Class for exceptions: DB Access Error</DESCRIPT>
    </SEOSUBCOTX>
    <SEOSUBCOTX>
     <CMPNAME>REPLACE_IDENT_REASON</CMPNAME>
     <SCONAME>IR_PACK</SCONAME>
     <LANGU>E</LANGU>
     <DESCRIPT>Packing: Basics</DESCRIPT>
    </SEOSUBCOTX>
    <SEOSUBCOTX>
     <CMPNAME>REPLACE_IDENT_REASON</CMPNAME>
     <SCONAME>IV_CLEANUP</SCONAME>
     <LANGU>E</LANGU>
     <DESCRIPT>Checkbox</DESCRIPT>
    </SEOSUBCOTX>
    <SEOSUBCOTX>
     <CMPNAME>REPLACE_IDENT_REASON</CMPNAME>
     <SCONAME>IV_COMMIT</SCONAME>
     <LANGU>E</LANGU>
     <DESCRIPT>Confirm with &quot;COMMIT WORK AND WAIT&quot;?</DESCRIPT>
    </SEOSUBCOTX>
    <SEOSUBCOTX>
     <CMPNAME>REPLACE_IDENT_REASON</CMPNAME>
     <SCONAME>IV_GUID_HU</SCONAME>
     <LANGU>E</LANGU>
     <DESCRIPT>Unique Internal Identification of a Handling Unit</DESCRIPT>
    </SEOSUBCOTX>
    <SEOSUBCOTX>
     <CMPNAME>REPLACE_IDENT_REASON</CMPNAME>
     <SCONAME>IV_HUIDENT</SCONAME>
     <LANGU>E</LANGU>
     <DESCRIPT>Handling Unit Identification</DESCRIPT>
    </SEOSUBCOTX>
    <SEOSUBCOTX>
     <CMPNAME>REPLACE_IDENT_REASON</CMPNAME>
     <SCONAME>IV_INIT_PACK</SCONAME>
     <LANGU>E</LANGU>
     <DESCRIPT>Checkbox</DESCRIPT>
    </SEOSUBCOTX>
    <SEOSUBCOTX>
     <CMPNAME>REPLACE_IDENT_REASON</CMPNAME>
     <SCONAME>IV_LGNUM</SCONAME>
     <LANGU>E</LANGU>
     <DESCRIPT>Warehouse Number/Warehouse Complex</DESCRIPT>
    </SEOSUBCOTX>
    <SEOSUBCOTX>
     <CMPNAME>REPLACE_IDENT_REASON</CMPNAME>
     <SCONAME>IV_NOBUF</SCONAME>
     <LANGU>E</LANGU>
     <DESCRIPT>Checkbox</DESCRIPT>
    </SEOSUBCOTX>
    <SEOSUBCOTX>
     <CMPNAME>REPLACE_IDENT_REASON</CMPNAME>
     <SCONAME>IV_SAVE</SCONAME>
     <LANGU>E</LANGU>
     <DESCRIPT>Checkbox</DESCRIPT>
    </SEOSUBCOTX>
    <SEOSUBCOTX>
     <CMPNAME>REPLACE_IDENT_REASON</CMPNAME>
     <SCONAME>ZCX_EWM_BASE_DB</SCONAME>
     <LANGU>E</LANGU>
     <DESCRIPT>Class for exceptions: DB Access Error</DESCRIPT>
    </SEOSUBCOTX>
    <SEOSUBCOTX>
     <CMPNAME>SET_IDENT</CMPNAME>
     <SCONAME>IR_PACK</SCONAME>
     <LANGU>E</LANGU>
     <DESCRIPT>Packing: Basics</DESCRIPT>
    </SEOSUBCOTX>
    <SEOSUBCOTX>
     <CMPNAME>SET_IDENT</CMPNAME>
     <SCONAME>IV_CLEANUP</SCONAME>
     <LANGU>E</LANGU>
     <DESCRIPT>Checkbox</DESCRIPT>
    </SEOSUBCOTX>
    <SEOSUBCOTX>
     <CMPNAME>SET_IDENT</CMPNAME>
     <SCONAME>IV_COMMIT</SCONAME>
     <LANGU>E</LANGU>
     <DESCRIPT>Checkbox</DESCRIPT>
    </SEOSUBCOTX>
    <SEOSUBCOTX>
     <CMPNAME>SET_IDENT</CMPNAME>
     <SCONAME>IV_GUID_HU</SCONAME>
     <LANGU>E</LANGU>
     <DESCRIPT>Unique Internal Identification of a Handling Unit</DESCRIPT>
    </SEOSUBCOTX>
    <SEOSUBCOTX>
     <CMPNAME>SET_IDENT</CMPNAME>
     <SCONAME>IV_HUIDENT</SCONAME>
     <LANGU>E</LANGU>
     <DESCRIPT>Handling Unit Identification</DESCRIPT>
    </SEOSUBCOTX>
    <SEOSUBCOTX>
     <CMPNAME>SET_IDENT</CMPNAME>
     <SCONAME>IV_IDART</SCONAME>
     <LANGU>E</LANGU>
     <DESCRIPT>Identification Type</DESCRIPT>
    </SEOSUBCOTX>
    <SEOSUBCOTX>
     <CMPNAME>SET_IDENT</CMPNAME>
     <SCONAME>IV_INIT_PACK</SCONAME>
     <LANGU>E</LANGU>
     <DESCRIPT>Checkbox</DESCRIPT>
    </SEOSUBCOTX>
    <SEOSUBCOTX>
     <CMPNAME>SET_IDENT</CMPNAME>
     <SCONAME>IV_LGNUM</SCONAME>
     <LANGU>E</LANGU>
     <DESCRIPT>Warehouse Number/Warehouse Complex</DESCRIPT>
    </SEOSUBCOTX>
    <SEOSUBCOTX>
     <CMPNAME>SET_IDENT</CMPNAME>
     <SCONAME>IV_NOBUF</SCONAME>
     <LANGU>E</LANGU>
     <DESCRIPT>Checkbox</DESCRIPT>
    </SEOSUBCOTX>
    <SEOSUBCOTX>
     <CMPNAME>SET_IDENT</CMPNAME>
     <SCONAME>IV_SAVE</SCONAME>
     <LANGU>E</LANGU>
     <DESCRIPT>Checkbox</DESCRIPT>
    </SEOSUBCOTX>
    <SEOSUBCOTX>
     <CMPNAME>SET_IDENT</CMPNAME>
     <SCONAME>ZCX_EWM_BASE_DB</SCONAME>
     <LANGU>E</LANGU>
     <DESCRIPT>Class for exceptions: DB Access Error</DESCRIPT>
    </SEOSUBCOTX>
    <SEOSUBCOTX>
     <CMPNAME>SET_IDENT_BUFFER</CMPNAME>
     <SCONAME>IS_IDENT</SCONAME>
     <LANGU>E</LANGU>
     <DESCRIPT>Table of HU Identification Numbers</DESCRIPT>
    </SEOSUBCOTX>
    <SEOSUBCOTX>
     <CMPNAME>SET_IDENT_BUFFER</CMPNAME>
     <SCONAME>IV_GUID_HU</SCONAME>
     <LANGU>E</LANGU>
     <DESCRIPT>Unique Internal Identification of a Handling Unit</DESCRIPT>
    </SEOSUBCOTX>
    <SEOSUBCOTX>
     <CMPNAME>SET_IDENT_BUFFER</CMPNAME>
     <SCONAME>IV_IDART</SCONAME>
     <LANGU>E</LANGU>
     <DESCRIPT>Identification Type</DESCRIPT>
    </SEOSUBCOTX>
    <SEOSUBCOTX>
     <CMPNAME>SET_IDENT_BUFFER</CMPNAME>
     <SCONAME>IV_IDENT</SCONAME>
     <LANGU>E</LANGU>
     <DESCRIPT>Alternative Handling Unit Identification</DESCRIPT>
    </SEOSUBCOTX>
    <SEOSUBCOTX>
     <CMPNAME>SET_IDENT_BUFFER</CMPNAME>
     <SCONAME>ZCX_EWM_BASE_DB</SCONAME>
     <LANGU>E</LANGU>
     <DESCRIPT>Class for exceptions: DB Access Error</DESCRIPT>
    </SEOSUBCOTX>
    <SEOSUBCOTX>
     <CMPNAME>SET_STATUS_INT</CMPNAME>
     <SCONAME>IV_GUID_HU</SCONAME>
     <LANGU>E</LANGU>
     <DESCRIPT>Unique Internal Identification of a Handling Unit</DESCRIPT>
    </SEOSUBCOTX>
    <SEOSUBCOTX>
     <CMPNAME>SET_STATUS_INT</CMPNAME>
     <SCONAME>IV_INACTIVE</SCONAME>
     <LANGU>E</LANGU>
     <DESCRIPT>Indicator: Status Is Inactive</DESCRIPT>
    </SEOSUBCOTX>
    <SEOSUBCOTX>
     <CMPNAME>SET_STATUS_INT</CMPNAME>
     <SCONAME>IV_STATUS</SCONAME>
     <LANGU>E</LANGU>
     <DESCRIPT>Object status</DESCRIPT>
    </SEOSUBCOTX>
    <SEOSUBCOTX>
     <CMPNAME>SET_STATUS_USER</CMPNAME>
     <SCONAME>IR_PACK</SCONAME>
     <LANGU>E</LANGU>
     <DESCRIPT>Packing: Basics</DESCRIPT>
    </SEOSUBCOTX>
    <SEOSUBCOTX>
     <CMPNAME>SET_STATUS_USER</CMPNAME>
     <SCONAME>IV_CLEANUP</SCONAME>
     <LANGU>E</LANGU>
     <DESCRIPT>Checkbox</DESCRIPT>
    </SEOSUBCOTX>
    <SEOSUBCOTX>
     <CMPNAME>SET_STATUS_USER</CMPNAME>
     <SCONAME>IV_COMMIT</SCONAME>
     <LANGU>E</LANGU>
     <DESCRIPT>Confirm with &quot;COMMIT WORK AND WAIT&quot;?</DESCRIPT>
    </SEOSUBCOTX>
    <SEOSUBCOTX>
     <CMPNAME>SET_STATUS_USER</CMPNAME>
     <SCONAME>IV_GUID_HU</SCONAME>
     <LANGU>E</LANGU>
     <DESCRIPT>Unique Internal Identification of a Handling Unit</DESCRIPT>
    </SEOSUBCOTX>
    <SEOSUBCOTX>
     <CMPNAME>SET_STATUS_USER</CMPNAME>
     <SCONAME>IV_HUIDENT</SCONAME>
     <LANGU>E</LANGU>
     <DESCRIPT>Handling Unit Identification</DESCRIPT>
    </SEOSUBCOTX>
    <SEOSUBCOTX>
     <CMPNAME>SET_STATUS_USER</CMPNAME>
     <SCONAME>IV_INIT_PACK</SCONAME>
     <LANGU>E</LANGU>
     <DESCRIPT>Checkbox</DESCRIPT>
    </SEOSUBCOTX>
    <SEOSUBCOTX>
     <CMPNAME>SET_STATUS_USER</CMPNAME>
     <SCONAME>IV_LGNUM</SCONAME>
     <LANGU>E</LANGU>
     <DESCRIPT>Warehouse Number/Warehouse Complex</DESCRIPT>
    </SEOSUBCOTX>
    <SEOSUBCOTX>
     <CMPNAME>SET_STATUS_USER</CMPNAME>
     <SCONAME>IV_SAVE</SCONAME>
     <LANGU>E</LANGU>
     <DESCRIPT>Checkbox</DESCRIPT>
    </SEOSUBCOTX>
    <SEOSUBCOTX>
     <CMPNAME>SET_STATUS_USER</CMPNAME>
     <SCONAME>IV_STATUS</SCONAME>
     <LANGU>E</LANGU>
     <DESCRIPT>Object status</DESCRIPT>
    </SEOSUBCOTX>
    <SEOSUBCOTX>
     <CMPNAME>SET_STATUS_USER</CMPNAME>
     <SCONAME>ZCX_EWM_BASE_DB</SCONAME>
     <LANGU>E</LANGU>
     <DESCRIPT>Class for exceptions: DB Access Error</DESCRIPT>
    </SEOSUBCOTX>
   </DESCRIPTIONS_SUB>
  </asx:values>
 </asx:abap>
</abapGit>
