﻿<?xml version="1.0" encoding="utf-8"?>
<abapGit version="v1.0.0" serializer="LCL_OBJECT_CLAS" serializer_version="v1.0.0">
 <asx:abap xmlns:asx="http://www.sap.com/abapxml" version="1.0">
  <asx:values>
   <VSEOCLASS>
    <CLSNAME>ZCL_EWM_BASE_DB_WHO</CLSNAME>
    <LANGU>E</LANGU>
    <DESCRIPT>DB class for: Warehouse Order</DESCRIPT>
    <STATE>1</STATE>
    <CLSCCINCL>X</CLSCCINCL>
    <FIXPT>X</FIXPT>
    <UNICODE>X</UNICODE>
   </VSEOCLASS>
   <DESCRIPTIONS>
    <SEOCOMPOTX>
     <CMPNAME>GET_BY_QUEUE</CMPNAME>
     <LANGU>E</LANGU>
     <DESCRIPT>Gets multiple who&apos;s by queue</DESCRIPT>
    </SEOCOMPOTX>
    <SEOCOMPOTX>
     <CMPNAME>GET_BY_QUEUE_RSRC_TY</CMPNAME>
     <LANGU>E</LANGU>
     <DESCRIPT>Gets multiple who&apos;s by queue on resourse table assignment</DESCRIPT>
    </SEOCOMPOTX>
    <SEOCOMPOTX>
     <CMPNAME>GET_HU_ASSIGNED_BY_WHO</CMPNAME>
     <LANGU>E</LANGU>
     <DESCRIPT>Gets multiple HU&apos;s assigned to who&apos;s by who&apos;s</DESCRIPT>
    </SEOCOMPOTX>
    <SEOCOMPOTX>
     <CMPNAME>GET_WHOS_BY_TOPWHO</CMPNAME>
     <LANGU>E</LANGU>
     <DESCRIPT>Gets who&apos;s for PickPackPass proceess using Topwho</DESCRIPT>
    </SEOCOMPOTX>
    <SEOCOMPOTX>
     <CMPNAME>GET_WHO_ASSIGNED_TO_HU</CMPNAME>
     <LANGU>E</LANGU>
     <DESCRIPT>Gets multiple Who&apos;s assigned to HU&apos;s</DESCRIPT>
    </SEOCOMPOTX>
    <SEOCOMPOTX>
     <CMPNAME>GET_WHO_BY_DLV</CMPNAME>
     <LANGU>E</LANGU>
     <DESCRIPT>Get Who´s by Deliveries</DESCRIPT>
    </SEOCOMPOTX>
    <SEOCOMPOTX>
     <CMPNAME>GET_WO_BY_WAVE</CMPNAME>
     <LANGU>E</LANGU>
     <DESCRIPT>Get wo´s by wave number</DESCRIPT>
    </SEOCOMPOTX>
    <SEOCOMPOTX>
     <CMPNAME>GET_WO_RSRC_BY_WHO</CMPNAME>
     <LANGU>E</LANGU>
     <DESCRIPT>Gets multiple who&apos;s by who</DESCRIPT>
    </SEOCOMPOTX>
    <SEOCOMPOTX>
     <CMPNAME>HU_ASSIGN</CMPNAME>
     <LANGU>E</LANGU>
     <DESCRIPT>Assign HU to Warehouse Orders (in progress)</DESCRIPT>
    </SEOCOMPOTX>
    <SEOCOMPOTX>
     <CMPNAME>HU_ASSIGN_UPD</CMPNAME>
     <LANGU>E</LANGU>
     <DESCRIPT>Assign HU to Warehouse Orders (in progress)</DESCRIPT>
    </SEOCOMPOTX>
    <SEOCOMPOTX>
     <CMPNAME>HU_REPLACE</CMPNAME>
     <LANGU>E</LANGU>
     <DESCRIPT>Replace Assigment of HU to Warehouse Orders (in progress)</DESCRIPT>
    </SEOCOMPOTX>
    <SEOCOMPOTX>
     <CMPNAME>HU_UNASSIGN</CMPNAME>
     <LANGU>E</LANGU>
     <DESCRIPT>Delete  Assigment of HU to Warehouse Orders (in progress)</DESCRIPT>
    </SEOCOMPOTX>
    <SEOCOMPOTX>
     <CMPNAME>READ_WHO</CMPNAME>
     <LANGU>E</LANGU>
     <DESCRIPT>Read table /SCWM/WHO</DESCRIPT>
    </SEOCOMPOTX>
    <SEOCOMPOTX>
     <CMPNAME>READ_WHOHU</CMPNAME>
     <LANGU>E</LANGU>
     <DESCRIPT>Read table /SCWM/WHO</DESCRIPT>
    </SEOCOMPOTX>
    <SEOCOMPOTX>
     <CMPNAME>READ_WHOHU_LIMITS</CMPNAME>
     <LANGU>E</LANGU>
     <DESCRIPT>Read Table ZEWM_WO_LIMIT that defines WO HU Limits</DESCRIPT>
    </SEOCOMPOTX>
    <SEOCOMPOTX>
     <CMPNAME>READ_WO_RSRC_TY</CMPNAME>
     <LANGU>E</LANGU>
     <DESCRIPT>READ WO Resource Type assigment</DESCRIPT>
    </SEOCOMPOTX>
    <SEOCOMPOTX>
     <CMPNAME>SET_RSRC_TO_WHO</CMPNAME>
     <LANGU>E</LANGU>
     <DESCRIPT>SET Resource to Who</DESCRIPT>
    </SEOCOMPOTX>
    <SEOCOMPOTX>
     <CMPNAME>SET_STATUS_WHO</CMPNAME>
     <LANGU>E</LANGU>
     <DESCRIPT>SET Status (Hold, Open) to Who</DESCRIPT>
    </SEOCOMPOTX>
    <SEOCOMPOTX>
     <CMPNAME>WO_MERGE</CMPNAME>
     <LANGU>E</LANGU>
     <DESCRIPT>Merge Warehouse Order</DESCRIPT>
    </SEOCOMPOTX>
   </DESCRIPTIONS>
   <DESCRIPTIONS_SUB>
    <SEOSUBCOTX>
     <CMPNAME>GET_BY_QUEUE</CMPNAME>
     <SCONAME>IV_FLGWHO</SCONAME>
     <LANGU>E</LANGU>
     <DESCRIPT>WO Contains Warehouse Order</DESCRIPT>
    </SEOSUBCOTX>
    <SEOSUBCOTX>
     <CMPNAME>GET_BY_QUEUE</CMPNAME>
     <SCONAME>IV_LGNUM</SCONAME>
     <LANGU>E</LANGU>
     <DESCRIPT>Warehouse Number/Warehouse Complex</DESCRIPT>
    </SEOSUBCOTX>
    <SEOSUBCOTX>
     <CMPNAME>GET_BY_QUEUE</CMPNAME>
     <SCONAME>IV_QUEUE</SCONAME>
     <LANGU>E</LANGU>
     <DESCRIPT>Queue</DESCRIPT>
    </SEOSUBCOTX>
    <SEOSUBCOTX>
     <CMPNAME>GET_BY_QUEUE</CMPNAME>
     <SCONAME>IV_STATUS</SCONAME>
     <LANGU>E</LANGU>
     <DESCRIPT>Warehouse Order Status</DESCRIPT>
    </SEOSUBCOTX>
    <SEOSUBCOTX>
     <CMPNAME>GET_BY_QUEUE</CMPNAME>
     <SCONAME>RT_WHO</SCONAME>
     <LANGU>E</LANGU>
     <DESCRIPT>Table of Warehouse Order Numbers</DESCRIPT>
    </SEOSUBCOTX>
    <SEOSUBCOTX>
     <CMPNAME>GET_BY_QUEUE</CMPNAME>
     <SCONAME>ZCX_EWM_BASE_DB</SCONAME>
     <LANGU>E</LANGU>
     <DESCRIPT>Class for exceptions: DB Access Error</DESCRIPT>
    </SEOSUBCOTX>
    <SEOSUBCOTX>
     <CMPNAME>GET_BY_QUEUE_RSRC_TY</CMPNAME>
     <SCONAME>IV_LGNUM</SCONAME>
     <LANGU>E</LANGU>
     <DESCRIPT>Warehouse Number/Warehouse Complex</DESCRIPT>
    </SEOSUBCOTX>
    <SEOSUBCOTX>
     <CMPNAME>GET_BY_QUEUE_RSRC_TY</CMPNAME>
     <SCONAME>IV_QUEUE</SCONAME>
     <LANGU>E</LANGU>
     <DESCRIPT>Queue</DESCRIPT>
    </SEOSUBCOTX>
    <SEOSUBCOTX>
     <CMPNAME>GET_BY_QUEUE_RSRC_TY</CMPNAME>
     <SCONAME>IV_RSRC_TYP</SCONAME>
     <LANGU>E</LANGU>
     <DESCRIPT>Resource Type</DESCRIPT>
    </SEOSUBCOTX>
    <SEOSUBCOTX>
     <CMPNAME>GET_BY_QUEUE_RSRC_TY</CMPNAME>
     <SCONAME>RT_WHO</SCONAME>
     <LANGU>E</LANGU>
     <DESCRIPT>Table of Warehouse Order Numbers</DESCRIPT>
    </SEOSUBCOTX>
    <SEOSUBCOTX>
     <CMPNAME>GET_BY_QUEUE_RSRC_TY</CMPNAME>
     <SCONAME>ZCX_EWM_BASE_DB</SCONAME>
     <LANGU>E</LANGU>
     <DESCRIPT>Class for exceptions: DB Access Error</DESCRIPT>
    </SEOSUBCOTX>
    <SEOSUBCOTX>
     <CMPNAME>GET_HU_ASSIGNED_BY_WHO</CMPNAME>
     <SCONAME>ET_WHOHU</SCONAME>
     <LANGU>E</LANGU>
     <DESCRIPT>Warehouse Order: HU Information</DESCRIPT>
    </SEOSUBCOTX>
    <SEOSUBCOTX>
     <CMPNAME>GET_HU_ASSIGNED_BY_WHO</CMPNAME>
     <SCONAME>IT_WHO_R</SCONAME>
     <LANGU>E</LANGU>
     <DESCRIPT>Range Table for Warehouse Order</DESCRIPT>
    </SEOSUBCOTX>
    <SEOSUBCOTX>
     <CMPNAME>GET_HU_ASSIGNED_BY_WHO</CMPNAME>
     <SCONAME>IV_LGNUM</SCONAME>
     <LANGU>E</LANGU>
     <DESCRIPT>Warehouse Number/Warehouse Complex</DESCRIPT>
    </SEOSUBCOTX>
    <SEOSUBCOTX>
     <CMPNAME>GET_HU_ASSIGNED_BY_WHO</CMPNAME>
     <SCONAME>ZCX_EWM_BASE_DB</SCONAME>
     <LANGU>E</LANGU>
     <DESCRIPT>Class for exceptions: DB Access Error</DESCRIPT>
    </SEOSUBCOTX>
    <SEOSUBCOTX>
     <CMPNAME>GET_WHOS_BY_TOPWHO</CMPNAME>
     <SCONAME>ET_WHO</SCONAME>
     <LANGU>E</LANGU>
     <DESCRIPT>Warehouse Order</DESCRIPT>
    </SEOSUBCOTX>
    <SEOSUBCOTX>
     <CMPNAME>GET_WHOS_BY_TOPWHO</CMPNAME>
     <SCONAME>IV_LGNUM</SCONAME>
     <LANGU>E</LANGU>
     <DESCRIPT>Warehouse Number/Warehouse Complex</DESCRIPT>
    </SEOSUBCOTX>
    <SEOSUBCOTX>
     <CMPNAME>GET_WHOS_BY_TOPWHO</CMPNAME>
     <SCONAME>IV_TOPWHO</SCONAME>
     <LANGU>E</LANGU>
     <DESCRIPT>Warehouse Order Number</DESCRIPT>
    </SEOSUBCOTX>
    <SEOSUBCOTX>
     <CMPNAME>GET_WHOS_BY_TOPWHO</CMPNAME>
     <SCONAME>ZCX_EWM_BASE_DB</SCONAME>
     <LANGU>E</LANGU>
     <DESCRIPT>Class for exceptions: DB Access Error</DESCRIPT>
    </SEOSUBCOTX>
    <SEOSUBCOTX>
     <CMPNAME>GET_WHO_ASSIGNED_TO_HU</CMPNAME>
     <SCONAME>ES_TOPWHO</SCONAME>
     <LANGU>E</LANGU>
     <DESCRIPT>Warehouse Order</DESCRIPT>
    </SEOSUBCOTX>
    <SEOSUBCOTX>
     <CMPNAME>GET_WHO_ASSIGNED_TO_HU</CMPNAME>
     <SCONAME>ET_WHO</SCONAME>
     <LANGU>E</LANGU>
     <DESCRIPT>Warehouse Order</DESCRIPT>
    </SEOSUBCOTX>
    <SEOSUBCOTX>
     <CMPNAME>GET_WHO_ASSIGNED_TO_HU</CMPNAME>
     <SCONAME>IV_HUIDENT</SCONAME>
     <LANGU>E</LANGU>
     <DESCRIPT>Handling Unit Identification</DESCRIPT>
    </SEOSUBCOTX>
    <SEOSUBCOTX>
     <CMPNAME>GET_WHO_ASSIGNED_TO_HU</CMPNAME>
     <SCONAME>IV_LGNUM</SCONAME>
     <LANGU>E</LANGU>
     <DESCRIPT>Warehouse Number/Warehouse Complex</DESCRIPT>
    </SEOSUBCOTX>
    <SEOSUBCOTX>
     <CMPNAME>GET_WHO_ASSIGNED_TO_HU</CMPNAME>
     <SCONAME>ZCX_EWM_BASE_DB</SCONAME>
     <LANGU>E</LANGU>
     <DESCRIPT>Class for exceptions: DB Access Error</DESCRIPT>
    </SEOSUBCOTX>
    <SEOSUBCOTX>
     <CMPNAME>GET_WHO_BY_DLV</CMPNAME>
     <SCONAME>ET_WHO</SCONAME>
     <LANGU>E</LANGU>
     <DESCRIPT>Warehouse Order Details for WM Monitor Output</DESCRIPT>
    </SEOSUBCOTX>
    <SEOSUBCOTX>
     <CMPNAME>GET_WHO_BY_DLV</CMPNAME>
     <SCONAME>IT_DOCNO</SCONAME>
     <LANGU>E</LANGU>
     <DESCRIPT>Key for PRD</DESCRIPT>
    </SEOSUBCOTX>
    <SEOSUBCOTX>
     <CMPNAME>GET_WHO_BY_DLV</CMPNAME>
     <SCONAME>IV_DOCCAT</SCONAME>
     <LANGU>E</LANGU>
     <DESCRIPT>Document Category</DESCRIPT>
    </SEOSUBCOTX>
    <SEOSUBCOTX>
     <CMPNAME>GET_WHO_BY_DLV</CMPNAME>
     <SCONAME>IV_LGNUM</SCONAME>
     <LANGU>E</LANGU>
     <DESCRIPT>Warehouse Number/Warehouse Complex</DESCRIPT>
    </SEOSUBCOTX>
    <SEOSUBCOTX>
     <CMPNAME>GET_WO_BY_WAVE</CMPNAME>
     <SCONAME>ET_WHO</SCONAME>
     <LANGU>E</LANGU>
     <DESCRIPT>Table of Internal Warehouse Orders</DESCRIPT>
    </SEOSUBCOTX>
    <SEOSUBCOTX>
     <CMPNAME>GET_WO_BY_WAVE</CMPNAME>
     <SCONAME>IR_WAVE</SCONAME>
     <LANGU>E</LANGU>
     <DESCRIPT>SELECT-OPTIONS Table</DESCRIPT>
    </SEOSUBCOTX>
    <SEOSUBCOTX>
     <CMPNAME>GET_WO_BY_WAVE</CMPNAME>
     <SCONAME>IV_CLEANUP</SCONAME>
     <LANGU>E</LANGU>
     <DESCRIPT>Boolean Variable (X=true, -=false, space=unknown)</DESCRIPT>
    </SEOSUBCOTX>
    <SEOSUBCOTX>
     <CMPNAME>GET_WO_BY_WAVE</CMPNAME>
     <SCONAME>IV_LGNUM</SCONAME>
     <LANGU>E</LANGU>
     <DESCRIPT>Warehouse Number/Warehouse Complex</DESCRIPT>
    </SEOSUBCOTX>
    <SEOSUBCOTX>
     <CMPNAME>GET_WO_BY_WAVE</CMPNAME>
     <SCONAME>IV_RDOCCAT</SCONAME>
     <LANGU>E</LANGU>
     <DESCRIPT>Doc. Category for Doc. Reference and Doc.-Related Stocks</DESCRIPT>
    </SEOSUBCOTX>
    <SEOSUBCOTX>
     <CMPNAME>GET_WO_BY_WAVE</CMPNAME>
     <SCONAME>IV_WAVE</SCONAME>
     <LANGU>E</LANGU>
     <DESCRIPT>Wave</DESCRIPT>
    </SEOSUBCOTX>
    <SEOSUBCOTX>
     <CMPNAME>GET_WO_BY_WAVE</CMPNAME>
     <SCONAME>ZCX_EWM_BASE_DB</SCONAME>
     <LANGU>E</LANGU>
     <DESCRIPT>Class for exceptions: DB Access Error</DESCRIPT>
    </SEOSUBCOTX>
    <SEOSUBCOTX>
     <CMPNAME>GET_WO_RSRC_BY_WHO</CMPNAME>
     <SCONAME>IT_WHOID</SCONAME>
     <LANGU>E</LANGU>
     <DESCRIPT>Table of Warehouse Order Numbers</DESCRIPT>
    </SEOSUBCOTX>
    <SEOSUBCOTX>
     <CMPNAME>GET_WO_RSRC_BY_WHO</CMPNAME>
     <SCONAME>IV_LGNUM</SCONAME>
     <LANGU>E</LANGU>
     <DESCRIPT>Warehouse Number/Warehouse Complex</DESCRIPT>
    </SEOSUBCOTX>
    <SEOSUBCOTX>
     <CMPNAME>GET_WO_RSRC_BY_WHO</CMPNAME>
     <SCONAME>IV_RSRC_TYP</SCONAME>
     <LANGU>E</LANGU>
     <DESCRIPT>Resource Type</DESCRIPT>
    </SEOSUBCOTX>
    <SEOSUBCOTX>
     <CMPNAME>GET_WO_RSRC_BY_WHO</CMPNAME>
     <SCONAME>RT_WHO_RSRC</SCONAME>
     <LANGU>E</LANGU>
     <DESCRIPT>Optional Resource Types for Warehouse Order Execution</DESCRIPT>
    </SEOSUBCOTX>
    <SEOSUBCOTX>
     <CMPNAME>GET_WO_RSRC_BY_WHO</CMPNAME>
     <SCONAME>ZCX_EWM_BASE_DB</SCONAME>
     <LANGU>E</LANGU>
     <DESCRIPT>Class for exceptions: DB Access Error</DESCRIPT>
    </SEOSUBCOTX>
    <SEOSUBCOTX>
     <CMPNAME>HU_ASSIGN</CMPNAME>
     <SCONAME>ET_WHOHU</SCONAME>
     <LANGU>E</LANGU>
     <DESCRIPT>Table of Warehouse Order HUs</DESCRIPT>
    </SEOSUBCOTX>
    <SEOSUBCOTX>
     <CMPNAME>HU_ASSIGN</CMPNAME>
     <SCONAME>IT_HU</SCONAME>
     <LANGU>E</LANGU>
     <DESCRIPT>Create HUs for Warehouse Order</DESCRIPT>
    </SEOSUBCOTX>
    <SEOSUBCOTX>
     <CMPNAME>HU_ASSIGN</CMPNAME>
     <SCONAME>IV_LGNUM</SCONAME>
     <LANGU>E</LANGU>
     <DESCRIPT>Warehouse Number/Warehouse Complex</DESCRIPT>
    </SEOSUBCOTX>
    <SEOSUBCOTX>
     <CMPNAME>HU_ASSIGN</CMPNAME>
     <SCONAME>IV_SIMULATE</SCONAME>
     <LANGU>E</LANGU>
     <DESCRIPT>Checkbox</DESCRIPT>
    </SEOSUBCOTX>
    <SEOSUBCOTX>
     <CMPNAME>HU_ASSIGN</CMPNAME>
     <SCONAME>IV_WHO</SCONAME>
     <LANGU>E</LANGU>
     <DESCRIPT>Warehouse Order Number</DESCRIPT>
    </SEOSUBCOTX>
    <SEOSUBCOTX>
     <CMPNAME>HU_ASSIGN</CMPNAME>
     <SCONAME>ZCX_EWM_BASE_DB</SCONAME>
     <LANGU>E</LANGU>
     <DESCRIPT>Class for exceptions: DB Access Error</DESCRIPT>
    </SEOSUBCOTX>
    <SEOSUBCOTX>
     <CMPNAME>HU_ASSIGN_UPD</CMPNAME>
     <SCONAME>ET_WHOHU</SCONAME>
     <LANGU>E</LANGU>
     <DESCRIPT>Table of Warehouse Order HUs</DESCRIPT>
    </SEOSUBCOTX>
    <SEOSUBCOTX>
     <CMPNAME>HU_ASSIGN_UPD</CMPNAME>
     <SCONAME>IT_HU</SCONAME>
     <LANGU>E</LANGU>
     <DESCRIPT>Modify HUs in a Warehouse Order</DESCRIPT>
    </SEOSUBCOTX>
    <SEOSUBCOTX>
     <CMPNAME>HU_ASSIGN_UPD</CMPNAME>
     <SCONAME>IV_LGNUM</SCONAME>
     <LANGU>E</LANGU>
     <DESCRIPT>Warehouse Number/Warehouse Complex</DESCRIPT>
    </SEOSUBCOTX>
    <SEOSUBCOTX>
     <CMPNAME>HU_ASSIGN_UPD</CMPNAME>
     <SCONAME>IV_SIMULATE</SCONAME>
     <LANGU>E</LANGU>
     <DESCRIPT>Checkbox</DESCRIPT>
    </SEOSUBCOTX>
    <SEOSUBCOTX>
     <CMPNAME>HU_ASSIGN_UPD</CMPNAME>
     <SCONAME>IV_WHO</SCONAME>
     <LANGU>E</LANGU>
     <DESCRIPT>Warehouse Order Number</DESCRIPT>
    </SEOSUBCOTX>
    <SEOSUBCOTX>
     <CMPNAME>HU_ASSIGN_UPD</CMPNAME>
     <SCONAME>ZCX_EWM_BASE_DB</SCONAME>
     <LANGU>E</LANGU>
     <DESCRIPT>Class for exceptions: DB Access Error</DESCRIPT>
    </SEOSUBCOTX>
    <SEOSUBCOTX>
     <CMPNAME>HU_REPLACE</CMPNAME>
     <SCONAME>ET_WHOHU</SCONAME>
     <LANGU>E</LANGU>
     <DESCRIPT>Table of Warehouse Order HUs</DESCRIPT>
    </SEOSUBCOTX>
    <SEOSUBCOTX>
     <CMPNAME>HU_REPLACE</CMPNAME>
     <SCONAME>IV_HUID</SCONAME>
     <LANGU>E</LANGU>
     <DESCRIPT>Warehouse Order: Internal HU Identification Number</DESCRIPT>
    </SEOSUBCOTX>
    <SEOSUBCOTX>
     <CMPNAME>HU_REPLACE</CMPNAME>
     <SCONAME>IV_LGNUM</SCONAME>
     <LANGU>E</LANGU>
     <DESCRIPT>Warehouse Number/Warehouse Complex</DESCRIPT>
    </SEOSUBCOTX>
    <SEOSUBCOTX>
     <CMPNAME>HU_REPLACE</CMPNAME>
     <SCONAME>IV_SIMULATE</SCONAME>
     <LANGU>E</LANGU>
     <DESCRIPT>Checkbox</DESCRIPT>
    </SEOSUBCOTX>
    <SEOSUBCOTX>
     <CMPNAME>HU_REPLACE</CMPNAME>
     <SCONAME>IV_WHO</SCONAME>
     <LANGU>E</LANGU>
     <DESCRIPT>Warehouse Order Number</DESCRIPT>
    </SEOSUBCOTX>
    <SEOSUBCOTX>
     <CMPNAME>HU_REPLACE</CMPNAME>
     <SCONAME>ZCX_EWM_BASE_DB</SCONAME>
     <LANGU>E</LANGU>
     <DESCRIPT>Class for exceptions: DB Access Error</DESCRIPT>
    </SEOSUBCOTX>
    <SEOSUBCOTX>
     <CMPNAME>HU_UNASSIGN</CMPNAME>
     <SCONAME>ET_WHOHU</SCONAME>
     <LANGU>E</LANGU>
     <DESCRIPT>Table of Warehouse Order HUs</DESCRIPT>
    </SEOSUBCOTX>
    <SEOSUBCOTX>
     <CMPNAME>HU_UNASSIGN</CMPNAME>
     <SCONAME>IV_HUID</SCONAME>
     <LANGU>E</LANGU>
     <DESCRIPT>Warehouse Order: Internal HU Identification Number</DESCRIPT>
    </SEOSUBCOTX>
    <SEOSUBCOTX>
     <CMPNAME>HU_UNASSIGN</CMPNAME>
     <SCONAME>IV_HUIDENT</SCONAME>
     <LANGU>E</LANGU>
     <DESCRIPT>Handling Unit Identification</DESCRIPT>
    </SEOSUBCOTX>
    <SEOSUBCOTX>
     <CMPNAME>HU_UNASSIGN</CMPNAME>
     <SCONAME>IV_LGNUM</SCONAME>
     <LANGU>E</LANGU>
     <DESCRIPT>Warehouse Number/Warehouse Complex</DESCRIPT>
    </SEOSUBCOTX>
    <SEOSUBCOTX>
     <CMPNAME>HU_UNASSIGN</CMPNAME>
     <SCONAME>IV_SIMULATE</SCONAME>
     <LANGU>E</LANGU>
     <DESCRIPT>Checkbox</DESCRIPT>
    </SEOSUBCOTX>
    <SEOSUBCOTX>
     <CMPNAME>HU_UNASSIGN</CMPNAME>
     <SCONAME>IV_WHO</SCONAME>
     <LANGU>E</LANGU>
     <DESCRIPT>Warehouse Order Number</DESCRIPT>
    </SEOSUBCOTX>
    <SEOSUBCOTX>
     <CMPNAME>HU_UNASSIGN</CMPNAME>
     <SCONAME>ZCX_EWM_BASE_DB</SCONAME>
     <LANGU>E</LANGU>
     <DESCRIPT>Class for exceptions: DB Access Error</DESCRIPT>
    </SEOSUBCOTX>
    <SEOSUBCOTX>
     <CMPNAME>READ_WHO</CMPNAME>
     <SCONAME>IT_TOPWHOID_R</SCONAME>
     <LANGU>E</LANGU>
     <DESCRIPT>SELECT-OPTIONS Table</DESCRIPT>
    </SEOSUBCOTX>
    <SEOSUBCOTX>
     <CMPNAME>READ_WHO</CMPNAME>
     <SCONAME>IT_WHOSTAT_R</SCONAME>
     <LANGU>E</LANGU>
     <DESCRIPT>Range Table for Warehouse Order Status</DESCRIPT>
    </SEOSUBCOTX>
    <SEOSUBCOTX>
     <CMPNAME>READ_WHO</CMPNAME>
     <SCONAME>IT_WHO_R</SCONAME>
     <LANGU>E</LANGU>
     <DESCRIPT>SELECT-OPTIONS Table</DESCRIPT>
    </SEOSUBCOTX>
    <SEOSUBCOTX>
     <CMPNAME>READ_WHO</CMPNAME>
     <SCONAME>IV_FLGTO</SCONAME>
     <LANGU>E</LANGU>
     <DESCRIPT>Warehouse Order Contains Warehouse Task</DESCRIPT>
    </SEOSUBCOTX>
    <SEOSUBCOTX>
     <CMPNAME>READ_WHO</CMPNAME>
     <SCONAME>IV_FLGWHO</SCONAME>
     <LANGU>E</LANGU>
     <DESCRIPT>WO Contains Warehouse Order</DESCRIPT>
    </SEOSUBCOTX>
    <SEOSUBCOTX>
     <CMPNAME>READ_WHO</CMPNAME>
     <SCONAME>IV_LGNUM</SCONAME>
     <LANGU>E</LANGU>
     <DESCRIPT>Warehouse Number/Warehouse Complex</DESCRIPT>
    </SEOSUBCOTX>
    <SEOSUBCOTX>
     <CMPNAME>READ_WHO</CMPNAME>
     <SCONAME>IV_QUEUE</SCONAME>
     <LANGU>E</LANGU>
     <DESCRIPT>Queue</DESCRIPT>
    </SEOSUBCOTX>
    <SEOSUBCOTX>
     <CMPNAME>READ_WHO</CMPNAME>
     <SCONAME>RT_WHO</SCONAME>
     <LANGU>E</LANGU>
     <DESCRIPT>Warehouse Order</DESCRIPT>
    </SEOSUBCOTX>
    <SEOSUBCOTX>
     <CMPNAME>READ_WHO</CMPNAME>
     <SCONAME>ZCX_EWM_BASE_DB</SCONAME>
     <LANGU>E</LANGU>
     <DESCRIPT>Class for exceptions: DB Access Error</DESCRIPT>
    </SEOSUBCOTX>
    <SEOSUBCOTX>
     <CMPNAME>READ_WHOHU</CMPNAME>
     <SCONAME>ET_WHOHU</SCONAME>
     <LANGU>E</LANGU>
     <DESCRIPT>Warehouse Order: HU Information</DESCRIPT>
    </SEOSUBCOTX>
    <SEOSUBCOTX>
     <CMPNAME>READ_WHOHU</CMPNAME>
     <SCONAME>IT_HUIDENT_R</SCONAME>
     <LANGU>E</LANGU>
     <DESCRIPT>Ranges Table Type for Field Name HUIDENT</DESCRIPT>
    </SEOSUBCOTX>
    <SEOSUBCOTX>
     <CMPNAME>READ_WHOHU</CMPNAME>
     <SCONAME>IT_WHO_R</SCONAME>
     <LANGU>E</LANGU>
     <DESCRIPT>Range Table for Warehouse Order</DESCRIPT>
    </SEOSUBCOTX>
    <SEOSUBCOTX>
     <CMPNAME>READ_WHOHU</CMPNAME>
     <SCONAME>IV_HUIDENT</SCONAME>
     <LANGU>E</LANGU>
     <DESCRIPT>Handling Unit Identification</DESCRIPT>
    </SEOSUBCOTX>
    <SEOSUBCOTX>
     <CMPNAME>READ_WHOHU</CMPNAME>
     <SCONAME>IV_LGNUM</SCONAME>
     <LANGU>E</LANGU>
     <DESCRIPT>Warehouse Number/Warehouse Complex</DESCRIPT>
    </SEOSUBCOTX>
    <SEOSUBCOTX>
     <CMPNAME>READ_WHOHU</CMPNAME>
     <SCONAME>IV_WHO</SCONAME>
     <LANGU>E</LANGU>
     <DESCRIPT>Warehouse Order Number</DESCRIPT>
    </SEOSUBCOTX>
    <SEOSUBCOTX>
     <CMPNAME>READ_WHOHU</CMPNAME>
     <SCONAME>ZCX_EWM_BASE_DB</SCONAME>
     <LANGU>E</LANGU>
     <DESCRIPT>Class for exceptions: DB Access Error</DESCRIPT>
    </SEOSUBCOTX>
    <SEOSUBCOTX>
     <CMPNAME>READ_WHOHU_LIMITS</CMPNAME>
     <SCONAME>ET_WO_LIMIT</SCONAME>
     <LANGU>E</LANGU>
     <DESCRIPT>Table Type for WO HU limit</DESCRIPT>
    </SEOSUBCOTX>
    <SEOSUBCOTX>
     <CMPNAME>READ_WHOHU_LIMITS</CMPNAME>
     <SCONAME>IV_PACK_PROFILE</SCONAME>
     <LANGU>E</LANGU>
     <DESCRIPT>Packing Profile for Warehouse Order</DESCRIPT>
    </SEOSUBCOTX>
    <SEOSUBCOTX>
     <CMPNAME>READ_WHOHU_LIMITS</CMPNAME>
     <SCONAME>IV_WOCR</SCONAME>
     <LANGU>E</LANGU>
     <DESCRIPT>Warehouse Order Creation Rule</DESCRIPT>
    </SEOSUBCOTX>
    <SEOSUBCOTX>
     <CMPNAME>READ_WO_RSRC_TY</CMPNAME>
     <SCONAME>IT_WHOID</SCONAME>
     <LANGU>E</LANGU>
     <DESCRIPT>Table of Warehouse Order Numbers</DESCRIPT>
    </SEOSUBCOTX>
    <SEOSUBCOTX>
     <CMPNAME>READ_WO_RSRC_TY</CMPNAME>
     <SCONAME>IV_LGNUM</SCONAME>
     <LANGU>E</LANGU>
     <DESCRIPT>Warehouse Number/Warehouse Complex</DESCRIPT>
    </SEOSUBCOTX>
    <SEOSUBCOTX>
     <CMPNAME>READ_WO_RSRC_TY</CMPNAME>
     <SCONAME>IV_QUEUE</SCONAME>
     <LANGU>E</LANGU>
     <DESCRIPT>Queue</DESCRIPT>
    </SEOSUBCOTX>
    <SEOSUBCOTX>
     <CMPNAME>READ_WO_RSRC_TY</CMPNAME>
     <SCONAME>IV_RSRC_TYP</SCONAME>
     <LANGU>E</LANGU>
     <DESCRIPT>Resource Type</DESCRIPT>
    </SEOSUBCOTX>
    <SEOSUBCOTX>
     <CMPNAME>READ_WO_RSRC_TY</CMPNAME>
     <SCONAME>RT_WHO</SCONAME>
     <LANGU>E</LANGU>
     <DESCRIPT>Optional Resource Types for Warehouse Order Execution</DESCRIPT>
    </SEOSUBCOTX>
    <SEOSUBCOTX>
     <CMPNAME>READ_WO_RSRC_TY</CMPNAME>
     <SCONAME>ZCX_EWM_BASE_DB</SCONAME>
     <LANGU>E</LANGU>
     <DESCRIPT>Class for exceptions: DB Access Error</DESCRIPT>
    </SEOSUBCOTX>
    <SEOSUBCOTX>
     <CMPNAME>SET_RSRC_TO_WHO</CMPNAME>
     <SCONAME>IT_WHOID</SCONAME>
     <LANGU>E</LANGU>
     <DESCRIPT>Table of Warehouse Order Numbers</DESCRIPT>
    </SEOSUBCOTX>
    <SEOSUBCOTX>
     <CMPNAME>SET_RSRC_TO_WHO</CMPNAME>
     <SCONAME>IV_LGNUM</SCONAME>
     <LANGU>E</LANGU>
     <DESCRIPT>Warehouse Number/Warehouse Complex</DESCRIPT>
    </SEOSUBCOTX>
    <SEOSUBCOTX>
     <CMPNAME>SET_RSRC_TO_WHO</CMPNAME>
     <SCONAME>IV_RSRC</SCONAME>
     <LANGU>E</LANGU>
     <DESCRIPT>Resource (Means of Transportation or User)</DESCRIPT>
    </SEOSUBCOTX>
    <SEOSUBCOTX>
     <CMPNAME>SET_RSRC_TO_WHO</CMPNAME>
     <SCONAME>IV_RSRC_TYPE</SCONAME>
     <LANGU>E</LANGU>
     <DESCRIPT>Resource Type</DESCRIPT>
    </SEOSUBCOTX>
    <SEOSUBCOTX>
     <CMPNAME>SET_RSRC_TO_WHO</CMPNAME>
     <SCONAME>ZCX_EWM_BASE_DB</SCONAME>
     <LANGU>E</LANGU>
     <DESCRIPT>Class for exceptions: DB Access Error</DESCRIPT>
    </SEOSUBCOTX>
    <SEOSUBCOTX>
     <CMPNAME>SET_STATUS_WHO</CMPNAME>
     <SCONAME>IT_WHOID</SCONAME>
     <LANGU>E</LANGU>
     <DESCRIPT>Table of Warehouse Order Numbers</DESCRIPT>
    </SEOSUBCOTX>
    <SEOSUBCOTX>
     <CMPNAME>SET_STATUS_WHO</CMPNAME>
     <SCONAME>IV_LGNUM</SCONAME>
     <LANGU>E</LANGU>
     <DESCRIPT>Warehouse Number/Warehouse Complex</DESCRIPT>
    </SEOSUBCOTX>
    <SEOSUBCOTX>
     <CMPNAME>SET_STATUS_WHO</CMPNAME>
     <SCONAME>IV_WHOSTAT</SCONAME>
     <LANGU>E</LANGU>
     <DESCRIPT>Warehouse Order Status</DESCRIPT>
    </SEOSUBCOTX>
    <SEOSUBCOTX>
     <CMPNAME>SET_STATUS_WHO</CMPNAME>
     <SCONAME>ZCX_EWM_BASE_DB</SCONAME>
     <LANGU>E</LANGU>
     <DESCRIPT>Class for exceptions: DB Access Error</DESCRIPT>
    </SEOSUBCOTX>
    <SEOSUBCOTX>
     <CMPNAME>WO_MERGE</CMPNAME>
     <SCONAME>ET_BAPIRET</SCONAME>
     <LANGU>E</LANGU>
     <DESCRIPT>Table with BAPI Return Information</DESCRIPT>
    </SEOSUBCOTX>
    <SEOSUBCOTX>
     <CMPNAME>WO_MERGE</CMPNAME>
     <SCONAME>ET_WHO</SCONAME>
     <LANGU>E</LANGU>
     <DESCRIPT>Warehouse Order</DESCRIPT>
    </SEOSUBCOTX>
    <SEOSUBCOTX>
     <CMPNAME>WO_MERGE</CMPNAME>
     <SCONAME>EV_SEVERITY</SCONAME>
     <LANGU>E</LANGU>
     <DESCRIPT>Message type: S Success, E Error, W Warning, I Info, A Abort</DESCRIPT>
    </SEOSUBCOTX>
    <SEOSUBCOTX>
     <CMPNAME>WO_MERGE</CMPNAME>
     <SCONAME>IT_WHO</SCONAME>
     <LANGU>E</LANGU>
     <DESCRIPT>Table of Warehouse Order Numbers</DESCRIPT>
    </SEOSUBCOTX>
    <SEOSUBCOTX>
     <CMPNAME>WO_MERGE</CMPNAME>
     <SCONAME>IV_COMMIT</SCONAME>
     <LANGU>E</LANGU>
     <DESCRIPT>Checkbox</DESCRIPT>
    </SEOSUBCOTX>
    <SEOSUBCOTX>
     <CMPNAME>WO_MERGE</CMPNAME>
     <SCONAME>IV_LGNUM</SCONAME>
     <LANGU>E</LANGU>
     <DESCRIPT>Warehouse Number/Warehouse Complex</DESCRIPT>
    </SEOSUBCOTX>
    <SEOSUBCOTX>
     <CMPNAME>WO_MERGE</CMPNAME>
     <SCONAME>IV_REASON_CODE</SCONAME>
     <LANGU>E</LANGU>
     <DESCRIPT>Not More Closely Defined Area, Possibly Used for Patchlevels</DESCRIPT>
    </SEOSUBCOTX>
    <SEOSUBCOTX>
     <CMPNAME>WO_MERGE</CMPNAME>
     <SCONAME>IV_SIMULATE</SCONAME>
     <LANGU>E</LANGU>
     <DESCRIPT>Checkbox</DESCRIPT>
    </SEOSUBCOTX>
    <SEOSUBCOTX>
     <CMPNAME>WO_MERGE</CMPNAME>
     <SCONAME>IV_UPDATE</SCONAME>
     <LANGU>E</LANGU>
     <DESCRIPT>Checkbox</DESCRIPT>
    </SEOSUBCOTX>
    <SEOSUBCOTX>
     <CMPNAME>WO_MERGE</CMPNAME>
     <SCONAME>IV_WCR</SCONAME>
     <LANGU>E</LANGU>
     <DESCRIPT>Warehouse Order Creation Rule</DESCRIPT>
    </SEOSUBCOTX>
   </DESCRIPTIONS_SUB>
  </asx:values>
 </asx:abap>
</abapGit>
