﻿<?xml version="1.0" encoding="utf-8"?>
<abapGit version="v1.0.0" serializer="LCL_OBJECT_CLAS" serializer_version="v1.0.0">
 <asx:abap xmlns:asx="http://www.sap.com/abapxml" version="1.0">
  <asx:values>
   <VSEOCLASS>
    <CLSNAME>ZCL_EWM_BASE_DB_DLV</CLSNAME>
    <LANGU>E</LANGU>
    <DESCRIPT>DB class for: Deliveries</DESCRIPT>
    <STATE>1</STATE>
    <CLSCCINCL>X</CLSCCINCL>
    <FIXPT>X</FIXPT>
    <UNICODE>X</UNICODE>
   </VSEOCLASS>
   <DESCRIPTIONS>
    <SEOCOMPOTX>
     <CMPNAME>DLV_TO_REFDOC_R</CMPNAME>
     <LANGU>E</LANGU>
     <DESCRIPT>Select Deliveries by Reference Document</DESCRIPT>
    </SEOCOMPOTX>
    <SEOCOMPOTX>
     <CMPNAME>HEAD_TO_REFDOC_R</CMPNAME>
     <LANGU>E</LANGU>
     <DESCRIPT>Select Deliveries by Reference Document</DESCRIPT>
    </SEOCOMPOTX>
    <SEOCOMPOTX>
     <CMPNAME>QUERY</CMPNAME>
     <LANGU>E</LANGU>
     <DESCRIPT>Read delivery data</DESCRIPT>
    </SEOCOMPOTX>
    <SEOCOMPOTX>
     <CMPNAME>QUERY_DLV_H</CMPNAME>
     <LANGU>E</LANGU>
     <DESCRIPT>Read delivery header data</DESCRIPT>
    </SEOCOMPOTX>
    <SEOCOMPOTX>
     <CMPNAME>QUERY_DLV_I</CMPNAME>
     <LANGU>E</LANGU>
     <DESCRIPT>Read delivery items data</DESCRIPT>
    </SEOCOMPOTX>
    <SEOCOMPOTX>
     <CMPNAME>QUERY_INIT</CMPNAME>
     <LANGU>E</LANGU>
     <DESCRIPT>Prepare selection</DESCRIPT>
    </SEOCOMPOTX>
    <SEOCOMPOTX>
     <CMPNAME>QUERY_PREP_SEL_EQ</CMPNAME>
     <LANGU>E</LANGU>
     <DESCRIPT>Prepare selection criterion for the query (EQ-statement)</DESCRIPT>
    </SEOCOMPOTX>
   </DESCRIPTIONS>
   <DESCRIPTIONS_SUB>
    <SEOSUBCOTX>
     <CMPNAME>DLV_TO_REFDOC_R</CMPNAME>
     <SCONAME>ET_DLV_H</SCONAME>
     <LANGU>E</LANGU>
     <DESCRIPT>Delivery Header (PRD) for Read Operations</DESCRIPT>
    </SEOSUBCOTX>
    <SEOSUBCOTX>
     <CMPNAME>DLV_TO_REFDOC_R</CMPNAME>
     <SCONAME>ET_DLV_I</SCONAME>
     <LANGU>E</LANGU>
     <DESCRIPT>Delivery Item (PRD) for Read Operations</DESCRIPT>
    </SEOSUBCOTX>
    <SEOSUBCOTX>
     <CMPNAME>DLV_TO_REFDOC_R</CMPNAME>
     <SCONAME>IS_EXCLUDE_DATA</SCONAME>
     <LANGU>E</LANGU>
     <DESCRIPT>Exclude Following Data from Read and Return</DESCRIPT>
    </SEOSUBCOTX>
    <SEOSUBCOTX>
     <CMPNAME>DLV_TO_REFDOC_R</CMPNAME>
     <SCONAME>IS_INCLUDE_DATA</SCONAME>
     <LANGU>E</LANGU>
     <DESCRIPT>Choose Following Data for Reading and Return (PRD)</DESCRIPT>
    </SEOSUBCOTX>
    <SEOSUBCOTX>
     <CMPNAME>DLV_TO_REFDOC_R</CMPNAME>
     <SCONAME>IS_READ_OPTIONS</SCONAME>
     <LANGU>E</LANGU>
     <DESCRIPT>Control of Read Operation</DESCRIPT>
    </SEOSUBCOTX>
    <SEOSUBCOTX>
     <CMPNAME>DLV_TO_REFDOC_R</CMPNAME>
     <SCONAME>IT_SELECTION</SCONAME>
     <LANGU>E</LANGU>
     <DESCRIPT>Complex Selections</DESCRIPT>
    </SEOSUBCOTX>
    <SEOSUBCOTX>
     <CMPNAME>DLV_TO_REFDOC_R</CMPNAME>
     <SCONAME>IV_DOCCAT</SCONAME>
     <LANGU>E</LANGU>
     <DESCRIPT>Document Category</DESCRIPT>
    </SEOSUBCOTX>
    <SEOSUBCOTX>
     <CMPNAME>DLV_TO_REFDOC_R</CMPNAME>
     <SCONAME>IV_DYN_DATA</SCONAME>
     <LANGU>E</LANGU>
     <DESCRIPT>Checkbox</DESCRIPT>
    </SEOSUBCOTX>
    <SEOSUBCOTX>
     <CMPNAME>DLV_TO_REFDOC_R</CMPNAME>
     <SCONAME>IV_LGNUM</SCONAME>
     <LANGU>E</LANGU>
     <DESCRIPT>Warehouse Number/Warehouse Complex</DESCRIPT>
    </SEOSUBCOTX>
    <SEOSUBCOTX>
     <CMPNAME>DLV_TO_REFDOC_R</CMPNAME>
     <SCONAME>IV_LOCK</SCONAME>
     <LANGU>E</LANGU>
     <DESCRIPT>Checkbox</DESCRIPT>
    </SEOSUBCOTX>
    <SEOSUBCOTX>
     <CMPNAME>DLV_TO_REFDOC_R</CMPNAME>
     <SCONAME>IV_LOCK_MODE</SCONAME>
     <LANGU>E</LANGU>
     <DESCRIPT>Lock mode</DESCRIPT>
    </SEOSUBCOTX>
    <SEOSUBCOTX>
     <CMPNAME>DLV_TO_REFDOC_R</CMPNAME>
     <SCONAME>IV_REFDOCCAT</SCONAME>
     <LANGU>E</LANGU>
     <DESCRIPT>Reference Document Category</DESCRIPT>
    </SEOSUBCOTX>
    <SEOSUBCOTX>
     <CMPNAME>DLV_TO_REFDOC_R</CMPNAME>
     <SCONAME>IV_REFDOCNO</SCONAME>
     <LANGU>E</LANGU>
     <DESCRIPT>Reference Document Number</DESCRIPT>
    </SEOSUBCOTX>
    <SEOSUBCOTX>
     <CMPNAME>DLV_TO_REFDOC_R</CMPNAME>
     <SCONAME>ZCX_EWM_BASE_DB</SCONAME>
     <LANGU>E</LANGU>
     <DESCRIPT>Class for exceptions: DB Access Error</DESCRIPT>
    </SEOSUBCOTX>
    <SEOSUBCOTX>
     <CMPNAME>HEAD_TO_REFDOC_R</CMPNAME>
     <SCONAME>ET_DLV_H</SCONAME>
     <LANGU>E</LANGU>
     <DESCRIPT>Delivery Header (PRD) for Read Operations</DESCRIPT>
    </SEOSUBCOTX>
    <SEOSUBCOTX>
     <CMPNAME>HEAD_TO_REFDOC_R</CMPNAME>
     <SCONAME>IS_EXCLUDE_DATA</SCONAME>
     <LANGU>E</LANGU>
     <DESCRIPT>Exclude Following Data from Read and Return</DESCRIPT>
    </SEOSUBCOTX>
    <SEOSUBCOTX>
     <CMPNAME>HEAD_TO_REFDOC_R</CMPNAME>
     <SCONAME>IS_INCLUDE_DATA</SCONAME>
     <LANGU>E</LANGU>
     <DESCRIPT>Choose Following Data for Reading and Return (PRD)</DESCRIPT>
    </SEOSUBCOTX>
    <SEOSUBCOTX>
     <CMPNAME>HEAD_TO_REFDOC_R</CMPNAME>
     <SCONAME>IS_READ_OPTIONS</SCONAME>
     <LANGU>E</LANGU>
     <DESCRIPT>Control of Read Operation</DESCRIPT>
    </SEOSUBCOTX>
    <SEOSUBCOTX>
     <CMPNAME>HEAD_TO_REFDOC_R</CMPNAME>
     <SCONAME>IT_SELECTION</SCONAME>
     <LANGU>E</LANGU>
     <DESCRIPT>Complex Selections</DESCRIPT>
    </SEOSUBCOTX>
    <SEOSUBCOTX>
     <CMPNAME>HEAD_TO_REFDOC_R</CMPNAME>
     <SCONAME>IV_DOCCAT</SCONAME>
     <LANGU>E</LANGU>
     <DESCRIPT>Document Category</DESCRIPT>
    </SEOSUBCOTX>
    <SEOSUBCOTX>
     <CMPNAME>HEAD_TO_REFDOC_R</CMPNAME>
     <SCONAME>IV_DYN_DATA</SCONAME>
     <LANGU>E</LANGU>
     <DESCRIPT>Checkbox</DESCRIPT>
    </SEOSUBCOTX>
    <SEOSUBCOTX>
     <CMPNAME>HEAD_TO_REFDOC_R</CMPNAME>
     <SCONAME>IV_LGNUM</SCONAME>
     <LANGU>E</LANGU>
     <DESCRIPT>Warehouse Number/Warehouse Complex</DESCRIPT>
    </SEOSUBCOTX>
    <SEOSUBCOTX>
     <CMPNAME>HEAD_TO_REFDOC_R</CMPNAME>
     <SCONAME>IV_LOCK</SCONAME>
     <LANGU>E</LANGU>
     <DESCRIPT>Checkbox</DESCRIPT>
    </SEOSUBCOTX>
    <SEOSUBCOTX>
     <CMPNAME>HEAD_TO_REFDOC_R</CMPNAME>
     <SCONAME>IV_LOCK_MODE</SCONAME>
     <LANGU>E</LANGU>
     <DESCRIPT>Lock mode</DESCRIPT>
    </SEOSUBCOTX>
    <SEOSUBCOTX>
     <CMPNAME>HEAD_TO_REFDOC_R</CMPNAME>
     <SCONAME>IV_REFDOCCAT</SCONAME>
     <LANGU>E</LANGU>
     <DESCRIPT>Reference Document Category</DESCRIPT>
    </SEOSUBCOTX>
    <SEOSUBCOTX>
     <CMPNAME>HEAD_TO_REFDOC_R</CMPNAME>
     <SCONAME>IV_REFDOCNO</SCONAME>
     <LANGU>E</LANGU>
     <DESCRIPT>Reference Document Number</DESCRIPT>
    </SEOSUBCOTX>
    <SEOSUBCOTX>
     <CMPNAME>HEAD_TO_REFDOC_R</CMPNAME>
     <SCONAME>ZCX_EWM_BASE_DB</SCONAME>
     <LANGU>E</LANGU>
     <DESCRIPT>Class for exceptions: DB Access Error</DESCRIPT>
    </SEOSUBCOTX>
    <SEOSUBCOTX>
     <CMPNAME>QUERY</CMPNAME>
     <SCONAME>/SCDL/CX_DELIVERY</SCONAME>
     <LANGU>E</LANGU>
     <DESCRIPT>For New Exceptions Use /SCDL/CX_DELIVERY_T100</DESCRIPT>
    </SEOSUBCOTX>
    <SEOSUBCOTX>
     <CMPNAME>QUERY</CMPNAME>
     <SCONAME>EO_MESSAGE</SCONAME>
     <LANGU>E</LANGU>
     <DESCRIPT>Messages for Warehouse Requests with Number Support</DESCRIPT>
    </SEOSUBCOTX>
    <SEOSUBCOTX>
     <CMPNAME>QUERY</CMPNAME>
     <SCONAME>ET_DOCCAT_TEXTS</SCONAME>
     <LANGU>E</LANGU>
     <DESCRIPT>Texts</DESCRIPT>
    </SEOSUBCOTX>
    <SEOSUBCOTX>
     <CMPNAME>QUERY</CMPNAME>
     <SCONAME>ET_DOCTYPE_TEXTS</SCONAME>
     <LANGU>E</LANGU>
     <DESCRIPT>Texts</DESCRIPT>
    </SEOSUBCOTX>
    <SEOSUBCOTX>
     <CMPNAME>QUERY</CMPNAME>
     <SCONAME>ET_HEADERS</SCONAME>
     <LANGU>E</LANGU>
     <DESCRIPT>Delivery Header (PRD) for Read Operations</DESCRIPT>
    </SEOSUBCOTX>
    <SEOSUBCOTX>
     <CMPNAME>QUERY</CMPNAME>
     <SCONAME>ET_HU_HEADERS</SCONAME>
     <LANGU>E</LANGU>
     <DESCRIPT>Table Type for HU Headers in the Internal Structure</DESCRIPT>
    </SEOSUBCOTX>
    <SEOSUBCOTX>
     <CMPNAME>QUERY</CMPNAME>
     <SCONAME>ET_HU_ITEMS</SCONAME>
     <LANGU>E</LANGU>
     <DESCRIPT>Material Items in the HU</DESCRIPT>
    </SEOSUBCOTX>
    <SEOSUBCOTX>
     <CMPNAME>QUERY</CMPNAME>
     <SCONAME>ET_HU_PRD</SCONAME>
     <LANGU>E</LANGU>
     <DESCRIPT>Table with HU and PRD Data</DESCRIPT>
    </SEOSUBCOTX>
    <SEOSUBCOTX>
     <CMPNAME>QUERY</CMPNAME>
     <SCONAME>ET_HU_REF</SCONAME>
     <LANGU>E</LANGU>
     <DESCRIPT>Table with HU References</DESCRIPT>
    </SEOSUBCOTX>
    <SEOSUBCOTX>
     <CMPNAME>QUERY</CMPNAME>
     <SCONAME>ET_HU_TOP</SCONAME>
     <LANGU>E</LANGU>
     <DESCRIPT>Table Type for HU Headers in the Internal Structure</DESCRIPT>
    </SEOSUBCOTX>
    <SEOSUBCOTX>
     <CMPNAME>QUERY</CMPNAME>
     <SCONAME>ET_INCO1_TEXTS</SCONAME>
     <LANGU>E</LANGU>
     <DESCRIPT>Texts</DESCRIPT>
    </SEOSUBCOTX>
    <SEOSUBCOTX>
     <CMPNAME>QUERY</CMPNAME>
     <SCONAME>ET_ITEMCAT_TEXTS</SCONAME>
     <LANGU>E</LANGU>
     <DESCRIPT>Texts</DESCRIPT>
    </SEOSUBCOTX>
    <SEOSUBCOTX>
     <CMPNAME>QUERY</CMPNAME>
     <SCONAME>ET_ITEMS</SCONAME>
     <LANGU>E</LANGU>
     <DESCRIPT>Delivery Item (PRD) for Read Operations</DESCRIPT>
    </SEOSUBCOTX>
    <SEOSUBCOTX>
     <CMPNAME>QUERY</CMPNAME>
     <SCONAME>ET_ITEMS_TO</SCONAME>
     <LANGU>E</LANGU>
     <DESCRIPT>Delivery Item (PRD) for Read Operations (To Data)</DESCRIPT>
    </SEOSUBCOTX>
    <SEOSUBCOTX>
     <CMPNAME>QUERY</CMPNAME>
     <SCONAME>ET_ITEMTYPE_TEXTS</SCONAME>
     <LANGU>E</LANGU>
     <DESCRIPT>Texts</DESCRIPT>
    </SEOSUBCOTX>
    <SEOSUBCOTX>
     <CMPNAME>QUERY</CMPNAME>
     <SCONAME>ET_OD_HEADERS</SCONAME>
     <LANGU>E</LANGU>
     <DESCRIPT>Delivery Header (FD) for Read Operations</DESCRIPT>
    </SEOSUBCOTX>
    <SEOSUBCOTX>
     <CMPNAME>QUERY</CMPNAME>
     <SCONAME>IR_DM</SCONAME>
     <LANGU>E</LANGU>
     <DESCRIPT>Object Manager for Mass Accesses to Delivery PRD Objects</DESCRIPT>
    </SEOSUBCOTX>
    <SEOSUBCOTX>
     <CMPNAME>QUERY</CMPNAME>
     <SCONAME>IS_EXCLUDE_DATA</SCONAME>
     <LANGU>E</LANGU>
     <DESCRIPT>Exclude Following Data from Read and Return</DESCRIPT>
    </SEOSUBCOTX>
    <SEOSUBCOTX>
     <CMPNAME>QUERY</CMPNAME>
     <SCONAME>IS_INCLUDE_DATA</SCONAME>
     <LANGU>E</LANGU>
     <DESCRIPT>Choose Following Data for Reading and Return (PRD)</DESCRIPT>
    </SEOSUBCOTX>
    <SEOSUBCOTX>
     <CMPNAME>QUERY</CMPNAME>
     <SCONAME>IS_READ_OPTIONS</SCONAME>
     <LANGU>E</LANGU>
     <DESCRIPT>Control of Read Operation</DESCRIPT>
    </SEOSUBCOTX>
    <SEOSUBCOTX>
     <CMPNAME>QUERY</CMPNAME>
     <SCONAME>IT_DOCID</SCONAME>
     <LANGU>E</LANGU>
     <DESCRIPT>Document Identification with ID</DESCRIPT>
    </SEOSUBCOTX>
    <SEOSUBCOTX>
     <CMPNAME>QUERY</CMPNAME>
     <SCONAME>IT_DOCNO</SCONAME>
     <LANGU>E</LANGU>
     <DESCRIPT>Key for Delivery</DESCRIPT>
    </SEOSUBCOTX>
    <SEOSUBCOTX>
     <CMPNAME>QUERY</CMPNAME>
     <SCONAME>IT_SELECTION</SCONAME>
     <LANGU>E</LANGU>
     <DESCRIPT>Complex Selections</DESCRIPT>
    </SEOSUBCOTX>
    <SEOSUBCOTX>
     <CMPNAME>QUERY</CMPNAME>
     <SCONAME>IV_DOCCAT</SCONAME>
     <LANGU>E</LANGU>
     <DESCRIPT>Document Category</DESCRIPT>
    </SEOSUBCOTX>
    <SEOSUBCOTX>
     <CMPNAME>QUERY</CMPNAME>
     <SCONAME>IV_WHNO</SCONAME>
     <LANGU>E</LANGU>
     <DESCRIPT>Warehouse Number/Warehouse Complex</DESCRIPT>
    </SEOSUBCOTX>
    <SEOSUBCOTX>
     <CMPNAME>QUERY_DLV_H</CMPNAME>
     <SCONAME>/SCDL/CX_DELIVERY</SCONAME>
     <LANGU>E</LANGU>
     <DESCRIPT>For New Exceptions Use /SCDL/CX_DELIVERY_T100</DESCRIPT>
    </SEOSUBCOTX>
    <SEOSUBCOTX>
     <CMPNAME>QUERY_DLV_H</CMPNAME>
     <SCONAME>EO_MESSAGE</SCONAME>
     <LANGU>E</LANGU>
     <DESCRIPT>Messages for Warehouse Requests with Number Support</DESCRIPT>
    </SEOSUBCOTX>
    <SEOSUBCOTX>
     <CMPNAME>QUERY_DLV_H</CMPNAME>
     <SCONAME>ET_HEADERS</SCONAME>
     <LANGU>E</LANGU>
     <DESCRIPT>Delivery Header (PRD) for Read Operations</DESCRIPT>
    </SEOSUBCOTX>
    <SEOSUBCOTX>
     <CMPNAME>QUERY_DLV_H</CMPNAME>
     <SCONAME>IR_DM</SCONAME>
     <LANGU>E</LANGU>
     <DESCRIPT>Object Manager for Mass Accesses to Delivery PRD Objects</DESCRIPT>
    </SEOSUBCOTX>
    <SEOSUBCOTX>
     <CMPNAME>QUERY_DLV_H</CMPNAME>
     <SCONAME>IS_EXCLUDE_DATA</SCONAME>
     <LANGU>E</LANGU>
     <DESCRIPT>Exclude Following Data from Read and Return</DESCRIPT>
    </SEOSUBCOTX>
    <SEOSUBCOTX>
     <CMPNAME>QUERY_DLV_H</CMPNAME>
     <SCONAME>IS_INCLUDE_DATA</SCONAME>
     <LANGU>E</LANGU>
     <DESCRIPT>Choose Following Data for Reading and Return (PRD)</DESCRIPT>
    </SEOSUBCOTX>
    <SEOSUBCOTX>
     <CMPNAME>QUERY_DLV_H</CMPNAME>
     <SCONAME>IS_READ_OPTIONS</SCONAME>
     <LANGU>E</LANGU>
     <DESCRIPT>Control of Read Operation</DESCRIPT>
    </SEOSUBCOTX>
    <SEOSUBCOTX>
     <CMPNAME>QUERY_DLV_H</CMPNAME>
     <SCONAME>IT_DOCID</SCONAME>
     <LANGU>E</LANGU>
     <DESCRIPT>Document Identification with ID</DESCRIPT>
    </SEOSUBCOTX>
    <SEOSUBCOTX>
     <CMPNAME>QUERY_DLV_H</CMPNAME>
     <SCONAME>IT_DOCNO</SCONAME>
     <LANGU>E</LANGU>
     <DESCRIPT>Key for Delivery</DESCRIPT>
    </SEOSUBCOTX>
    <SEOSUBCOTX>
     <CMPNAME>QUERY_DLV_H</CMPNAME>
     <SCONAME>IT_SELECTION</SCONAME>
     <LANGU>E</LANGU>
     <DESCRIPT>Complex Selections</DESCRIPT>
    </SEOSUBCOTX>
    <SEOSUBCOTX>
     <CMPNAME>QUERY_DLV_H</CMPNAME>
     <SCONAME>IV_DOCCAT</SCONAME>
     <LANGU>E</LANGU>
     <DESCRIPT>Document Category</DESCRIPT>
    </SEOSUBCOTX>
    <SEOSUBCOTX>
     <CMPNAME>QUERY_DLV_H</CMPNAME>
     <SCONAME>IV_DOCID</SCONAME>
     <LANGU>E</LANGU>
     <DESCRIPT>Document ID</DESCRIPT>
    </SEOSUBCOTX>
    <SEOSUBCOTX>
     <CMPNAME>QUERY_DLV_H</CMPNAME>
     <SCONAME>IV_DOCNO</SCONAME>
     <LANGU>E</LANGU>
     <DESCRIPT>Document Number</DESCRIPT>
    </SEOSUBCOTX>
    <SEOSUBCOTX>
     <CMPNAME>QUERY_DLV_H</CMPNAME>
     <SCONAME>IV_DYN_DATA</SCONAME>
     <LANGU>E</LANGU>
     <DESCRIPT>Checkbox</DESCRIPT>
    </SEOSUBCOTX>
    <SEOSUBCOTX>
     <CMPNAME>QUERY_DLV_H</CMPNAME>
     <SCONAME>IV_LOCK</SCONAME>
     <LANGU>E</LANGU>
     <DESCRIPT>Checkbox</DESCRIPT>
    </SEOSUBCOTX>
    <SEOSUBCOTX>
     <CMPNAME>QUERY_DLV_H</CMPNAME>
     <SCONAME>IV_LOCK_MODE</SCONAME>
     <LANGU>E</LANGU>
     <DESCRIPT>Lock mode</DESCRIPT>
    </SEOSUBCOTX>
    <SEOSUBCOTX>
     <CMPNAME>QUERY_DLV_H</CMPNAME>
     <SCONAME>IV_WHNO</SCONAME>
     <LANGU>E</LANGU>
     <DESCRIPT>Warehouse Number/Warehouse Complex</DESCRIPT>
    </SEOSUBCOTX>
    <SEOSUBCOTX>
     <CMPNAME>QUERY_DLV_I</CMPNAME>
     <SCONAME>/SCDL/CX_DELIVERY</SCONAME>
     <LANGU>E</LANGU>
     <DESCRIPT>For New Exceptions Use /SCDL/CX_DELIVERY_T100</DESCRIPT>
    </SEOSUBCOTX>
    <SEOSUBCOTX>
     <CMPNAME>QUERY_DLV_I</CMPNAME>
     <SCONAME>EO_MESSAGE</SCONAME>
     <LANGU>E</LANGU>
     <DESCRIPT>Messages for Warehouse Requests with Number Support</DESCRIPT>
    </SEOSUBCOTX>
    <SEOSUBCOTX>
     <CMPNAME>QUERY_DLV_I</CMPNAME>
     <SCONAME>ET_ITEMS</SCONAME>
     <LANGU>E</LANGU>
     <DESCRIPT>Delivery Item (PRD) for Read Operations</DESCRIPT>
    </SEOSUBCOTX>
    <SEOSUBCOTX>
     <CMPNAME>QUERY_DLV_I</CMPNAME>
     <SCONAME>IR_DM</SCONAME>
     <LANGU>E</LANGU>
     <DESCRIPT>Object Manager for Mass Accesses to Delivery PRD Objects</DESCRIPT>
    </SEOSUBCOTX>
    <SEOSUBCOTX>
     <CMPNAME>QUERY_DLV_I</CMPNAME>
     <SCONAME>IS_EXCLUDE_DATA</SCONAME>
     <LANGU>E</LANGU>
     <DESCRIPT>Exclude Following Data from Read and Return</DESCRIPT>
    </SEOSUBCOTX>
    <SEOSUBCOTX>
     <CMPNAME>QUERY_DLV_I</CMPNAME>
     <SCONAME>IS_INCLUDE_DATA</SCONAME>
     <LANGU>E</LANGU>
     <DESCRIPT>Choose Following Data for Reading and Return (PRD)</DESCRIPT>
    </SEOSUBCOTX>
    <SEOSUBCOTX>
     <CMPNAME>QUERY_DLV_I</CMPNAME>
     <SCONAME>IS_READ_OPTIONS</SCONAME>
     <LANGU>E</LANGU>
     <DESCRIPT>Control of Read Operation</DESCRIPT>
    </SEOSUBCOTX>
    <SEOSUBCOTX>
     <CMPNAME>QUERY_DLV_I</CMPNAME>
     <SCONAME>IT_DOCID</SCONAME>
     <LANGU>E</LANGU>
     <DESCRIPT>Document Identification with ID</DESCRIPT>
    </SEOSUBCOTX>
    <SEOSUBCOTX>
     <CMPNAME>QUERY_DLV_I</CMPNAME>
     <SCONAME>IT_DOCNO</SCONAME>
     <LANGU>E</LANGU>
     <DESCRIPT>Key for Delivery</DESCRIPT>
    </SEOSUBCOTX>
    <SEOSUBCOTX>
     <CMPNAME>QUERY_DLV_I</CMPNAME>
     <SCONAME>IT_SELECTION</SCONAME>
     <LANGU>E</LANGU>
     <DESCRIPT>Complex Selections</DESCRIPT>
    </SEOSUBCOTX>
    <SEOSUBCOTX>
     <CMPNAME>QUERY_DLV_I</CMPNAME>
     <SCONAME>IV_DOCCAT</SCONAME>
     <LANGU>E</LANGU>
     <DESCRIPT>Document Category</DESCRIPT>
    </SEOSUBCOTX>
    <SEOSUBCOTX>
     <CMPNAME>QUERY_DLV_I</CMPNAME>
     <SCONAME>IV_DOCID</SCONAME>
     <LANGU>E</LANGU>
     <DESCRIPT>Document ID</DESCRIPT>
    </SEOSUBCOTX>
    <SEOSUBCOTX>
     <CMPNAME>QUERY_DLV_I</CMPNAME>
     <SCONAME>IV_DOCNO</SCONAME>
     <LANGU>E</LANGU>
     <DESCRIPT>Document Number</DESCRIPT>
    </SEOSUBCOTX>
    <SEOSUBCOTX>
     <CMPNAME>QUERY_DLV_I</CMPNAME>
     <SCONAME>IV_DYN_DATA</SCONAME>
     <LANGU>E</LANGU>
     <DESCRIPT>Checkbox</DESCRIPT>
    </SEOSUBCOTX>
    <SEOSUBCOTX>
     <CMPNAME>QUERY_DLV_I</CMPNAME>
     <SCONAME>IV_LOCK</SCONAME>
     <LANGU>E</LANGU>
     <DESCRIPT>Checkbox</DESCRIPT>
    </SEOSUBCOTX>
    <SEOSUBCOTX>
     <CMPNAME>QUERY_DLV_I</CMPNAME>
     <SCONAME>IV_LOCK_MODE</SCONAME>
     <LANGU>E</LANGU>
     <DESCRIPT>Lock mode</DESCRIPT>
    </SEOSUBCOTX>
    <SEOSUBCOTX>
     <CMPNAME>QUERY_DLV_I</CMPNAME>
     <SCONAME>IV_WHNO</SCONAME>
     <LANGU>E</LANGU>
     <DESCRIPT>Warehouse Number/Warehouse Complex</DESCRIPT>
    </SEOSUBCOTX>
    <SEOSUBCOTX>
     <CMPNAME>QUERY_INIT</CMPNAME>
     <SCONAME>ES_EXCLUDE_DATA</SCONAME>
     <LANGU>E</LANGU>
     <DESCRIPT>Exclude Following Data from Read and Return</DESCRIPT>
    </SEOSUBCOTX>
    <SEOSUBCOTX>
     <CMPNAME>QUERY_INIT</CMPNAME>
     <SCONAME>ES_INCLUDE_DATA</SCONAME>
     <LANGU>E</LANGU>
     <DESCRIPT>Choose Following Data for Reading and Return (PRD)</DESCRIPT>
    </SEOSUBCOTX>
    <SEOSUBCOTX>
     <CMPNAME>QUERY_INIT</CMPNAME>
     <SCONAME>ES_READ_OPTIONS</SCONAME>
     <LANGU>E</LANGU>
     <DESCRIPT>Control of Read Operation</DESCRIPT>
    </SEOSUBCOTX>
    <SEOSUBCOTX>
     <CMPNAME>QUERY_INIT</CMPNAME>
     <SCONAME>IV_DYN_DATA</SCONAME>
     <LANGU>E</LANGU>
     <DESCRIPT>Checkbox</DESCRIPT>
    </SEOSUBCOTX>
    <SEOSUBCOTX>
     <CMPNAME>QUERY_INIT</CMPNAME>
     <SCONAME>IV_HEAD</SCONAME>
     <LANGU>E</LANGU>
     <DESCRIPT>Checkbox</DESCRIPT>
    </SEOSUBCOTX>
    <SEOSUBCOTX>
     <CMPNAME>QUERY_INIT</CMPNAME>
     <SCONAME>IV_ITEM</SCONAME>
     <LANGU>E</LANGU>
     <DESCRIPT>Checkbox</DESCRIPT>
    </SEOSUBCOTX>
    <SEOSUBCOTX>
     <CMPNAME>QUERY_INIT</CMPNAME>
     <SCONAME>IV_LOCK</SCONAME>
     <LANGU>E</LANGU>
     <DESCRIPT>Checkbox</DESCRIPT>
    </SEOSUBCOTX>
    <SEOSUBCOTX>
     <CMPNAME>QUERY_INIT</CMPNAME>
     <SCONAME>IV_LOCK_MODE</SCONAME>
     <LANGU>E</LANGU>
     <DESCRIPT>Lock mode</DESCRIPT>
    </SEOSUBCOTX>
    <SEOSUBCOTX>
     <CMPNAME>QUERY_PREP_SEL_EQ</CMPNAME>
     <SCONAME>CT_SELECTION</SCONAME>
     <LANGU>E</LANGU>
     <DESCRIPT>Complex Selections</DESCRIPT>
    </SEOSUBCOTX>
    <SEOSUBCOTX>
     <CMPNAME>QUERY_PREP_SEL_EQ</CMPNAME>
     <SCONAME>IV_LOGFNAME</SCONAME>
     <LANGU>E</LANGU>
     <DESCRIPT>Logical Field Name</DESCRIPT>
    </SEOSUBCOTX>
   </DESCRIPTIONS_SUB>
  </asx:values>
 </asx:abap>
</abapGit>
