﻿<?xml version="1.0" encoding="utf-8"?>
<abapGit version="v1.0.0" serializer="LCL_OBJECT_CLAS" serializer_version="v1.0.0">
 <asx:abap xmlns:asx="http://www.sap.com/abapxml" version="1.0">
  <asx:values>
   <VSEOCLASS>
    <CLSNAME>ZCL_EWM_BASE_DB_WHNUM</CLSNAME>
    <LANGU>E</LANGU>
    <DESCRIPT>Warehouse Number data</DESCRIPT>
    <STATE>1</STATE>
    <CLSCCINCL>X</CLSCCINCL>
    <FIXPT>X</FIXPT>
    <UNICODE>X</UNICODE>
   </VSEOCLASS>
   <DESCRIPTIONS>
    <SEOCOMPOTX>
     <CMPNAME>GET_MAPPING_WHSE_BY_LS</CMPNAME>
     <LANGU>E</LANGU>
     <DESCRIPT>GET pmapping warehouse number from Logical System</DESCRIPT>
    </SEOCOMPOTX>
   </DESCRIPTIONS>
   <DESCRIPTIONS_SUB>
    <SEOSUBCOTX>
     <CMPNAME>GET_MAPPING_WHSE_BY_LS</CMPNAME>
     <SCONAME>CT_MAPWHNUM</SCONAME>
     <LANGU>E</LANGU>
     <DESCRIPT>Table Type for warehouse mapping</DESCRIPT>
    </SEOSUBCOTX>
    <SEOSUBCOTX>
     <CMPNAME>GET_MAPPING_WHSE_BY_LS</CMPNAME>
     <SCONAME>IV_ERP_LOGICAL_SYSTEM</SCONAME>
     <LANGU>E</LANGU>
     <DESCRIPT>Logical System of ERP System</DESCRIPT>
    </SEOSUBCOTX>
   </DESCRIPTIONS_SUB>
  </asx:values>
 </asx:abap>
</abapGit>
