﻿<?xml version="1.0" encoding="utf-8"?>
<abapGit version="v1.0.0" serializer="LCL_OBJECT_CLAS" serializer_version="v1.0.0">
 <asx:abap xmlns:asx="http://www.sap.com/abapxml" version="1.0">
  <asx:values>
   <VSEOCLASS>
    <CLSNAME>ZCL_EWM_BASE_DB_BATCH</CLSNAME>
    <LANGU>E</LANGU>
    <DESCRIPT>DB Class for Batches</DESCRIPT>
    <STATE>1</STATE>
    <CLSCCINCL>X</CLSCCINCL>
    <FIXPT>X</FIXPT>
    <UNICODE>X</UNICODE>
   </VSEOCLASS>
   <DESCRIPTIONS>
    <SEOCOMPOTX>
     <CMPNAME>GET_INSTANCE</CMPNAME>
     <LANGU>E</LANGU>
     <DESCRIPT>GET active instance</DESCRIPT>
    </SEOCOMPOTX>
    <SEOCOMPOTX>
     <CMPNAME>GET_NPF</CMPNAME>
     <LANGU>E</LANGU>
     <DESCRIPT>GET NPFs for Product-Batch</DESCRIPT>
    </SEOCOMPOTX>
    <SEOCOMPOTX>
     <CMPNAME>GT_NPFS</CMPNAME>
     <LANGU>E</LANGU>
     <DESCRIPT>Table type for Product-batch-NPFs</DESCRIPT>
    </SEOCOMPOTX>
    <SEOCOMPOTX>
     <CMPNAME>INIT</CMPNAME>
     <LANGU>E</LANGU>
     <DESCRIPT>Initialize global buffer</DESCRIPT>
    </SEOCOMPOTX>
    <SEOCOMPOTX>
     <CMPNAME>IS_NPF_VALID</CMPNAME>
     <LANGU>E</LANGU>
     <DESCRIPT>Is NPF valid for Product-Batch?</DESCRIPT>
    </SEOCOMPOTX>
    <SEOCOMPOTX>
     <CMPNAME>READ_BATCH_DATA</CMPNAME>
     <LANGU>E</LANGU>
     <DESCRIPT>Read Batch</DESCRIPT>
    </SEOCOMPOTX>
    <SEOCOMPOTX>
     <CMPNAME>READ_BATCH_NPF</CMPNAME>
     <LANGU>E</LANGU>
     <DESCRIPT>READ  Batch NPFs</DESCRIPT>
    </SEOCOMPOTX>
    <SEOCOMPOTX>
     <CMPNAME>SR_SINGLETON</CMPNAME>
     <LANGU>E</LANGU>
     <DESCRIPT>DB Class for Batches</DESCRIPT>
    </SEOCOMPOTX>
   </DESCRIPTIONS>
   <DESCRIPTIONS_SUB>
    <SEOSUBCOTX>
     <CMPNAME>GET_INSTANCE</CMPNAME>
     <SCONAME>RR_SINGLETON</SCONAME>
     <LANGU>E</LANGU>
     <DESCRIPT>DB Class for Batches</DESCRIPT>
    </SEOSUBCOTX>
    <SEOSUBCOTX>
     <CMPNAME>GET_NPF</CMPNAME>
     <SCONAME>/SCWM/CX_BATCH_MANAGEMENT</SCONAME>
     <LANGU>E</LANGU>
     <DESCRIPT>System Exception Using ASSIGN</DESCRIPT>
    </SEOSUBCOTX>
    <SEOSUBCOTX>
     <CMPNAME>GET_NPF</CMPNAME>
     <SCONAME>IS_BATCH</SCONAME>
     <LANGU>E</LANGU>
     <DESCRIPT>Batches</DESCRIPT>
    </SEOSUBCOTX>
    <SEOSUBCOTX>
     <CMPNAME>GET_NPF</CMPNAME>
     <SCONAME>IV_BATCHNO</SCONAME>
     <LANGU>E</LANGU>
     <DESCRIPT>Batch</DESCRIPT>
    </SEOSUBCOTX>
    <SEOSUBCOTX>
     <CMPNAME>GET_NPF</CMPNAME>
     <SCONAME>IV_MATNR</SCONAME>
     <LANGU>E</LANGU>
     <DESCRIPT>Product</DESCRIPT>
    </SEOSUBCOTX>
    <SEOSUBCOTX>
     <CMPNAME>GET_NPF</CMPNAME>
     <SCONAME>RS_BATCH_NPF</SCONAME>
     <LANGU>E</LANGU>
     <DESCRIPT>Structure for Product-batch-NPFs</DESCRIPT>
    </SEOSUBCOTX>
    <SEOSUBCOTX>
     <CMPNAME>GET_NPF</CMPNAME>
     <SCONAME>ZCX_EWM_BASE_DB</SCONAME>
     <LANGU>E</LANGU>
     <DESCRIPT>Class for exceptions: DB Access Error</DESCRIPT>
    </SEOSUBCOTX>
    <SEOSUBCOTX>
     <CMPNAME>IS_NPF_VALID</CMPNAME>
     <SCONAME>IS_BATCH</SCONAME>
     <LANGU>E</LANGU>
     <DESCRIPT>Batches</DESCRIPT>
    </SEOSUBCOTX>
    <SEOSUBCOTX>
     <CMPNAME>IS_NPF_VALID</CMPNAME>
     <SCONAME>IV_NPF</SCONAME>
     <LANGU>E</LANGU>
     <DESCRIPT>Characteristic Value</DESCRIPT>
    </SEOSUBCOTX>
    <SEOSUBCOTX>
     <CMPNAME>READ_BATCH_DATA</CMPNAME>
     <SCONAME>/SCWM/CX_BATCH_MANAGEMENT</SCONAME>
     <LANGU>E</LANGU>
     <DESCRIPT>System Exception Using ASSIGN</DESCRIPT>
    </SEOSUBCOTX>
    <SEOSUBCOTX>
     <CMPNAME>READ_BATCH_DATA</CMPNAME>
     <SCONAME>ES_UI_BATCH</SCONAME>
     <LANGU>E</LANGU>
     <DESCRIPT>Batch (with Characteristics)</DESCRIPT>
    </SEOSUBCOTX>
    <SEOSUBCOTX>
     <CMPNAME>READ_BATCH_DATA</CMPNAME>
     <SCONAME>ET_VAL_CHAR</SCONAME>
     <LANGU>E</LANGU>
     <DESCRIPT>Table Type for BAPI1003_ALLOC_VALUES_CHAR</DESCRIPT>
    </SEOSUBCOTX>
    <SEOSUBCOTX>
     <CMPNAME>READ_BATCH_DATA</CMPNAME>
     <SCONAME>ET_VAL_CURR</SCONAME>
     <LANGU>E</LANGU>
     <DESCRIPT>Table Type for BAPI1003_ALLOC_VALUES_CURR</DESCRIPT>
    </SEOSUBCOTX>
    <SEOSUBCOTX>
     <CMPNAME>READ_BATCH_DATA</CMPNAME>
     <SCONAME>ET_VAL_NUM</SCONAME>
     <LANGU>E</LANGU>
     <DESCRIPT>Table Type for BAPI1003_ALLOC_VALUES_NUM</DESCRIPT>
    </SEOSUBCOTX>
    <SEOSUBCOTX>
     <CMPNAME>READ_BATCH_DATA</CMPNAME>
     <SCONAME>EV_VAL_FLG</SCONAME>
     <LANGU>E</LANGU>
     <DESCRIPT>Checkbox</DESCRIPT>
    </SEOSUBCOTX>
    <SEOSUBCOTX>
     <CMPNAME>READ_BATCH_DATA</CMPNAME>
     <SCONAME>IS_BATCH</SCONAME>
     <LANGU>E</LANGU>
     <DESCRIPT>Batches</DESCRIPT>
    </SEOSUBCOTX>
    <SEOSUBCOTX>
     <CMPNAME>READ_BATCH_DATA</CMPNAME>
     <SCONAME>IV_BATCHNO</SCONAME>
     <LANGU>E</LANGU>
     <DESCRIPT>Batch</DESCRIPT>
    </SEOSUBCOTX>
    <SEOSUBCOTX>
     <CMPNAME>READ_BATCH_DATA</CMPNAME>
     <SCONAME>IV_MATNR</SCONAME>
     <LANGU>E</LANGU>
     <DESCRIPT>Product</DESCRIPT>
    </SEOSUBCOTX>
    <SEOSUBCOTX>
     <CMPNAME>READ_BATCH_DATA</CMPNAME>
     <SCONAME>ZCX_EWM_BASE_DB</SCONAME>
     <LANGU>E</LANGU>
     <DESCRIPT>Class for exceptions: DB Access Error</DESCRIPT>
    </SEOSUBCOTX>
    <SEOSUBCOTX>
     <CMPNAME>READ_BATCH_NPF</CMPNAME>
     <SCONAME>/SCWM/CX_BATCH_MANAGEMENT</SCONAME>
     <LANGU>E</LANGU>
     <DESCRIPT>Batch Management Exceptions</DESCRIPT>
    </SEOSUBCOTX>
    <SEOSUBCOTX>
     <CMPNAME>READ_BATCH_NPF</CMPNAME>
     <SCONAME>IS_BATCH</SCONAME>
     <LANGU>E</LANGU>
     <DESCRIPT>Batches</DESCRIPT>
    </SEOSUBCOTX>
    <SEOSUBCOTX>
     <CMPNAME>READ_BATCH_NPF</CMPNAME>
     <SCONAME>IV_BATCHNO</SCONAME>
     <LANGU>E</LANGU>
     <DESCRIPT>Batch</DESCRIPT>
    </SEOSUBCOTX>
    <SEOSUBCOTX>
     <CMPNAME>READ_BATCH_NPF</CMPNAME>
     <SCONAME>IV_MATNR</SCONAME>
     <LANGU>E</LANGU>
     <DESCRIPT>Product</DESCRIPT>
    </SEOSUBCOTX>
    <SEOSUBCOTX>
     <CMPNAME>READ_BATCH_NPF</CMPNAME>
     <SCONAME>RS_BATCH_NPF</SCONAME>
     <LANGU>E</LANGU>
     <DESCRIPT>Structure for Product-batch-NPFs</DESCRIPT>
    </SEOSUBCOTX>
    <SEOSUBCOTX>
     <CMPNAME>READ_BATCH_NPF</CMPNAME>
     <SCONAME>ZCX_EWM_BASE_DB</SCONAME>
     <LANGU>E</LANGU>
     <DESCRIPT>Class for exceptions: DB Access Error</DESCRIPT>
    </SEOSUBCOTX>
   </DESCRIPTIONS_SUB>
  </asx:values>
 </asx:abap>
</abapGit>
