﻿<?xml version="1.0" encoding="utf-8"?>
<abapGit version="v1.0.0" serializer="LCL_OBJECT_CLAS" serializer_version="v1.0.0">
 <asx:abap xmlns:asx="http://www.sap.com/abapxml" version="1.0">
  <asx:values>
   <VSEOCLASS>
    <CLSNAME>ZCL_EWM_BASE_DB_PRODUCT</CLSNAME>
    <LANGU>E</LANGU>
    <DESCRIPT>DB class for: Product</DESCRIPT>
    <STATE>1</STATE>
    <CLSCCINCL>X</CLSCCINCL>
    <FIXPT>X</FIXPT>
    <UNICODE>X</UNICODE>
   </VSEOCLASS>
   <DESCRIPTIONS>
    <SEOCOMPOTX>
     <CMPNAME>GET_MATID_BY_MATNR</CMPNAME>
     <LANGU>E</LANGU>
     <DESCRIPT>GET product number with GUID</DESCRIPT>
    </SEOCOMPOTX>
    <SEOCOMPOTX>
     <CMPNAME>GET_MATMAP_MULTI</CMPNAME>
     <LANGU>E</LANGU>
     <DESCRIPT>GET Material Mapping</DESCRIPT>
    </SEOCOMPOTX>
    <SEOCOMPOTX>
     <CMPNAME>GET_MATNR_BY_MATID</CMPNAME>
     <LANGU>E</LANGU>
     <DESCRIPT>GET GUID with product</DESCRIPT>
    </SEOCOMPOTX>
    <SEOCOMPOTX>
     <CMPNAME>GET_MATPACK_BY_MATID</CMPNAME>
     <LANGU>E</LANGU>
     <DESCRIPT>GET Packaging Data of a product</DESCRIPT>
    </SEOCOMPOTX>
    <SEOCOMPOTX>
     <CMPNAME>GET_MATXT</CMPNAME>
     <LANGU>E</LANGU>
     <DESCRIPT>GET material description</DESCRIPT>
    </SEOCOMPOTX>
    <SEOCOMPOTX>
     <CMPNAME>GET_MATXT_MULTI</CMPNAME>
     <LANGU>E</LANGU>
     <DESCRIPT>GET materials descriptions</DESCRIPT>
    </SEOCOMPOTX>
   </DESCRIPTIONS>
   <DESCRIPTIONS_SUB>
    <SEOSUBCOTX>
     <CMPNAME>GET_MATID_BY_MATNR</CMPNAME>
     <SCONAME>EV_MATID16</SCONAME>
     <LANGU>E</LANGU>
     <DESCRIPT>Product</DESCRIPT>
    </SEOSUBCOTX>
    <SEOSUBCOTX>
     <CMPNAME>GET_MATID_BY_MATNR</CMPNAME>
     <SCONAME>EV_MATID22</SCONAME>
     <LANGU>E</LANGU>
     <DESCRIPT>Internal Number (UID) for Product</DESCRIPT>
    </SEOSUBCOTX>
    <SEOSUBCOTX>
     <CMPNAME>GET_MATID_BY_MATNR</CMPNAME>
     <SCONAME>IV_MATNR</SCONAME>
     <LANGU>E</LANGU>
     <DESCRIPT>Product Number</DESCRIPT>
    </SEOSUBCOTX>
    <SEOSUBCOTX>
     <CMPNAME>GET_MATID_BY_MATNR</CMPNAME>
     <SCONAME>IV_MDLAPPL</SCONAME>
     <LANGU>E</LANGU>
     <DESCRIPT>Application Components That Use MDL</DESCRIPT>
    </SEOSUBCOTX>
    <SEOSUBCOTX>
     <CMPNAME>GET_MATID_BY_MATNR</CMPNAME>
     <SCONAME>ZCX_EWM_BASE_DB</SCONAME>
     <LANGU>E</LANGU>
     <DESCRIPT>Class for exceptions: DB Access Error</DESCRIPT>
    </SEOSUBCOTX>
    <SEOSUBCOTX>
     <CMPNAME>GET_MATMAP_MULTI</CMPNAME>
     <SCONAME>ET_MATMAP</SCONAME>
     <LANGU>E</LANGU>
     <DESCRIPT>structure for /sapapo/matpack</DESCRIPT>
    </SEOSUBCOTX>
    <SEOSUBCOTX>
     <CMPNAME>GET_MATMAP_MULTI</CMPNAME>
     <SCONAME>IT_MATID_R</SCONAME>
     <LANGU>E</LANGU>
     <DESCRIPT>Internal Number (UID) for Product</DESCRIPT>
    </SEOSUBCOTX>
    <SEOSUBCOTX>
     <CMPNAME>GET_MATMAP_MULTI</CMPNAME>
     <SCONAME>ZCX_EWM_BASE_DB</SCONAME>
     <LANGU>E</LANGU>
     <DESCRIPT>Class for exceptions: DB Access Error</DESCRIPT>
    </SEOSUBCOTX>
    <SEOSUBCOTX>
     <CMPNAME>GET_MATNR_BY_MATID</CMPNAME>
     <SCONAME>IV_MATID16</SCONAME>
     <LANGU>E</LANGU>
     <DESCRIPT>Product</DESCRIPT>
    </SEOSUBCOTX>
    <SEOSUBCOTX>
     <CMPNAME>GET_MATNR_BY_MATID</CMPNAME>
     <SCONAME>IV_MATID22</SCONAME>
     <LANGU>E</LANGU>
     <DESCRIPT>Internal Number (UID) for Product</DESCRIPT>
    </SEOSUBCOTX>
    <SEOSUBCOTX>
     <CMPNAME>GET_MATNR_BY_MATID</CMPNAME>
     <SCONAME>IV_MDLAPPL</SCONAME>
     <LANGU>E</LANGU>
     <DESCRIPT>Application Components That Use MDL</DESCRIPT>
    </SEOSUBCOTX>
    <SEOSUBCOTX>
     <CMPNAME>GET_MATNR_BY_MATID</CMPNAME>
     <SCONAME>RV_MATNR</SCONAME>
     <LANGU>E</LANGU>
     <DESCRIPT>Product Number</DESCRIPT>
    </SEOSUBCOTX>
    <SEOSUBCOTX>
     <CMPNAME>GET_MATNR_BY_MATID</CMPNAME>
     <SCONAME>ZCX_EWM_BASE_DB</SCONAME>
     <LANGU>E</LANGU>
     <DESCRIPT>Class for exceptions: DB Access Error</DESCRIPT>
    </SEOSUBCOTX>
    <SEOSUBCOTX>
     <CMPNAME>GET_MATPACK_BY_MATID</CMPNAME>
     <SCONAME>ES_MATPACK</SCONAME>
     <LANGU>E</LANGU>
     <DESCRIPT>structure for /sapapo/matpack</DESCRIPT>
    </SEOSUBCOTX>
    <SEOSUBCOTX>
     <CMPNAME>GET_MATPACK_BY_MATID</CMPNAME>
     <SCONAME>IV_MATID22</SCONAME>
     <LANGU>E</LANGU>
     <DESCRIPT>Internal Number (UID) for Product</DESCRIPT>
    </SEOSUBCOTX>
    <SEOSUBCOTX>
     <CMPNAME>GET_MATPACK_BY_MATID</CMPNAME>
     <SCONAME>ZCX_EWM_BASE_DB</SCONAME>
     <LANGU>E</LANGU>
     <DESCRIPT>Class for exceptions: DB Access Error</DESCRIPT>
    </SEOSUBCOTX>
    <SEOSUBCOTX>
     <CMPNAME>GET_MATXT</CMPNAME>
     <SCONAME>IV_LANGU</SCONAME>
     <LANGU>E</LANGU>
     <DESCRIPT>Language Key</DESCRIPT>
    </SEOSUBCOTX>
    <SEOSUBCOTX>
     <CMPNAME>GET_MATXT</CMPNAME>
     <SCONAME>IV_MATID16</SCONAME>
     <LANGU>E</LANGU>
     <DESCRIPT>Product</DESCRIPT>
    </SEOSUBCOTX>
    <SEOSUBCOTX>
     <CMPNAME>GET_MATXT</CMPNAME>
     <SCONAME>IV_MATID22</SCONAME>
     <LANGU>E</LANGU>
     <DESCRIPT>Internal Number (UID) for Product</DESCRIPT>
    </SEOSUBCOTX>
    <SEOSUBCOTX>
     <CMPNAME>GET_MATXT</CMPNAME>
     <SCONAME>RV_MAKTX</SCONAME>
     <LANGU>E</LANGU>
     <DESCRIPT>Product Short Description</DESCRIPT>
    </SEOSUBCOTX>
    <SEOSUBCOTX>
     <CMPNAME>GET_MATXT</CMPNAME>
     <SCONAME>ZCX_EWM_BASE_DB</SCONAME>
     <LANGU>E</LANGU>
     <DESCRIPT>Class for exceptions: DB Access Error</DESCRIPT>
    </SEOSUBCOTX>
    <SEOSUBCOTX>
     <CMPNAME>GET_MATXT_MULTI</CMPNAME>
     <SCONAME>IT_MATID</SCONAME>
     <LANGU>E</LANGU>
     <DESCRIPT>Table with Mat. IDs</DESCRIPT>
    </SEOSUBCOTX>
    <SEOSUBCOTX>
     <CMPNAME>GET_MATXT_MULTI</CMPNAME>
     <SCONAME>IV_LANGU</SCONAME>
     <LANGU>E</LANGU>
     <DESCRIPT>Language Key</DESCRIPT>
    </SEOSUBCOTX>
    <SEOSUBCOTX>
     <CMPNAME>GET_MATXT_MULTI</CMPNAME>
     <SCONAME>RT_MATXT</SCONAME>
     <LANGU>E</LANGU>
     <DESCRIPT>Table of Material Short Texts</DESCRIPT>
    </SEOSUBCOTX>
    <SEOSUBCOTX>
     <CMPNAME>GET_MATXT_MULTI</CMPNAME>
     <SCONAME>ZCX_EWM_BASE_DB</SCONAME>
     <LANGU>E</LANGU>
     <DESCRIPT>Class for exceptions: DB Access Error</DESCRIPT>
    </SEOSUBCOTX>
   </DESCRIPTIONS_SUB>
  </asx:values>
 </asx:abap>
</abapGit>
