﻿<?xml version="1.0" encoding="utf-8"?>
<abapGit version="v1.0.0" serializer="LCL_OBJECT_CLAS" serializer_version="v1.0.0">
 <asx:abap xmlns:asx="http://www.sap.com/abapxml" version="1.0">
  <asx:values>
   <VSEOCLASS>
    <CLSNAME>ZCL_EWM_BASE_DB_STOCK</CLSNAME>
    <LANGU>E</LANGU>
    <DESCRIPT>DB class for: Stock</DESCRIPT>
    <STATE>1</STATE>
    <CLSCCINCL>X</CLSCCINCL>
    <FIXPT>X</FIXPT>
    <UNICODE>X</UNICODE>
   </VSEOCLASS>
   <DESCRIPTIONS>
    <SEOCOMPOTX>
     <CMPNAME>GET_AVAILABLE_STOCK</CMPNAME>
     <LANGU>E</LANGU>
     <DESCRIPT>GET Physical Stock per Storage Type (list) and product</DESCRIPT>
    </SEOCOMPOTX>
    <SEOCOMPOTX>
     <CMPNAME>GET_PHYSICAL_STOCK</CMPNAME>
     <LANGU>E</LANGU>
     <DESCRIPT>Get Physical Stock</DESCRIPT>
    </SEOCOMPOTX>
   </DESCRIPTIONS>
   <DESCRIPTIONS_SUB>
    <SEOSUBCOTX>
     <CMPNAME>GET_AVAILABLE_STOCK</CMPNAME>
     <SCONAME>ET_AQUA</SCONAME>
     <LANGU>E</LANGU>
     <DESCRIPT>Available Quantities</DESCRIPT>
    </SEOSUBCOTX>
    <SEOSUBCOTX>
     <CMPNAME>GET_AVAILABLE_STOCK</CMPNAME>
     <SCONAME>ET_BAPIRET</SCONAME>
     <LANGU>E</LANGU>
     <DESCRIPT>Return table</DESCRIPT>
    </SEOSUBCOTX>
    <SEOSUBCOTX>
     <CMPNAME>GET_AVAILABLE_STOCK</CMPNAME>
     <SCONAME>IT_LGPLA_R</SCONAME>
     <LANGU>E</LANGU>
     <DESCRIPT>SELECT-OPTIONS Table</DESCRIPT>
    </SEOSUBCOTX>
    <SEOSUBCOTX>
     <CMPNAME>GET_AVAILABLE_STOCK</CMPNAME>
     <SCONAME>IT_LGTYP_R</SCONAME>
     <LANGU>E</LANGU>
     <DESCRIPT>SELECT-OPTIONS Table</DESCRIPT>
    </SEOSUBCOTX>
    <SEOSUBCOTX>
     <CMPNAME>GET_AVAILABLE_STOCK</CMPNAME>
     <SCONAME>IT_MATID_R</SCONAME>
     <LANGU>E</LANGU>
     <DESCRIPT>SELECT-OPTIONS Table</DESCRIPT>
    </SEOSUBCOTX>
    <SEOSUBCOTX>
     <CMPNAME>GET_AVAILABLE_STOCK</CMPNAME>
     <SCONAME>IT_RSRC_R</SCONAME>
     <LANGU>E</LANGU>
     <DESCRIPT>SELECT-OPTIONS Table</DESCRIPT>
    </SEOSUBCOTX>
    <SEOSUBCOTX>
     <CMPNAME>GET_AVAILABLE_STOCK</CMPNAME>
     <SCONAME>IV_LGNUM</SCONAME>
     <LANGU>E</LANGU>
     <DESCRIPT>Warehouse Number/Warehouse Complex</DESCRIPT>
    </SEOSUBCOTX>
    <SEOSUBCOTX>
     <CMPNAME>GET_PHYSICAL_STOCK</CMPNAME>
     <SCONAME>ET_BAPIRET</SCONAME>
     <LANGU>E</LANGU>
     <DESCRIPT>Return table</DESCRIPT>
    </SEOSUBCOTX>
    <SEOSUBCOTX>
     <CMPNAME>GET_PHYSICAL_STOCK</CMPNAME>
     <SCONAME>ET_STOCK</SCONAME>
     <LANGU>E</LANGU>
     <DESCRIPT>Table with Stock Data</DESCRIPT>
    </SEOSUBCOTX>
    <SEOSUBCOTX>
     <CMPNAME>GET_PHYSICAL_STOCK</CMPNAME>
     <SCONAME>IT_LGPLA_R</SCONAME>
     <LANGU>E</LANGU>
     <DESCRIPT>SELECT-OPTIONS Table</DESCRIPT>
    </SEOSUBCOTX>
    <SEOSUBCOTX>
     <CMPNAME>GET_PHYSICAL_STOCK</CMPNAME>
     <SCONAME>IT_LGTYP_R</SCONAME>
     <LANGU>E</LANGU>
     <DESCRIPT>SELECT-OPTIONS Table</DESCRIPT>
    </SEOSUBCOTX>
    <SEOSUBCOTX>
     <CMPNAME>GET_PHYSICAL_STOCK</CMPNAME>
     <SCONAME>IT_MATID</SCONAME>
     <LANGU>E</LANGU>
     <DESCRIPT>Table Type for Material GUID</DESCRIPT>
    </SEOSUBCOTX>
    <SEOSUBCOTX>
     <CMPNAME>GET_PHYSICAL_STOCK</CMPNAME>
     <SCONAME>IT_RSRC_R</SCONAME>
     <LANGU>E</LANGU>
     <DESCRIPT>SELECT-OPTIONS Table</DESCRIPT>
    </SEOSUBCOTX>
    <SEOSUBCOTX>
     <CMPNAME>GET_PHYSICAL_STOCK</CMPNAME>
     <SCONAME>IV_LGNUM</SCONAME>
     <LANGU>E</LANGU>
     <DESCRIPT>Warehouse Number/Warehouse Complex</DESCRIPT>
    </SEOSUBCOTX>
   </DESCRIPTIONS_SUB>
  </asx:values>
 </asx:abap>
</abapGit>
