﻿<?xml version="1.0" encoding="utf-8"?>
<abapGit version="v1.0.0" serializer="LCL_OBJECT_CLAS" serializer_version="v1.0.0">
 <asx:abap xmlns:asx="http://www.sap.com/abapxml" version="1.0">
  <asx:values>
   <VSEOCLASS>
    <CLSNAME>ZCL_EWM_BASE_DB_TAAREA</CLSNAME>
    <LANGU>E</LANGU>
    <DESCRIPT>DB Class for: Activity Areas</DESCRIPT>
    <STATE>1</STATE>
    <CLSCCINCL>X</CLSCCINCL>
    <FIXPT>X</FIXPT>
    <UNICODE>X</UNICODE>
   </VSEOCLASS>
   <DESCRIPTIONS>
    <SEOCOMPOTX>
     <CMPNAME>GET_BIN_TAAREA_TA</CMPNAME>
     <LANGU>E</LANGU>
     <DESCRIPT>GET Bin assigned to TAAREA_TA</DESCRIPT>
    </SEOCOMPOTX>
    <SEOCOMPOTX>
     <CMPNAME>READ_TAAREA_TA</CMPNAME>
     <LANGU>E</LANGU>
     <DESCRIPT>READ /SCMW/TAAREA_TA</DESCRIPT>
    </SEOCOMPOTX>
   </DESCRIPTIONS>
   <DESCRIPTIONS_SUB>
    <SEOSUBCOTX>
     <CMPNAME>GET_BIN_TAAREA_TA</CMPNAME>
     <SCONAME>ES_LAGP_CLF</SCONAME>
     <LANGU>E</LANGU>
     <DESCRIPT>Storage Bins</DESCRIPT>
    </SEOSUBCOTX>
    <SEOSUBCOTX>
     <CMPNAME>GET_BIN_TAAREA_TA</CMPNAME>
     <SCONAME>ES_LAGP_END</SCONAME>
     <LANGU>E</LANGU>
     <DESCRIPT>Storage Bins</DESCRIPT>
    </SEOSUBCOTX>
    <SEOSUBCOTX>
     <CMPNAME>GET_BIN_TAAREA_TA</CMPNAME>
     <SCONAME>ES_LAGP_START</SCONAME>
     <LANGU>E</LANGU>
     <DESCRIPT>Storage Bins</DESCRIPT>
    </SEOSUBCOTX>
    <SEOSUBCOTX>
     <CMPNAME>GET_BIN_TAAREA_TA</CMPNAME>
     <SCONAME>IV_AAREA</SCONAME>
     <LANGU>E</LANGU>
     <DESCRIPT>Activity Area</DESCRIPT>
    </SEOSUBCOTX>
    <SEOSUBCOTX>
     <CMPNAME>GET_BIN_TAAREA_TA</CMPNAME>
     <SCONAME>IV_ACT_TYPE</SCONAME>
     <LANGU>E</LANGU>
     <DESCRIPT>Activity</DESCRIPT>
    </SEOSUBCOTX>
    <SEOSUBCOTX>
     <CMPNAME>GET_BIN_TAAREA_TA</CMPNAME>
     <SCONAME>IV_CLF</SCONAME>
     <LANGU>E</LANGU>
     <DESCRIPT>Checkbox</DESCRIPT>
    </SEOSUBCOTX>
    <SEOSUBCOTX>
     <CMPNAME>GET_BIN_TAAREA_TA</CMPNAME>
     <SCONAME>IV_END</SCONAME>
     <LANGU>E</LANGU>
     <DESCRIPT>Checkbox</DESCRIPT>
    </SEOSUBCOTX>
    <SEOSUBCOTX>
     <CMPNAME>GET_BIN_TAAREA_TA</CMPNAME>
     <SCONAME>IV_LGNUM</SCONAME>
     <LANGU>E</LANGU>
     <DESCRIPT>Warehouse Number/Warehouse Complex</DESCRIPT>
    </SEOSUBCOTX>
    <SEOSUBCOTX>
     <CMPNAME>GET_BIN_TAAREA_TA</CMPNAME>
     <SCONAME>IV_START</SCONAME>
     <LANGU>E</LANGU>
     <DESCRIPT>Checkbox</DESCRIPT>
    </SEOSUBCOTX>
    <SEOSUBCOTX>
     <CMPNAME>READ_TAAREA_TA</CMPNAME>
     <SCONAME>ES_TAAREA_TA</SCONAME>
     <LANGU>E</LANGU>
     <DESCRIPT>Additional Attributes for the Activity Area</DESCRIPT>
    </SEOSUBCOTX>
    <SEOSUBCOTX>
     <CMPNAME>READ_TAAREA_TA</CMPNAME>
     <SCONAME>IV_AAREA</SCONAME>
     <LANGU>E</LANGU>
     <DESCRIPT>Activity Area</DESCRIPT>
    </SEOSUBCOTX>
    <SEOSUBCOTX>
     <CMPNAME>READ_TAAREA_TA</CMPNAME>
     <SCONAME>IV_ACT_TYPE</SCONAME>
     <LANGU>E</LANGU>
     <DESCRIPT>Activity</DESCRIPT>
    </SEOSUBCOTX>
    <SEOSUBCOTX>
     <CMPNAME>READ_TAAREA_TA</CMPNAME>
     <SCONAME>IV_LGNUM</SCONAME>
     <LANGU>E</LANGU>
     <DESCRIPT>Warehouse Number/Warehouse Complex</DESCRIPT>
    </SEOSUBCOTX>
   </DESCRIPTIONS_SUB>
  </asx:values>
 </asx:abap>
</abapGit>
