﻿<?xml version="1.0" encoding="utf-8"?>
<abapGit version="v1.0.0" serializer="LCL_OBJECT_CLAS" serializer_version="v1.0.0">
 <asx:abap xmlns:asx="http://www.sap.com/abapxml" version="1.0">
  <asx:values>
   <VSEOCLASS>
    <CLSNAME>ZCL_EWM_BASE_LOGSYS</CLSNAME>
    <LANGU>E</LANGU>
    <DESCRIPT>Base Class to get Log Sys data</DESCRIPT>
    <STATE>1</STATE>
    <CLSCCINCL>X</CLSCCINCL>
    <FIXPT>X</FIXPT>
    <UNICODE>X</UNICODE>
   </VSEOCLASS>
   <DESCRIPTIONS>
    <SEOCOMPOTX>
     <CMPNAME>CONSTRUCTOR</CMPNAME>
     <LANGU>E</LANGU>
     <DESCRIPT>Constructor</DESCRIPT>
    </SEOCOMPOTX>
    <SEOCOMPOTX>
     <CMPNAME>GET_INSTANCE</CMPNAME>
     <LANGU>E</LANGU>
     <DESCRIPT>GET Instance</DESCRIPT>
    </SEOCOMPOTX>
    <SEOCOMPOTX>
     <CMPNAME>GET_LOGSYS_VALUE</CMPNAME>
     <LANGU>E</LANGU>
     <DESCRIPT>GET Log. Syst. value</DESCRIPT>
    </SEOCOMPOTX>
    <SEOCOMPOTX>
     <CMPNAME>GT_T000</CMPNAME>
     <LANGU>E</LANGU>
     <DESCRIPT>Clients</DESCRIPT>
    </SEOCOMPOTX>
    <SEOCOMPOTX>
     <CMPNAME>GV_MANDT</CMPNAME>
     <LANGU>E</LANGU>
     <DESCRIPT>Client</DESCRIPT>
    </SEOCOMPOTX>
    <SEOCOMPOTX>
     <CMPNAME>READ</CMPNAME>
     <LANGU>E</LANGU>
     <DESCRIPT>READ T000 Log Sys Data</DESCRIPT>
    </SEOCOMPOTX>
    <SEOCOMPOTX>
     <CMPNAME>SR_T000</CMPNAME>
     <LANGU>E</LANGU>
     <DESCRIPT>Base Class to get Log Sys data</DESCRIPT>
    </SEOCOMPOTX>
   </DESCRIPTIONS>
   <DESCRIPTIONS_SUB>
    <SEOSUBCOTX>
     <CMPNAME>CONSTRUCTOR</CMPNAME>
     <SCONAME>IV_MANDT</SCONAME>
     <LANGU>E</LANGU>
     <DESCRIPT>Client</DESCRIPT>
    </SEOSUBCOTX>
    <SEOSUBCOTX>
     <CMPNAME>GET_INSTANCE</CMPNAME>
     <SCONAME>IV_MANDT</SCONAME>
     <LANGU>E</LANGU>
     <DESCRIPT>Client</DESCRIPT>
    </SEOSUBCOTX>
    <SEOSUBCOTX>
     <CMPNAME>GET_INSTANCE</CMPNAME>
     <SCONAME>RR_T000</SCONAME>
     <LANGU>E</LANGU>
     <DESCRIPT>DB Class for: Parameters</DESCRIPT>
    </SEOSUBCOTX>
    <SEOSUBCOTX>
     <CMPNAME>GET_LOGSYS_VALUE</CMPNAME>
     <SCONAME>EV_LOGSYS</SCONAME>
     <LANGU>E</LANGU>
     <DESCRIPT>Logical System</DESCRIPT>
    </SEOSUBCOTX>
    <SEOSUBCOTX>
     <CMPNAME>GET_LOGSYS_VALUE</CMPNAME>
     <SCONAME>IV_MANDT</SCONAME>
     <LANGU>E</LANGU>
     <DESCRIPT>Client</DESCRIPT>
    </SEOSUBCOTX>
    <SEOSUBCOTX>
     <CMPNAME>GET_LOGSYS_VALUE</CMPNAME>
     <SCONAME>ZCX_EWM_BASE_DB</SCONAME>
     <LANGU>E</LANGU>
     <DESCRIPT>Class for exceptions: DB Access Error</DESCRIPT>
    </SEOSUBCOTX>
    <SEOSUBCOTX>
     <CMPNAME>READ</CMPNAME>
     <SCONAME>ET_T000</SCONAME>
     <LANGU>E</LANGU>
     <DESCRIPT>Clients</DESCRIPT>
    </SEOSUBCOTX>
    <SEOSUBCOTX>
     <CMPNAME>READ</CMPNAME>
     <SCONAME>IV_MANDT</SCONAME>
     <LANGU>E</LANGU>
     <DESCRIPT>Client</DESCRIPT>
    </SEOSUBCOTX>
   </DESCRIPTIONS_SUB>
  </asx:values>
 </asx:abap>
</abapGit>
