﻿<?xml version="1.0" encoding="utf-8"?>
<abapGit version="v1.0.0" serializer="LCL_OBJECT_CLAS" serializer_version="v1.0.0">
 <asx:abap xmlns:asx="http://www.sap.com/abapxml" version="1.0">
  <asx:values>
   <VSEOCLASS>
    <CLSNAME>ZCL_EWM_BASE_DB_TO</CLSNAME>
    <LANGU>E</LANGU>
    <DESCRIPT>DB class for: Warehouse Task</DESCRIPT>
    <STATE>1</STATE>
    <CLSCCINCL>X</CLSCCINCL>
    <FIXPT>X</FIXPT>
    <UNICODE>X</UNICODE>
   </VSEOCLASS>
   <DESCRIPTIONS>
    <SEOCOMPOTX>
     <CMPNAME>CANCEL_TO_MULTI</CMPNAME>
     <LANGU>E</LANGU>
     <DESCRIPT>Cancel WTs</DESCRIPT>
    </SEOCOMPOTX>
    <SEOCOMPOTX>
     <CMPNAME>CHANGE_ATT_MULTI</CMPNAME>
     <LANGU>E</LANGU>
     <DESCRIPT>Change WT Attributes</DESCRIPT>
    </SEOCOMPOTX>
    <SEOCOMPOTX>
     <CMPNAME>CREATE_MOVE_HU</CMPNAME>
     <LANGU>E</LANGU>
     <DESCRIPT>Create a Warehouse Task to move a Handling Unit</DESCRIPT>
    </SEOCOMPOTX>
    <SEOCOMPOTX>
     <CMPNAME>GC_FIELDNAME_IDPLATE</CMPNAME>
     <LANGU>E</LANGU>
     <DESCRIPT>Fielname: IDPLATE</DESCRIPT>
    </SEOCOMPOTX>
    <SEOCOMPOTX>
     <CMPNAME>GC_READ_WHR_FLGHUTO</CMPNAME>
     <LANGU>E</LANGU>
     <DESCRIPT>Single-Character Flag</DESCRIPT>
    </SEOCOMPOTX>
    <SEOCOMPOTX>
     <CMPNAME>GC_READ_WHR_FLGPRDTO</CMPNAME>
     <LANGU>E</LANGU>
     <DESCRIPT>Single-Character Flag</DESCRIPT>
    </SEOCOMPOTX>
    <SEOCOMPOTX>
     <CMPNAME>GET</CMPNAME>
     <LANGU>E</LANGU>
     <DESCRIPT>GET warehouse task if exists</DESCRIPT>
    </SEOCOMPOTX>
    <SEOCOMPOTX>
     <CMPNAME>GET_CONF_HU</CMPNAME>
     <LANGU>E</LANGU>
     <DESCRIPT>GET all confirmed Warehouse Tasks of a HU</DESCRIPT>
    </SEOCOMPOTX>
    <SEOCOMPOTX>
     <CMPNAME>GET_CONF_HUS_BY_DATE</CMPNAME>
     <LANGU>E</LANGU>
     <DESCRIPT>GET all confirmed Warehouse Tasks of a HU on a date</DESCRIPT>
    </SEOCOMPOTX>
    <SEOCOMPOTX>
     <CMPNAME>GET_CONF_WHO</CMPNAME>
     <LANGU>E</LANGU>
     <DESCRIPT>GET all Confirm Warehouse Tasks of warehouse orders</DESCRIPT>
    </SEOCOMPOTX>
    <SEOCOMPOTX>
     <CMPNAME>GET_INSTANCE</CMPNAME>
     <LANGU>E</LANGU>
     <DESCRIPT>GET active instance</DESCRIPT>
    </SEOCOMPOTX>
    <SEOCOMPOTX>
     <CMPNAME>GET_OPEN_HU</CMPNAME>
     <LANGU>E</LANGU>
     <DESCRIPT>GET all open Warehouse Tasks of a Handling Unit</DESCRIPT>
    </SEOCOMPOTX>
    <SEOCOMPOTX>
     <CMPNAME>GET_OPEN_HUID</CMPNAME>
     <LANGU>E</LANGU>
     <DESCRIPT>GET all open Warehouse Tasks of a HUID / Ship HUID</DESCRIPT>
    </SEOCOMPOTX>
    <SEOCOMPOTX>
     <CMPNAME>GET_OPEN_HU_MULTI</CMPNAME>
     <LANGU>E</LANGU>
     <DESCRIPT>GET all open Warehouse Tasks of Handling Units</DESCRIPT>
    </SEOCOMPOTX>
    <SEOCOMPOTX>
     <CMPNAME>GET_OPEN_LGTYP_DEST</CMPNAME>
     <LANGU>E</LANGU>
     <DESCRIPT>Return all open Warehouse Tasks for storage type</DESCRIPT>
    </SEOCOMPOTX>
    <SEOCOMPOTX>
     <CMPNAME>GET_OPEN_MAT</CMPNAME>
     <LANGU>E</LANGU>
     <DESCRIPT>Return all open Warehouse Tasks of a product</DESCRIPT>
    </SEOCOMPOTX>
    <SEOCOMPOTX>
     <CMPNAME>GET_OPEN_WHO</CMPNAME>
     <LANGU>E</LANGU>
     <DESCRIPT>GET all open Warehouse Tasks of warehouse orders</DESCRIPT>
    </SEOCOMPOTX>
    <SEOCOMPOTX>
     <CMPNAME>GET_OPEN_WT</CMPNAME>
     <LANGU>E</LANGU>
     <DESCRIPT>GET Open WT per Destination Storage Type and product</DESCRIPT>
    </SEOCOMPOTX>
    <SEOCOMPOTX>
     <CMPNAME>READ</CMPNAME>
     <LANGU>E</LANGU>
     <DESCRIPT>READ warehouse task if exists</DESCRIPT>
    </SEOCOMPOTX>
    <SEOCOMPOTX>
     <CMPNAME>READ_BY_STOCK_ID</CMPNAME>
     <LANGU>E</LANGU>
     <DESCRIPT>Read WT by Stock ID</DESCRIPT>
    </SEOCOMPOTX>
    <SEOCOMPOTX>
     <CMPNAME>READ_MULTI_WHR</CMPNAME>
     <LANGU>E</LANGU>
     <DESCRIPT>Read all Warehouse Task for a reference document</DESCRIPT>
    </SEOCOMPOTX>
    <SEOCOMPOTX>
     <CMPNAME>SET_STOCK_ID</CMPNAME>
     <LANGU>E</LANGU>
     <DESCRIPT>Set Stock ID in WT</DESCRIPT>
    </SEOCOMPOTX>
    <SEOCOMPOTX>
     <CMPNAME>SR_SINGLETON</CMPNAME>
     <LANGU>E</LANGU>
     <DESCRIPT>DB class for: Warehouse Task</DESCRIPT>
    </SEOCOMPOTX>
    <SEOCOMPOTX>
     <CMPNAME>UPDATE_OPEN_WT</CMPNAME>
     <LANGU>E</LANGU>
     <DESCRIPT>Update Open WT</DESCRIPT>
    </SEOCOMPOTX>
   </DESCRIPTIONS>
   <DESCRIPTIONS_SUB>
    <SEOSUBCOTX>
     <CMPNAME>CANCEL_TO_MULTI</CMPNAME>
     <SCONAME>ET_BAPIRET</SCONAME>
     <LANGU>E</LANGU>
     <DESCRIPT>Table with BAPI Return Information</DESCRIPT>
    </SEOSUBCOTX>
    <SEOSUBCOTX>
     <CMPNAME>CANCEL_TO_MULTI</CMPNAME>
     <SCONAME>IT_ORDIM_O</SCONAME>
     <LANGU>E</LANGU>
     <DESCRIPT>Table: Warehouse Tasks Open</DESCRIPT>
    </SEOSUBCOTX>
    <SEOSUBCOTX>
     <CMPNAME>CANCEL_TO_MULTI</CMPNAME>
     <SCONAME>IT_TANUM</SCONAME>
     <LANGU>E</LANGU>
     <DESCRIPT>WT Numbers, Unsorted</DESCRIPT>
    </SEOSUBCOTX>
    <SEOSUBCOTX>
     <CMPNAME>CANCEL_TO_MULTI</CMPNAME>
     <SCONAME>IV_LGNUM</SCONAME>
     <LANGU>E</LANGU>
     <DESCRIPT>Warehouse Number/Warehouse Complex</DESCRIPT>
    </SEOSUBCOTX>
    <SEOSUBCOTX>
     <CMPNAME>CANCEL_TO_MULTI</CMPNAME>
     <SCONAME>IV_TANUM</SCONAME>
     <LANGU>E</LANGU>
     <DESCRIPT>Warehouse Task</DESCRIPT>
    </SEOSUBCOTX>
    <SEOSUBCOTX>
     <CMPNAME>CANCEL_TO_MULTI</CMPNAME>
     <SCONAME>ZCX_EWM_BASE_DB</SCONAME>
     <LANGU>E</LANGU>
     <DESCRIPT>Class for exceptions: DB Access Error</DESCRIPT>
    </SEOSUBCOTX>
    <SEOSUBCOTX>
     <CMPNAME>CHANGE_ATT_MULTI</CMPNAME>
     <SCONAME>CT_BAPIRET</SCONAME>
     <LANGU>E</LANGU>
     <DESCRIPT>Table with BAPI Return Information</DESCRIPT>
    </SEOSUBCOTX>
    <SEOSUBCOTX>
     <CMPNAME>CHANGE_ATT_MULTI</CMPNAME>
     <SCONAME>EV_LOGNR</SCONAME>
     <LANGU>E</LANGU>
     <DESCRIPT>Application log: log number</DESCRIPT>
    </SEOSUBCOTX>
    <SEOSUBCOTX>
     <CMPNAME>CHANGE_ATT_MULTI</CMPNAME>
     <SCONAME>EV_SEVERITY</SCONAME>
     <LANGU>E</LANGU>
     <DESCRIPT>Message type: S Success, E Error, W Warning, I Info, A Abort</DESCRIPT>
    </SEOSUBCOTX>
    <SEOSUBCOTX>
     <CMPNAME>CHANGE_ATT_MULTI</CMPNAME>
     <SCONAME>IT_CHANGE_ATT</SCONAME>
     <LANGU>E</LANGU>
     <DESCRIPT>Item Fields for Attribute Change for Warehouse Task</DESCRIPT>
    </SEOSUBCOTX>
    <SEOSUBCOTX>
     <CMPNAME>CHANGE_ATT_MULTI</CMPNAME>
     <SCONAME>IV_COMMIT_WORK</SCONAME>
     <LANGU>E</LANGU>
     <DESCRIPT>Processing with COMMIT WORK</DESCRIPT>
    </SEOSUBCOTX>
    <SEOSUBCOTX>
     <CMPNAME>CHANGE_ATT_MULTI</CMPNAME>
     <SCONAME>IV_LGNUM</SCONAME>
     <LANGU>E</LANGU>
     <DESCRIPT>Warehouse Number/Warehouse Complex</DESCRIPT>
    </SEOSUBCOTX>
    <SEOSUBCOTX>
     <CMPNAME>CHANGE_ATT_MULTI</CMPNAME>
     <SCONAME>IV_UPDATE_TASK</SCONAME>
     <LANGU>E</LANGU>
     <DESCRIPT>Execute Posting Asynchronously Via Update Task</DESCRIPT>
    </SEOSUBCOTX>
    <SEOSUBCOTX>
     <CMPNAME>GET</CMPNAME>
     <SCONAME>ES_ORDIM_C</SCONAME>
     <LANGU>E</LANGU>
     <DESCRIPT>Warehouse Tasks Confirmed</DESCRIPT>
    </SEOSUBCOTX>
    <SEOSUBCOTX>
     <CMPNAME>GET</CMPNAME>
     <SCONAME>ES_ORDIM_O</SCONAME>
     <LANGU>E</LANGU>
     <DESCRIPT>Warehouse Tasks Open</DESCRIPT>
    </SEOSUBCOTX>
    <SEOSUBCOTX>
     <CMPNAME>GET</CMPNAME>
     <SCONAME>IV_LGNUM</SCONAME>
     <LANGU>E</LANGU>
     <DESCRIPT>Warehouse Number/Warehouse Complex</DESCRIPT>
    </SEOSUBCOTX>
    <SEOSUBCOTX>
     <CMPNAME>GET</CMPNAME>
     <SCONAME>IV_REFRESH</SCONAME>
     <LANGU>E</LANGU>
     <DESCRIPT>Checkbox</DESCRIPT>
    </SEOSUBCOTX>
    <SEOSUBCOTX>
     <CMPNAME>GET</CMPNAME>
     <SCONAME>IV_TANUM</SCONAME>
     <LANGU>E</LANGU>
     <DESCRIPT>Warehouse Task</DESCRIPT>
    </SEOSUBCOTX>
    <SEOSUBCOTX>
     <CMPNAME>GET</CMPNAME>
     <SCONAME>ZCX_EWM_BASE_DB</SCONAME>
     <LANGU>E</LANGU>
     <DESCRIPT>Class for exceptions: DB Access Error</DESCRIPT>
    </SEOSUBCOTX>
    <SEOSUBCOTX>
     <CMPNAME>GET_CONF_HU</CMPNAME>
     <SCONAME>ET_ORDIM_C</SCONAME>
     <LANGU>E</LANGU>
     <DESCRIPT>Table: Warehouse Tasks Confirmed</DESCRIPT>
    </SEOSUBCOTX>
    <SEOSUBCOTX>
     <CMPNAME>GET_CONF_HU</CMPNAME>
     <SCONAME>IV_DES</SCONAME>
     <LANGU>E</LANGU>
     <DESCRIPT>Checkbox</DESCRIPT>
    </SEOSUBCOTX>
    <SEOSUBCOTX>
     <CMPNAME>GET_CONF_HU</CMPNAME>
     <SCONAME>IV_GUID_HU</SCONAME>
     <LANGU>E</LANGU>
     <DESCRIPT>Unique Internal Identification of a Handling Unit</DESCRIPT>
    </SEOSUBCOTX>
    <SEOSUBCOTX>
     <CMPNAME>GET_CONF_HU</CMPNAME>
     <SCONAME>IV_HUIDENT</SCONAME>
     <LANGU>E</LANGU>
     <DESCRIPT>Handling Unit Identification</DESCRIPT>
    </SEOSUBCOTX>
    <SEOSUBCOTX>
     <CMPNAME>GET_CONF_HU</CMPNAME>
     <SCONAME>IV_LGNUM</SCONAME>
     <LANGU>E</LANGU>
     <DESCRIPT>Warehouse Number/Warehouse Complex</DESCRIPT>
    </SEOSUBCOTX>
    <SEOSUBCOTX>
     <CMPNAME>GET_CONF_HU</CMPNAME>
     <SCONAME>IV_NOBUF</SCONAME>
     <LANGU>E</LANGU>
     <DESCRIPT>Select data directly from database</DESCRIPT>
    </SEOSUBCOTX>
    <SEOSUBCOTX>
     <CMPNAME>GET_CONF_HU</CMPNAME>
     <SCONAME>IV_SRC</SCONAME>
     <LANGU>E</LANGU>
     <DESCRIPT>Checkbox</DESCRIPT>
    </SEOSUBCOTX>
    <SEOSUBCOTX>
     <CMPNAME>GET_CONF_HU</CMPNAME>
     <SCONAME>ZCX_EWM_BASE_DB</SCONAME>
     <LANGU>E</LANGU>
     <DESCRIPT>Class for exceptions: DB Access Error</DESCRIPT>
    </SEOSUBCOTX>
    <SEOSUBCOTX>
     <CMPNAME>GET_CONF_HUS_BY_DATE</CMPNAME>
     <SCONAME>ET_TO</SCONAME>
     <LANGU>E</LANGU>
     <DESCRIPT>Transfer Order Details for the WM Monitor</DESCRIPT>
    </SEOSUBCOTX>
    <SEOSUBCOTX>
     <CMPNAME>GET_CONF_HUS_BY_DATE</CMPNAME>
     <SCONAME>IT_CONF_AT_R</SCONAME>
     <LANGU>E</LANGU>
     <DESCRIPT>SELECT-OPTIONS Table</DESCRIPT>
    </SEOSUBCOTX>
    <SEOSUBCOTX>
     <CMPNAME>GET_CONF_HUS_BY_DATE</CMPNAME>
     <SCONAME>IT_HUIDENT_R</SCONAME>
     <LANGU>E</LANGU>
     <DESCRIPT>SELECT-OPTIONS Table</DESCRIPT>
    </SEOSUBCOTX>
    <SEOSUBCOTX>
     <CMPNAME>GET_CONF_HUS_BY_DATE</CMPNAME>
     <SCONAME>IT_PROCTY_R</SCONAME>
     <LANGU>E</LANGU>
     <DESCRIPT>SELECT-OPTIONS Table</DESCRIPT>
    </SEOSUBCOTX>
    <SEOSUBCOTX>
     <CMPNAME>GET_CONF_HUS_BY_DATE</CMPNAME>
     <SCONAME>IV_DES</SCONAME>
     <LANGU>E</LANGU>
     <DESCRIPT>Checkbox</DESCRIPT>
    </SEOSUBCOTX>
    <SEOSUBCOTX>
     <CMPNAME>GET_CONF_HUS_BY_DATE</CMPNAME>
     <SCONAME>IV_LGNUM</SCONAME>
     <LANGU>E</LANGU>
     <DESCRIPT>Warehouse Number/Warehouse Complex</DESCRIPT>
    </SEOSUBCOTX>
    <SEOSUBCOTX>
     <CMPNAME>GET_CONF_HUS_BY_DATE</CMPNAME>
     <SCONAME>IV_NOBUF</SCONAME>
     <LANGU>E</LANGU>
     <DESCRIPT>Select data directly from database</DESCRIPT>
    </SEOSUBCOTX>
    <SEOSUBCOTX>
     <CMPNAME>GET_CONF_HUS_BY_DATE</CMPNAME>
     <SCONAME>IV_SRC</SCONAME>
     <LANGU>E</LANGU>
     <DESCRIPT>Checkbox</DESCRIPT>
    </SEOSUBCOTX>
    <SEOSUBCOTX>
     <CMPNAME>GET_CONF_HUS_BY_DATE</CMPNAME>
     <SCONAME>ZCX_EWM_BASE_DB</SCONAME>
     <LANGU>E</LANGU>
     <DESCRIPT>Class for exceptions: DB Access Error</DESCRIPT>
    </SEOSUBCOTX>
    <SEOSUBCOTX>
     <CMPNAME>GET_CONF_WHO</CMPNAME>
     <SCONAME>IT_WHOID</SCONAME>
     <LANGU>E</LANGU>
     <DESCRIPT>Table of Warehouse Order Numbers</DESCRIPT>
    </SEOSUBCOTX>
    <SEOSUBCOTX>
     <CMPNAME>GET_CONF_WHO</CMPNAME>
     <SCONAME>IV_LGNUM</SCONAME>
     <LANGU>E</LANGU>
     <DESCRIPT>Warehouse Number/Warehouse Complex</DESCRIPT>
    </SEOSUBCOTX>
    <SEOSUBCOTX>
     <CMPNAME>GET_CONF_WHO</CMPNAME>
     <SCONAME>RT_ORDIM_C</SCONAME>
     <LANGU>E</LANGU>
     <DESCRIPT>Table: Warehouse Tasks Confirmed</DESCRIPT>
    </SEOSUBCOTX>
    <SEOSUBCOTX>
     <CMPNAME>GET_CONF_WHO</CMPNAME>
     <SCONAME>ZCX_EWM_BASE_DB</SCONAME>
     <LANGU>E</LANGU>
     <DESCRIPT>Class for exceptions: DB Access Error</DESCRIPT>
    </SEOSUBCOTX>
    <SEOSUBCOTX>
     <CMPNAME>GET_INSTANCE</CMPNAME>
     <SCONAME>RR_SINGLETON</SCONAME>
     <LANGU>E</LANGU>
     <DESCRIPT>DB class for: Warehouse Task</DESCRIPT>
    </SEOSUBCOTX>
    <SEOSUBCOTX>
     <CMPNAME>GET_OPEN_HU</CMPNAME>
     <SCONAME>ES_ORDIM_I</SCONAME>
     <LANGU>E</LANGU>
     <DESCRIPT>Warehouse Tasks Open</DESCRIPT>
    </SEOSUBCOTX>
    <SEOSUBCOTX>
     <CMPNAME>GET_OPEN_HU</CMPNAME>
     <SCONAME>ES_ORDIM_O</SCONAME>
     <LANGU>E</LANGU>
     <DESCRIPT>Warehouse Tasks Open</DESCRIPT>
    </SEOSUBCOTX>
    <SEOSUBCOTX>
     <CMPNAME>GET_OPEN_HU</CMPNAME>
     <SCONAME>ET_ORDIM_O</SCONAME>
     <LANGU>E</LANGU>
     <DESCRIPT>Table: Warehouse Tasks Open</DESCRIPT>
    </SEOSUBCOTX>
    <SEOSUBCOTX>
     <CMPNAME>GET_OPEN_HU</CMPNAME>
     <SCONAME>IV_HUIDENT</SCONAME>
     <LANGU>E</LANGU>
     <DESCRIPT>Handling Unit Identification</DESCRIPT>
    </SEOSUBCOTX>
    <SEOSUBCOTX>
     <CMPNAME>GET_OPEN_HU</CMPNAME>
     <SCONAME>IV_LGNUM</SCONAME>
     <LANGU>E</LANGU>
     <DESCRIPT>Warehouse Number/Warehouse Complex</DESCRIPT>
    </SEOSUBCOTX>
    <SEOSUBCOTX>
     <CMPNAME>GET_OPEN_HU</CMPNAME>
     <SCONAME>IV_NOBUF</SCONAME>
     <LANGU>E</LANGU>
     <DESCRIPT>Select data directly from database</DESCRIPT>
    </SEOSUBCOTX>
    <SEOSUBCOTX>
     <CMPNAME>GET_OPEN_HU</CMPNAME>
     <SCONAME>ZCX_EWM_BASE_DB</SCONAME>
     <LANGU>E</LANGU>
     <DESCRIPT>Class for exceptions: DB Access Error</DESCRIPT>
    </SEOSUBCOTX>
    <SEOSUBCOTX>
     <CMPNAME>GET_OPEN_HUID</CMPNAME>
     <SCONAME>ET_ORDIM_O</SCONAME>
     <LANGU>E</LANGU>
     <DESCRIPT>Table: Warehouse Tasks Open</DESCRIPT>
    </SEOSUBCOTX>
    <SEOSUBCOTX>
     <CMPNAME>GET_OPEN_HUID</CMPNAME>
     <SCONAME>IV_HUID</SCONAME>
     <LANGU>E</LANGU>
     <DESCRIPT>Warehouse Order: Internal HU Identification Number</DESCRIPT>
    </SEOSUBCOTX>
    <SEOSUBCOTX>
     <CMPNAME>GET_OPEN_HUID</CMPNAME>
     <SCONAME>IV_LGNUM</SCONAME>
     <LANGU>E</LANGU>
     <DESCRIPT>Warehouse Number/Warehouse Complex</DESCRIPT>
    </SEOSUBCOTX>
    <SEOSUBCOTX>
     <CMPNAME>GET_OPEN_HUID</CMPNAME>
     <SCONAME>IV_SHIPHUID</SCONAME>
     <LANGU>E</LANGU>
     <DESCRIPT>Warehouse Order: Internal HU Identification Number</DESCRIPT>
    </SEOSUBCOTX>
    <SEOSUBCOTX>
     <CMPNAME>GET_OPEN_HUID</CMPNAME>
     <SCONAME>ZCX_EWM_BASE_DB</SCONAME>
     <LANGU>E</LANGU>
     <DESCRIPT>Class for exceptions: DB Access Error</DESCRIPT>
    </SEOSUBCOTX>
    <SEOSUBCOTX>
     <CMPNAME>GET_OPEN_HU_MULTI</CMPNAME>
     <SCONAME>IT_HUHDR_INT</SCONAME>
     <LANGU>E</LANGU>
     <DESCRIPT>Table Type for HU Headers in the Internal Structure</DESCRIPT>
    </SEOSUBCOTX>
    <SEOSUBCOTX>
     <CMPNAME>GET_OPEN_HU_MULTI</CMPNAME>
     <SCONAME>IT_HUIDENT</SCONAME>
     <LANGU>E</LANGU>
     <DESCRIPT>Table with Identifications</DESCRIPT>
    </SEOSUBCOTX>
    <SEOSUBCOTX>
     <CMPNAME>GET_OPEN_HU_MULTI</CMPNAME>
     <SCONAME>IV_LGNUM</SCONAME>
     <LANGU>E</LANGU>
     <DESCRIPT>Warehouse Number/Warehouse Complex</DESCRIPT>
    </SEOSUBCOTX>
    <SEOSUBCOTX>
     <CMPNAME>GET_OPEN_HU_MULTI</CMPNAME>
     <SCONAME>IV_NOBUF</SCONAME>
     <LANGU>E</LANGU>
     <DESCRIPT>Select data directly from database</DESCRIPT>
    </SEOSUBCOTX>
    <SEOSUBCOTX>
     <CMPNAME>GET_OPEN_HU_MULTI</CMPNAME>
     <SCONAME>RT_ORDIM_O</SCONAME>
     <LANGU>E</LANGU>
     <DESCRIPT>Table: Warehouse Tasks Open</DESCRIPT>
    </SEOSUBCOTX>
    <SEOSUBCOTX>
     <CMPNAME>GET_OPEN_HU_MULTI</CMPNAME>
     <SCONAME>ZCX_EWM_BASE_DB</SCONAME>
     <LANGU>E</LANGU>
     <DESCRIPT>Class for exceptions: DB Access Error</DESCRIPT>
    </SEOSUBCOTX>
    <SEOSUBCOTX>
     <CMPNAME>GET_OPEN_LGTYP_DEST</CMPNAME>
     <SCONAME>IV_LGNUM</SCONAME>
     <LANGU>E</LANGU>
     <DESCRIPT>Warehouse Number/Warehouse Complex</DESCRIPT>
    </SEOSUBCOTX>
    <SEOSUBCOTX>
     <CMPNAME>GET_OPEN_LGTYP_DEST</CMPNAME>
     <SCONAME>IV_LGTYP</SCONAME>
     <LANGU>E</LANGU>
     <DESCRIPT>Storage Type</DESCRIPT>
    </SEOSUBCOTX>
    <SEOSUBCOTX>
     <CMPNAME>GET_OPEN_LGTYP_DEST</CMPNAME>
     <SCONAME>RT_ORDIM_O</SCONAME>
     <LANGU>E</LANGU>
     <DESCRIPT>Table: Warehouse Tasks Open</DESCRIPT>
    </SEOSUBCOTX>
    <SEOSUBCOTX>
     <CMPNAME>GET_OPEN_LGTYP_DEST</CMPNAME>
     <SCONAME>ZCX_EWM_BASE_DB</SCONAME>
     <LANGU>E</LANGU>
     <DESCRIPT>Class for exceptions: DB Access Error</DESCRIPT>
    </SEOSUBCOTX>
    <SEOSUBCOTX>
     <CMPNAME>GET_OPEN_MAT</CMPNAME>
     <SCONAME>IV_LGNUM</SCONAME>
     <LANGU>E</LANGU>
     <DESCRIPT>Warehouse Number/Warehouse Complex</DESCRIPT>
    </SEOSUBCOTX>
    <SEOSUBCOTX>
     <CMPNAME>GET_OPEN_MAT</CMPNAME>
     <SCONAME>IV_MATID</SCONAME>
     <LANGU>E</LANGU>
     <DESCRIPT>Product</DESCRIPT>
    </SEOSUBCOTX>
    <SEOSUBCOTX>
     <CMPNAME>GET_OPEN_MAT</CMPNAME>
     <SCONAME>RT_ORDIM_O</SCONAME>
     <LANGU>E</LANGU>
     <DESCRIPT>Table: Warehouse Tasks Open</DESCRIPT>
    </SEOSUBCOTX>
    <SEOSUBCOTX>
     <CMPNAME>GET_OPEN_MAT</CMPNAME>
     <SCONAME>ZCX_EWM_BASE_DB</SCONAME>
     <LANGU>E</LANGU>
     <DESCRIPT>Class for exceptions: DB Access Error</DESCRIPT>
    </SEOSUBCOTX>
    <SEOSUBCOTX>
     <CMPNAME>GET_OPEN_WHO</CMPNAME>
     <SCONAME>IT_WHOID</SCONAME>
     <LANGU>E</LANGU>
     <DESCRIPT>Table of Warehouse Order Numbers</DESCRIPT>
    </SEOSUBCOTX>
    <SEOSUBCOTX>
     <CMPNAME>GET_OPEN_WHO</CMPNAME>
     <SCONAME>IV_LGNUM</SCONAME>
     <LANGU>E</LANGU>
     <DESCRIPT>Warehouse Number/Warehouse Complex</DESCRIPT>
    </SEOSUBCOTX>
    <SEOSUBCOTX>
     <CMPNAME>GET_OPEN_WHO</CMPNAME>
     <SCONAME>RT_ORDIM_O</SCONAME>
     <LANGU>E</LANGU>
     <DESCRIPT>Table: Warehouse Tasks Open</DESCRIPT>
    </SEOSUBCOTX>
    <SEOSUBCOTX>
     <CMPNAME>GET_OPEN_WHO</CMPNAME>
     <SCONAME>ZCX_EWM_BASE_DB</SCONAME>
     <LANGU>E</LANGU>
     <DESCRIPT>Class for exceptions: DB Access Error</DESCRIPT>
    </SEOSUBCOTX>
    <SEOSUBCOTX>
     <CMPNAME>GET_OPEN_WT</CMPNAME>
     <SCONAME>ET_TO</SCONAME>
     <LANGU>E</LANGU>
     <DESCRIPT>Transfer Order Details for the WM Monitor</DESCRIPT>
    </SEOSUBCOTX>
    <SEOSUBCOTX>
     <CMPNAME>GET_OPEN_WT</CMPNAME>
     <SCONAME>IT_LGPLA_R</SCONAME>
     <LANGU>E</LANGU>
     <DESCRIPT>SELECT-OPTIONS Table</DESCRIPT>
    </SEOSUBCOTX>
    <SEOSUBCOTX>
     <CMPNAME>GET_OPEN_WT</CMPNAME>
     <SCONAME>IT_LGTYP_R</SCONAME>
     <LANGU>E</LANGU>
     <DESCRIPT>SELECT-OPTIONS Table</DESCRIPT>
    </SEOSUBCOTX>
    <SEOSUBCOTX>
     <CMPNAME>GET_OPEN_WT</CMPNAME>
     <SCONAME>IT_MATID_R</SCONAME>
     <LANGU>E</LANGU>
     <DESCRIPT>SELECT-OPTIONS Table</DESCRIPT>
    </SEOSUBCOTX>
    <SEOSUBCOTX>
     <CMPNAME>GET_OPEN_WT</CMPNAME>
     <SCONAME>IT_TOSTAT_R</SCONAME>
     <LANGU>E</LANGU>
     <DESCRIPT>SELECT-OPTIONS Table</DESCRIPT>
    </SEOSUBCOTX>
    <SEOSUBCOTX>
     <CMPNAME>GET_OPEN_WT</CMPNAME>
     <SCONAME>IV_LGNUM</SCONAME>
     <LANGU>E</LANGU>
     <DESCRIPT>Warehouse Number/Warehouse Complex</DESCRIPT>
    </SEOSUBCOTX>
    <SEOSUBCOTX>
     <CMPNAME>READ</CMPNAME>
     <SCONAME>ES_ORDIM_O</SCONAME>
     <LANGU>E</LANGU>
     <DESCRIPT>Warehouse Tasks Open</DESCRIPT>
    </SEOSUBCOTX>
    <SEOSUBCOTX>
     <CMPNAME>READ</CMPNAME>
     <SCONAME>IV_ADD_TO_MEMORY</SCONAME>
     <LANGU>E</LANGU>
     <DESCRIPT>Checkbox</DESCRIPT>
    </SEOSUBCOTX>
    <SEOSUBCOTX>
     <CMPNAME>READ</CMPNAME>
     <SCONAME>IV_LGNUM</SCONAME>
     <LANGU>E</LANGU>
     <DESCRIPT>Warehouse Number/Warehouse Complex</DESCRIPT>
    </SEOSUBCOTX>
    <SEOSUBCOTX>
     <CMPNAME>READ</CMPNAME>
     <SCONAME>IV_READ_FROM_DB</SCONAME>
     <LANGU>E</LANGU>
     <DESCRIPT>Checkbox</DESCRIPT>
    </SEOSUBCOTX>
    <SEOSUBCOTX>
     <CMPNAME>READ</CMPNAME>
     <SCONAME>IV_TANUM</SCONAME>
     <LANGU>E</LANGU>
     <DESCRIPT>Warehouse Task</DESCRIPT>
    </SEOSUBCOTX>
    <SEOSUBCOTX>
     <CMPNAME>READ</CMPNAME>
     <SCONAME>ZCX_EWM_BASE_DB</SCONAME>
     <LANGU>E</LANGU>
     <DESCRIPT>Class for exceptions: DB Access Error</DESCRIPT>
    </SEOSUBCOTX>
    <SEOSUBCOTX>
     <CMPNAME>READ_BY_STOCK_ID</CMPNAME>
     <SCONAME>ET_WT_OPEN</SCONAME>
     <LANGU>E</LANGU>
     <DESCRIPT>Table: Warehouse Tasks Open</DESCRIPT>
    </SEOSUBCOTX>
    <SEOSUBCOTX>
     <CMPNAME>READ_BY_STOCK_ID</CMPNAME>
     <SCONAME>IV_LGNUM</SCONAME>
     <LANGU>E</LANGU>
     <DESCRIPT>Warehouse Number/Warehouse Complex</DESCRIPT>
    </SEOSUBCOTX>
    <SEOSUBCOTX>
     <CMPNAME>READ_BY_STOCK_ID</CMPNAME>
     <SCONAME>IV_STOCK_ID</SCONAME>
     <LANGU>E</LANGU>
     <DESCRIPT>Stock Identification of Warehouse Task</DESCRIPT>
    </SEOSUBCOTX>
    <SEOSUBCOTX>
     <CMPNAME>READ_BY_STOCK_ID</CMPNAME>
     <SCONAME>ZCX_EWM_BASE_DB</SCONAME>
     <LANGU>E</LANGU>
     <DESCRIPT>Class for exceptions: DB Access Error</DESCRIPT>
    </SEOSUBCOTX>
    <SEOSUBCOTX>
     <CMPNAME>READ_MULTI_WHR</CMPNAME>
     <SCONAME>ET_ORDIM_A</SCONAME>
     <LANGU>E</LANGU>
     <DESCRIPT>Table: Warehouse Tasks Confirmed</DESCRIPT>
    </SEOSUBCOTX>
    <SEOSUBCOTX>
     <CMPNAME>READ_MULTI_WHR</CMPNAME>
     <SCONAME>ET_ORDIM_C</SCONAME>
     <LANGU>E</LANGU>
     <DESCRIPT>Table: Warehouse Tasks Confirmed</DESCRIPT>
    </SEOSUBCOTX>
    <SEOSUBCOTX>
     <CMPNAME>READ_MULTI_WHR</CMPNAME>
     <SCONAME>ET_ORDIM_O</SCONAME>
     <LANGU>E</LANGU>
     <DESCRIPT>Table: Warehouse Tasks Open</DESCRIPT>
    </SEOSUBCOTX>
    <SEOSUBCOTX>
     <CMPNAME>READ_MULTI_WHR</CMPNAME>
     <SCONAME>IT_DLV_I</SCONAME>
     <LANGU>E</LANGU>
     <DESCRIPT>Delivery Item (PRD) for Read Operations</DESCRIPT>
    </SEOSUBCOTX>
    <SEOSUBCOTX>
     <CMPNAME>READ_MULTI_WHR</CMPNAME>
     <SCONAME>IT_DOCID</SCONAME>
     <LANGU>E</LANGU>
     <DESCRIPT>Document Identification with ID</DESCRIPT>
    </SEOSUBCOTX>
    <SEOSUBCOTX>
     <CMPNAME>READ_MULTI_WHR</CMPNAME>
     <SCONAME>IV_DOCID</SCONAME>
     <LANGU>E</LANGU>
     <DESCRIPT>Doc. Identification for Document-Related Stocks</DESCRIPT>
    </SEOSUBCOTX>
    <SEOSUBCOTX>
     <CMPNAME>READ_MULTI_WHR</CMPNAME>
     <SCONAME>IV_HUWT</SCONAME>
     <LANGU>E</LANGU>
     <DESCRIPT>Checkbox</DESCRIPT>
    </SEOSUBCOTX>
    <SEOSUBCOTX>
     <CMPNAME>READ_MULTI_WHR</CMPNAME>
     <SCONAME>IV_LGNUM</SCONAME>
     <LANGU>E</LANGU>
     <DESCRIPT>Warehouse Number/Warehouse Complex</DESCRIPT>
    </SEOSUBCOTX>
    <SEOSUBCOTX>
     <CMPNAME>READ_MULTI_WHR</CMPNAME>
     <SCONAME>IV_MATID</SCONAME>
     <LANGU>E</LANGU>
     <DESCRIPT>Product</DESCRIPT>
    </SEOSUBCOTX>
    <SEOSUBCOTX>
     <CMPNAME>READ_MULTI_WHR</CMPNAME>
     <SCONAME>IV_NLPLA</SCONAME>
     <LANGU>E</LANGU>
     <DESCRIPT>Storage Bin</DESCRIPT>
    </SEOSUBCOTX>
    <SEOSUBCOTX>
     <CMPNAME>READ_MULTI_WHR</CMPNAME>
     <SCONAME>IV_TRART</SCONAME>
     <LANGU>E</LANGU>
     <DESCRIPT>Warehouse Process Category</DESCRIPT>
    </SEOSUBCOTX>
    <SEOSUBCOTX>
     <CMPNAME>READ_MULTI_WHR</CMPNAME>
     <SCONAME>ZCX_EWM_BASE_DB</SCONAME>
     <LANGU>E</LANGU>
     <DESCRIPT>Class for exceptions: DB Access Error</DESCRIPT>
    </SEOSUBCOTX>
    <SEOSUBCOTX>
     <CMPNAME>SET_STOCK_ID</CMPNAME>
     <SCONAME>IV_LGNUM</SCONAME>
     <LANGU>E</LANGU>
     <DESCRIPT>Warehouse Number/Warehouse Complex</DESCRIPT>
    </SEOSUBCOTX>
    <SEOSUBCOTX>
     <CMPNAME>SET_STOCK_ID</CMPNAME>
     <SCONAME>IV_STOCK_ID</SCONAME>
     <LANGU>E</LANGU>
     <DESCRIPT>Stock Identification of Warehouse Task</DESCRIPT>
    </SEOSUBCOTX>
    <SEOSUBCOTX>
     <CMPNAME>SET_STOCK_ID</CMPNAME>
     <SCONAME>IV_TANUM</SCONAME>
     <LANGU>E</LANGU>
     <DESCRIPT>Warehouse Task</DESCRIPT>
    </SEOSUBCOTX>
    <SEOSUBCOTX>
     <CMPNAME>SET_STOCK_ID</CMPNAME>
     <SCONAME>ZCX_EWM_BASE_DB</SCONAME>
     <LANGU>E</LANGU>
     <DESCRIPT>Class for exceptions: DB Access Error</DESCRIPT>
    </SEOSUBCOTX>
    <SEOSUBCOTX>
     <CMPNAME>UPDATE_OPEN_WT</CMPNAME>
     <SCONAME>IT_CHANGE</SCONAME>
     <LANGU>E</LANGU>
     <DESCRIPT>Item Fields for Attribute Change for Warehouse Task - Int.</DESCRIPT>
    </SEOSUBCOTX>
    <SEOSUBCOTX>
     <CMPNAME>UPDATE_OPEN_WT</CMPNAME>
     <SCONAME>IV_LGNUM</SCONAME>
     <LANGU>E</LANGU>
     <DESCRIPT>Warehouse Number/Warehouse Complex</DESCRIPT>
    </SEOSUBCOTX>
   </DESCRIPTIONS_SUB>
  </asx:values>
 </asx:abap>
</abapGit>
