﻿<?xml version="1.0" encoding="utf-8"?>
<abapGit version="v1.0.0" serializer="LCL_OBJECT_CLAS" serializer_version="v1.0.0">
 <asx:abap xmlns:asx="http://www.sap.com/abapxml" version="1.0">
  <asx:values>
   <VSEOCLASS>
    <CLSNAME>ZCL_EWM_BASE_DLV_PACK_IBDL</CLSNAME>
    <LANGU>E</LANGU>
    <DESCRIPT>Packing of Outbound Delivery</DESCRIPT>
    <STATE>1</STATE>
    <CLSCCINCL>X</CLSCCINCL>
    <FIXPT>X</FIXPT>
    <UNICODE>X</UNICODE>
   </VSEOCLASS>
   <DESCRIPTIONS>
    <SEOCOMPOTX>
     <CMPNAME>AUTOPACK</CMPNAME>
     <LANGU>E</LANGU>
     <DESCRIPT>Automatic Packing</DESCRIPT>
    </SEOCOMPOTX>
    <SEOCOMPOTX>
     <CMPNAME>CHECK_CHANGABLE</CMPNAME>
     <LANGU>E</LANGU>
     <DESCRIPT>Check Whether HU Changeable</DESCRIPT>
    </SEOCOMPOTX>
    <SEOCOMPOTX>
     <CMPNAME>CREATE_HU_UKC</CMPNAME>
     <LANGU>E</LANGU>
     <DESCRIPT>Create HUs with Unknown Content for GR</DESCRIPT>
    </SEOCOMPOTX>
    <SEOCOMPOTX>
     <CMPNAME>GET_FREE</CMPNAME>
     <LANGU>E</LANGU>
     <DESCRIPT>Delivers Table of Unpacked Items</DESCRIPT>
    </SEOCOMPOTX>
    <SEOCOMPOTX>
     <CMPNAME>GET_HUS_FOR_DELIVERY</CMPNAME>
     <LANGU>E</LANGU>
     <DESCRIPT>Invocation of FM for Read HU for Delivery</DESCRIPT>
    </SEOCOMPOTX>
    <SEOCOMPOTX>
     <CMPNAME>GO_SINGLETON_DLV</CMPNAME>
     <LANGU>E</LANGU>
     <DESCRIPT>Packing of Outbound Delivery</DESCRIPT>
    </SEOCOMPOTX>
    <SEOCOMPOTX>
     <CMPNAME>GS_REPACK_REQUEST</CMPNAME>
     <LANGU>E</LANGU>
     <DESCRIPT>Structure for Repacking Quantities and HUs</DESCRIPT>
    </SEOCOMPOTX>
    <SEOCOMPOTX>
     <CMPNAME>GT_ITMP</CMPNAME>
     <LANGU>E</LANGU>
     <DESCRIPT>Table with HU and PRD Data</DESCRIPT>
    </SEOCOMPOTX>
    <SEOCOMPOTX>
     <CMPNAME>GT_READ_DLV</CMPNAME>
     <LANGU>E</LANGU>
     <DESCRIPT>Table of Already Read Documents</DESCRIPT>
    </SEOCOMPOTX>
    <SEOCOMPOTX>
     <CMPNAME>GV_ALLOW_REPACK_COLLECTIVE_HU</CMPNAME>
     <LANGU>E</LANGU>
     <DESCRIPT>Allow packing and unpacking of collective HU</DESCRIPT>
    </SEOCOMPOTX>
    <SEOCOMPOTX>
     <CMPNAME>GV_DOCCAT</CMPNAME>
     <LANGU>E</LANGU>
     <DESCRIPT>Doc. Category for Doc. Reference and Doc.-Related Stocks</DESCRIPT>
    </SEOCOMPOTX>
    <SEOCOMPOTX>
     <CMPNAME>GV_DR2PRD</CMPNAME>
     <LANGU>E</LANGU>
     <DESCRIPT>HUs Formed from IDN for a PRD</DESCRIPT>
    </SEOCOMPOTX>
    <SEOCOMPOTX>
     <CMPNAME>GV_NO_QUAN_CHECK</CMPNAME>
     <LANGU>E</LANGU>
     <DESCRIPT>Single-Character Flag</DESCRIPT>
    </SEOCOMPOTX>
    <SEOCOMPOTX>
     <CMPNAME>GV_ONLINE</CMPNAME>
     <LANGU>E</LANGU>
     <DESCRIPT>Online Mode; Executing Additional Checks</DESCRIPT>
    </SEOCOMPOTX>
    <SEOCOMPOTX>
     <CMPNAME>GV_PACK_FREE_SN</CMPNAME>
     <LANGU>E</LANGU>
     <DESCRIPT>Take SNs With When Packing In (Yes/No)</DESCRIPT>
    </SEOCOMPOTX>
    <SEOCOMPOTX>
     <CMPNAME>GV_PRCES_REPACK</CMPNAME>
     <LANGU>E</LANGU>
     <DESCRIPT>Storage Process</DESCRIPT>
    </SEOCOMPOTX>
    <SEOCOMPOTX>
     <CMPNAME>GV_REPACK</CMPNAME>
     <LANGU>E</LANGU>
     <DESCRIPT>Unpack and Then Immediately Repack</DESCRIPT>
    </SEOCOMPOTX>
    <SEOCOMPOTX>
     <CMPNAME>GV_SET_AUM</CMPNAME>
     <LANGU>E</LANGU>
     <DESCRIPT>Datenelement zur Domäne BOOLE: TRUE (=&apos;X&apos;) und FALSE (=&apos; &apos;)</DESCRIPT>
    </SEOCOMPOTX>
    <SEOCOMPOTX>
     <CMPNAME>INIT</CMPNAME>
     <LANGU>E</LANGU>
     <DESCRIPT>Initialize By Delivery</DESCRIPT>
    </SEOCOMPOTX>
    <SEOCOMPOTX>
     <CMPNAME>INIT_RF</CMPNAME>
     <LANGU>E</LANGU>
     <DESCRIPT>Initialize By Delivery</DESCRIPT>
    </SEOCOMPOTX>
    <SEOCOMPOTX>
     <CMPNAME>PACK_PROPOSAL</CMPNAME>
     <LANGU>E</LANGU>
     <DESCRIPT>HU proposal</DESCRIPT>
    </SEOCOMPOTX>
    <SEOCOMPOTX>
     <CMPNAME>PRCES_GET</CMPNAME>
     <LANGU>E</LANGU>
     <DESCRIPT>Get the Warehouse Storage Process of the HU</DESCRIPT>
    </SEOCOMPOTX>
    <SEOCOMPOTX>
     <CMPNAME>PRCES_SET</CMPNAME>
     <LANGU>E</LANGU>
     <DESCRIPT>Set the Warehouse Storage Process in the HU Header</DESCRIPT>
    </SEOCOMPOTX>
    <SEOCOMPOTX>
     <CMPNAME>PREPARE_HU_FOR_REJECT</CMPNAME>
     <LANGU>E</LANGU>
     <DESCRIPT>Prepare Incomplete HUs for Delivery Rejection</DESCRIPT>
    </SEOCOMPOTX>
    <SEOCOMPOTX>
     <CMPNAME>READ_DELIVERY</CMPNAME>
     <LANGU>E</LANGU>
     <DESCRIPT>Read and Lock Deliveries</DESCRIPT>
    </SEOCOMPOTX>
    <SEOCOMPOTX>
     <CMPNAME>READ_DELIVERY_RF</CMPNAME>
     <LANGU>E</LANGU>
     <DESCRIPT>Read and Lock Deliveries</DESCRIPT>
    </SEOCOMPOTX>
    <SEOCOMPOTX>
     <CMPNAME>REFRESH_GM</CMPNAME>
     <LANGU>E</LANGU>
     <DESCRIPT>Refresh of Global Attributes, No Init in the Delivery</DESCRIPT>
    </SEOCOMPOTX>
    <SEOCOMPOTX>
     <CMPNAME>SET_REPACK_COLLECTIVE_HU</CMPNAME>
     <LANGU>E</LANGU>
     <DESCRIPT>Allow packing and unpacking of collective HU</DESCRIPT>
    </SEOCOMPOTX>
    <SEOCOMPOTX>
     <CMPNAME>SV_BADI_PRCES_CHECK</CMPNAME>
     <LANGU>E</LANGU>
     <DESCRIPT>Single-Character Indicator</DESCRIPT>
    </SEOCOMPOTX>
    <SEOCOMPOTX>
     <CMPNAME>UPDATE_QSAMPLE</CMPNAME>
     <LANGU>E</LANGU>
     <DESCRIPT>Invocation of QIE to Update Sample</DESCRIPT>
    </SEOCOMPOTX>
   </DESCRIPTIONS>
   <DESCRIPTIONS_SUB>
    <SEOSUBCOTX>
     <CMPNAME>AUTOPACK</CMPNAME>
     <SCONAME>IT_ITMP</SCONAME>
     <LANGU>E</LANGU>
     <DESCRIPT>Table with HU and PRD Data</DESCRIPT>
    </SEOSUBCOTX>
    <SEOSUBCOTX>
     <CMPNAME>AUTOPACK</CMPNAME>
     <SCONAME>IV_PRDI</SCONAME>
     <LANGU>E</LANGU>
     <DESCRIPT>Doc. Identification for Document-Related Stocks</DESCRIPT>
    </SEOSUBCOTX>
    <SEOSUBCOTX>
     <CMPNAME>CHECK_CHANGABLE</CMPNAME>
     <SCONAME>IV_DOCID</SCONAME>
     <LANGU>E</LANGU>
     <DESCRIPT>Doc. Identification for Document-Related Stocks</DESCRIPT>
    </SEOSUBCOTX>
    <SEOSUBCOTX>
     <CMPNAME>CHECK_CHANGABLE</CMPNAME>
     <SCONAME>IV_GUID_HU</SCONAME>
     <LANGU>E</LANGU>
     <DESCRIPT>Unique Internal Identification of a Handling Unit</DESCRIPT>
    </SEOSUBCOTX>
    <SEOSUBCOTX>
     <CMPNAME>CHECK_CHANGABLE</CMPNAME>
     <SCONAME>IV_ITMID</SCONAME>
     <LANGU>E</LANGU>
     <DESCRIPT>Document Item for Document-Related Stocks</DESCRIPT>
    </SEOSUBCOTX>
    <SEOSUBCOTX>
     <CMPNAME>CREATE_HU_UKC</CMPNAME>
     <SCONAME>ES_HUHDR_LOGHU</SCONAME>
     <LANGU>E</LANGU>
     <DESCRIPT>Header of Collective HU</DESCRIPT>
    </SEOSUBCOTX>
    <SEOSUBCOTX>
     <CMPNAME>CREATE_HU_UKC</CMPNAME>
     <SCONAME>ET_HUHDR_GR_UKC</SCONAME>
     <LANGU>E</LANGU>
     <DESCRIPT>Headers of HUs with Unknown Content</DESCRIPT>
    </SEOSUBCOTX>
    <SEOSUBCOTX>
     <CMPNAME>CREATE_HU_UKC</CMPNAME>
     <SCONAME>IT_GR_PMAT_HU_UKC</SCONAME>
     <LANGU>E</LANGU>
     <DESCRIPT>HUs with Unknown Content</DESCRIPT>
    </SEOSUBCOTX>
    <SEOSUBCOTX>
     <CMPNAME>CREATE_HU_UKC</CMPNAME>
     <SCONAME>IT_ITEM_QTY_LOGHU</SCONAME>
     <LANGU>E</LANGU>
     <DESCRIPT>Content items of Collective HU</DESCRIPT>
    </SEOSUBCOTX>
    <SEOSUBCOTX>
     <CMPNAME>CREATE_HU_UKC</CMPNAME>
     <SCONAME>IV_HUIDENT_LOGHU</SCONAME>
     <LANGU>E</LANGU>
     <DESCRIPT>Handling Unit ID of Collective HU</DESCRIPT>
    </SEOSUBCOTX>
    <SEOSUBCOTX>
     <CMPNAME>CREATE_HU_UKC</CMPNAME>
     <SCONAME>IV_LGNUM</SCONAME>
     <LANGU>E</LANGU>
     <DESCRIPT>Warehouse Number/Warehouse Complex</DESCRIPT>
    </SEOSUBCOTX>
    <SEOSUBCOTX>
     <CMPNAME>CREATE_HU_UKC</CMPNAME>
     <SCONAME>IV_NOSAVE</SCONAME>
     <LANGU>E</LANGU>
     <DESCRIPT>Data element for domain BOOLE: TRUE (=&apos;X&apos;) and FALSE (=&apos; &apos;)</DESCRIPT>
    </SEOSUBCOTX>
    <SEOSUBCOTX>
     <CMPNAME>CREATE_HU_UKC</CMPNAME>
     <SCONAME>IV_PMAT_LOGHU</SCONAME>
     <LANGU>E</LANGU>
     <DESCRIPT>Pack. Mat. of Collective  HU</DESCRIPT>
    </SEOSUBCOTX>
    <SEOSUBCOTX>
     <CMPNAME>GET_FREE</CMPNAME>
     <SCONAME>ES_FREE</SCONAME>
     <LANGU>E</LANGU>
     <DESCRIPT>Structure with HU and PRD Data</DESCRIPT>
    </SEOSUBCOTX>
    <SEOSUBCOTX>
     <CMPNAME>GET_FREE</CMPNAME>
     <SCONAME>ET_FREE</SCONAME>
     <LANGU>E</LANGU>
     <DESCRIPT>Table with HU and PRD Data</DESCRIPT>
    </SEOSUBCOTX>
    <SEOSUBCOTX>
     <CMPNAME>GET_FREE</CMPNAME>
     <SCONAME>IV_DOCID</SCONAME>
     <LANGU>E</LANGU>
     <DESCRIPT>Doc. Identification for Document-Related Stocks</DESCRIPT>
    </SEOSUBCOTX>
    <SEOSUBCOTX>
     <CMPNAME>GET_FREE</CMPNAME>
     <SCONAME>IV_ITMID</SCONAME>
     <LANGU>E</LANGU>
     <DESCRIPT>Document Item for Document-Related Stocks</DESCRIPT>
    </SEOSUBCOTX>
    <SEOSUBCOTX>
     <CMPNAME>GET_FREE</CMPNAME>
     <SCONAME>IV_ONLY_LOCKED</SCONAME>
     <LANGU>E</LANGU>
     <DESCRIPT>Checkbox</DESCRIPT>
    </SEOSUBCOTX>
    <SEOSUBCOTX>
     <CMPNAME>GET_HUS_FOR_DELIVERY</CMPNAME>
     <SCONAME>ERROR</SCONAME>
     <LANGU>E</LANGU>
     <DESCRIPT>Defect</DESCRIPT>
    </SEOSUBCOTX>
    <SEOSUBCOTX>
     <CMPNAME>GET_HUS_FOR_DELIVERY</CMPNAME>
     <SCONAME>ET_HIGH</SCONAME>
     <LANGU>E</LANGU>
     <DESCRIPT>Table Type for HU Headers in the Internal Structure</DESCRIPT>
    </SEOSUBCOTX>
    <SEOSUBCOTX>
     <CMPNAME>GET_HUS_FOR_DELIVERY</CMPNAME>
     <SCONAME>ET_HUHDR</SCONAME>
     <LANGU>E</LANGU>
     <DESCRIPT>Table Type for HU Headers in the Internal Structure</DESCRIPT>
    </SEOSUBCOTX>
    <SEOSUBCOTX>
     <CMPNAME>GET_HUS_FOR_DELIVERY</CMPNAME>
     <SCONAME>ET_HUITM</SCONAME>
     <LANGU>E</LANGU>
     <DESCRIPT>Material Items in the HU</DESCRIPT>
    </SEOSUBCOTX>
    <SEOSUBCOTX>
     <CMPNAME>GET_HUS_FOR_DELIVERY</CMPNAME>
     <SCONAME>ET_HUREF</SCONAME>
     <LANGU>E</LANGU>
     <DESCRIPT>Table with HU References</DESCRIPT>
    </SEOSUBCOTX>
    <SEOSUBCOTX>
     <CMPNAME>GET_HUS_FOR_DELIVERY</CMPNAME>
     <SCONAME>ET_HUTREE</SCONAME>
     <LANGU>E</LANGU>
     <DESCRIPT>Table with HU Hierarchy Entries</DESCRIPT>
    </SEOSUBCOTX>
    <SEOSUBCOTX>
     <CMPNAME>GET_HUS_FOR_DELIVERY</CMPNAME>
     <SCONAME>ET_IDENT</SCONAME>
     <LANGU>E</LANGU>
     <DESCRIPT>Table of Identifications for a HU</DESCRIPT>
    </SEOSUBCOTX>
    <SEOSUBCOTX>
     <CMPNAME>GET_HUS_FOR_DELIVERY</CMPNAME>
     <SCONAME>IT_DOCID</SCONAME>
     <LANGU>E</LANGU>
     <DESCRIPT>Table: Document ID</DESCRIPT>
    </SEOSUBCOTX>
    <SEOSUBCOTX>
     <CMPNAME>GET_HUS_FOR_DELIVERY</CMPNAME>
     <SCONAME>IV_DOCCAT</SCONAME>
     <LANGU>E</LANGU>
     <DESCRIPT>Doc. Category for Doc. Reference and Doc.-Related Stocks</DESCRIPT>
    </SEOSUBCOTX>
    <SEOSUBCOTX>
     <CMPNAME>GET_HUS_FOR_DELIVERY</CMPNAME>
     <SCONAME>IV_LGNUM</SCONAME>
     <LANGU>E</LANGU>
     <DESCRIPT>Warehouse Number/Warehouse Complex</DESCRIPT>
    </SEOSUBCOTX>
    <SEOSUBCOTX>
     <CMPNAME>GET_INSTANCE_DLV</CMPNAME>
     <SCONAME>EO_INSTANCE</SCONAME>
     <LANGU>E</LANGU>
     <DESCRIPT>Packing of Outbound Delivery</DESCRIPT>
    </SEOSUBCOTX>
    <SEOSUBCOTX>
     <CMPNAME>INIT</CMPNAME>
     <SCONAME>ET_DOC_LOCK</SCONAME>
     <LANGU>E</LANGU>
     <DESCRIPT>Table of Locked Deliveries</DESCRIPT>
    </SEOSUBCOTX>
    <SEOSUBCOTX>
     <CMPNAME>INIT</CMPNAME>
     <SCONAME>EV_BATCH_INITIAL</SCONAME>
     <LANGU>E</LANGU>
     <DESCRIPT>Item Subject to Batch Requirement Exists Without Batch</DESCRIPT>
    </SEOSUBCOTX>
    <SEOSUBCOTX>
     <CMPNAME>INIT</CMPNAME>
     <SCONAME>EV_FOREIGN_LOCK</SCONAME>
     <LANGU>E</LANGU>
     <DESCRIPT>Checkbox</DESCRIPT>
    </SEOSUBCOTX>
    <SEOSUBCOTX>
     <CMPNAME>INIT</CMPNAME>
     <SCONAME>EV_TW_ITEMS</SCONAME>
     <LANGU>E</LANGU>
     <DESCRIPT>Data element for domain BOOLE: TRUE (=&apos;X&apos;) and FALSE (=&apos; &apos;)</DESCRIPT>
    </SEOSUBCOTX>
    <SEOSUBCOTX>
     <CMPNAME>INIT</CMPNAME>
     <SCONAME>IT_DOCID</SCONAME>
     <LANGU>E</LANGU>
     <DESCRIPT>Table: Document ID</DESCRIPT>
    </SEOSUBCOTX>
    <SEOSUBCOTX>
     <CMPNAME>INIT</CMPNAME>
     <SCONAME>IV_DOCCAT</SCONAME>
     <LANGU>E</LANGU>
     <DESCRIPT>Doc. Category for Doc. Reference and Doc.-Related Stocks</DESCRIPT>
    </SEOSUBCOTX>
    <SEOSUBCOTX>
     <CMPNAME>INIT</CMPNAME>
     <SCONAME>IV_LGNUM</SCONAME>
     <LANGU>E</LANGU>
     <DESCRIPT>Warehouse Number/Warehouse Complex</DESCRIPT>
    </SEOSUBCOTX>
    <SEOSUBCOTX>
     <CMPNAME>INIT</CMPNAME>
     <SCONAME>IV_LOCK_DLV</SCONAME>
     <LANGU>E</LANGU>
     <DESCRIPT>Checkbox</DESCRIPT>
    </SEOSUBCOTX>
    <SEOSUBCOTX>
     <CMPNAME>INIT</CMPNAME>
     <SCONAME>IV_NO_QUAN_CHECK</SCONAME>
     <LANGU>E</LANGU>
     <DESCRIPT>Single-Character Flag</DESCRIPT>
    </SEOSUBCOTX>
    <SEOSUBCOTX>
     <CMPNAME>INIT</CMPNAME>
     <SCONAME>IV_NO_REFRESH</SCONAME>
     <LANGU>E</LANGU>
     <DESCRIPT>No Refresh. Only the Open Quantity is Recalculated</DESCRIPT>
    </SEOSUBCOTX>
    <SEOSUBCOTX>
     <CMPNAME>INIT</CMPNAME>
     <SCONAME>IV_PARTIAL</SCONAME>
     <LANGU>E</LANGU>
     <DESCRIPT>Partial Update</DESCRIPT>
    </SEOSUBCOTX>
    <SEOSUBCOTX>
     <CMPNAME>INIT_RF</CMPNAME>
     <SCONAME>ET_DOC_LOCK</SCONAME>
     <LANGU>E</LANGU>
     <DESCRIPT>Table of Locked Deliveries</DESCRIPT>
    </SEOSUBCOTX>
    <SEOSUBCOTX>
     <CMPNAME>INIT_RF</CMPNAME>
     <SCONAME>EV_BATCH_INITIAL</SCONAME>
     <LANGU>E</LANGU>
     <DESCRIPT>Item Subject to Batch Requirement Exists Without Batch</DESCRIPT>
    </SEOSUBCOTX>
    <SEOSUBCOTX>
     <CMPNAME>INIT_RF</CMPNAME>
     <SCONAME>EV_DOCU_BATCH</SCONAME>
     <LANGU>E</LANGU>
     <DESCRIPT>Checkbox</DESCRIPT>
    </SEOSUBCOTX>
    <SEOSUBCOTX>
     <CMPNAME>INIT_RF</CMPNAME>
     <SCONAME>EV_FOREIGN_LOCK</SCONAME>
     <LANGU>E</LANGU>
     <DESCRIPT>Checkbox</DESCRIPT>
    </SEOSUBCOTX>
    <SEOSUBCOTX>
     <CMPNAME>INIT_RF</CMPNAME>
     <SCONAME>IT_DOCID</SCONAME>
     <LANGU>E</LANGU>
     <DESCRIPT>Table: Document ID</DESCRIPT>
    </SEOSUBCOTX>
    <SEOSUBCOTX>
     <CMPNAME>INIT_RF</CMPNAME>
     <SCONAME>IV_DOCCAT</SCONAME>
     <LANGU>E</LANGU>
     <DESCRIPT>Doc. Category for Doc. Reference and Doc.-Related Stocks</DESCRIPT>
    </SEOSUBCOTX>
    <SEOSUBCOTX>
     <CMPNAME>INIT_RF</CMPNAME>
     <SCONAME>IV_LGNUM</SCONAME>
     <LANGU>E</LANGU>
     <DESCRIPT>Warehouse Number/Warehouse Complex</DESCRIPT>
    </SEOSUBCOTX>
    <SEOSUBCOTX>
     <CMPNAME>INIT_RF</CMPNAME>
     <SCONAME>IV_LOCK_DLV</SCONAME>
     <LANGU>E</LANGU>
     <DESCRIPT>Checkbox</DESCRIPT>
    </SEOSUBCOTX>
    <SEOSUBCOTX>
     <CMPNAME>INIT_RF</CMPNAME>
     <SCONAME>IV_NO_QUAN_CHECK</SCONAME>
     <LANGU>E</LANGU>
     <DESCRIPT>Single-Character Flag</DESCRIPT>
    </SEOSUBCOTX>
    <SEOSUBCOTX>
     <CMPNAME>INIT_RF</CMPNAME>
     <SCONAME>IV_NO_REFRESH</SCONAME>
     <LANGU>E</LANGU>
     <DESCRIPT>No Refresh. Only the Open Quantity is Recalculated</DESCRIPT>
    </SEOSUBCOTX>
    <SEOSUBCOTX>
     <CMPNAME>INIT_RF</CMPNAME>
     <SCONAME>IV_PARTIAL</SCONAME>
     <LANGU>E</LANGU>
     <DESCRIPT>Partial Update</DESCRIPT>
    </SEOSUBCOTX>
    <SEOSUBCOTX>
     <CMPNAME>PACK_BY_ITEM_NO</CMPNAME>
     <SCONAME>ES_QUANTITY</SCONAME>
     <LANGU>E</LANGU>
     <DESCRIPT>Results Data of Pack Request</DESCRIPT>
    </SEOSUBCOTX>
    <SEOSUBCOTX>
     <CMPNAME>PACK_BY_ITEM_NO</CMPNAME>
     <SCONAME>IS_QUANTITY</SCONAME>
     <LANGU>E</LANGU>
     <DESCRIPT>Quantity Structure</DESCRIPT>
    </SEOSUBCOTX>
    <SEOSUBCOTX>
     <CMPNAME>PACK_BY_ITEM_NO</CMPNAME>
     <SCONAME>IV_DEST_HU</SCONAME>
     <LANGU>E</LANGU>
     <DESCRIPT>Unique Internal Identification of a Handling Unit</DESCRIPT>
    </SEOSUBCOTX>
    <SEOSUBCOTX>
     <CMPNAME>PACK_BY_ITEM_NO</CMPNAME>
     <SCONAME>IV_DOCNO</SCONAME>
     <LANGU>E</LANGU>
     <DESCRIPT>Item Number</DESCRIPT>
    </SEOSUBCOTX>
    <SEOSUBCOTX>
     <CMPNAME>PACK_BY_ITEM_NO</CMPNAME>
     <SCONAME>IV_ITMNO</SCONAME>
     <LANGU>E</LANGU>
     <DESCRIPT>Item Number</DESCRIPT>
    </SEOSUBCOTX>
    <SEOSUBCOTX>
     <CMPNAME>PACK_PROPOSAL</CMPNAME>
     <SCONAME>ES_LEVEL</SCONAME>
     <LANGU>E</LANGU>
     <DESCRIPT>Level Data (Packaging Specification)</DESCRIPT>
    </SEOSUBCOTX>
    <SEOSUBCOTX>
     <CMPNAME>PACK_PROPOSAL</CMPNAME>
     <SCONAME>ES_PACKSPEC_HEADER</SCONAME>
     <LANGU>E</LANGU>
     <DESCRIPT>Header Data (Packaging Specification )</DESCRIPT>
    </SEOSUBCOTX>
    <SEOSUBCOTX>
     <CMPNAME>PACK_PROPOSAL</CMPNAME>
     <SCONAME>ET_HU_PROP</SCONAME>
     <LANGU>E</LANGU>
     <DESCRIPT>HU proposal</DESCRIPT>
    </SEOSUBCOTX>
    <SEOSUBCOTX>
     <CMPNAME>PACK_PROPOSAL</CMPNAME>
     <SCONAME>ET_HU_PROP_HDR</SCONAME>
     <LANGU>E</LANGU>
     <DESCRIPT>HU proposal - Header Data</DESCRIPT>
    </SEOSUBCOTX>
    <SEOSUBCOTX>
     <CMPNAME>PACK_PROPOSAL</CMPNAME>
     <SCONAME>EV_ALTME</SCONAME>
     <LANGU>E</LANGU>
     <DESCRIPT>Unit of Measure</DESCRIPT>
    </SEOSUBCOTX>
    <SEOSUBCOTX>
     <CMPNAME>PACK_PROPOSAL</CMPNAME>
     <SCONAME>IT_FREE</SCONAME>
     <LANGU>E</LANGU>
     <DESCRIPT>Table with HU and PRD Data</DESCRIPT>
    </SEOSUBCOTX>
    <SEOSUBCOTX>
     <CMPNAME>PRCES_GET</CMPNAME>
     <SCONAME>EV_PRCES</SCONAME>
     <LANGU>E</LANGU>
     <DESCRIPT>Storage Process</DESCRIPT>
    </SEOSUBCOTX>
    <SEOSUBCOTX>
     <CMPNAME>PRCES_GET</CMPNAME>
     <SCONAME>IV_SOURCE</SCONAME>
     <LANGU>E</LANGU>
     <DESCRIPT>Unique Internal Identification of a Handling Unit</DESCRIPT>
    </SEOSUBCOTX>
    <SEOSUBCOTX>
     <CMPNAME>PRCES_SET</CMPNAME>
     <SCONAME>IS_REQUEST</SCONAME>
     <LANGU>E</LANGU>
     <DESCRIPT>Structure for Repacking Material Items</DESCRIPT>
    </SEOSUBCOTX>
    <SEOSUBCOTX>
     <CMPNAME>PRCES_SET</CMPNAME>
     <SCONAME>IV_DEST</SCONAME>
     <LANGU>E</LANGU>
     <DESCRIPT>Destination HU</DESCRIPT>
    </SEOSUBCOTX>
    <SEOSUBCOTX>
     <CMPNAME>PRCES_SET</CMPNAME>
     <SCONAME>IV_PRCES</SCONAME>
     <LANGU>E</LANGU>
     <DESCRIPT>Item Process</DESCRIPT>
    </SEOSUBCOTX>
    <SEOSUBCOTX>
     <CMPNAME>PRCES_SET</CMPNAME>
     <SCONAME>IV_SOURCE</SCONAME>
     <LANGU>E</LANGU>
     <DESCRIPT>HU to be Packed</DESCRIPT>
    </SEOSUBCOTX>
    <SEOSUBCOTX>
     <CMPNAME>PREPARE_HU_FOR_REJECT</CMPNAME>
     <SCONAME>IT_DOCID</SCONAME>
     <LANGU>E</LANGU>
     <DESCRIPT>Table: Document ID</DESCRIPT>
    </SEOSUBCOTX>
    <SEOSUBCOTX>
     <CMPNAME>PREPARE_HU_FOR_REJECT</CMPNAME>
     <SCONAME>IV_DOCCAT</SCONAME>
     <LANGU>E</LANGU>
     <DESCRIPT>Doc. Category for Doc. Reference and Doc.-Related Stocks</DESCRIPT>
    </SEOSUBCOTX>
    <SEOSUBCOTX>
     <CMPNAME>PREPARE_HU_FOR_REJECT</CMPNAME>
     <SCONAME>IV_LGNUM</SCONAME>
     <LANGU>E</LANGU>
     <DESCRIPT>Warehouse Number/Warehouse Complex</DESCRIPT>
    </SEOSUBCOTX>
    <SEOSUBCOTX>
     <CMPNAME>READ_DELIVERY</CMPNAME>
     <SCONAME>ET_DOC_LOCK</SCONAME>
     <LANGU>E</LANGU>
     <DESCRIPT>Table of Locked Deliveries</DESCRIPT>
    </SEOSUBCOTX>
    <SEOSUBCOTX>
     <CMPNAME>READ_DELIVERY</CMPNAME>
     <SCONAME>EV_FOREIGN_LOCK</SCONAME>
     <LANGU>E</LANGU>
     <DESCRIPT>Checkbox</DESCRIPT>
    </SEOSUBCOTX>
    <SEOSUBCOTX>
     <CMPNAME>READ_DELIVERY</CMPNAME>
     <SCONAME>IT_DOCID</SCONAME>
     <LANGU>E</LANGU>
     <DESCRIPT>Table: Document ID</DESCRIPT>
    </SEOSUBCOTX>
    <SEOSUBCOTX>
     <CMPNAME>READ_DELIVERY</CMPNAME>
     <SCONAME>IV_DOCCAT</SCONAME>
     <LANGU>E</LANGU>
     <DESCRIPT>Doc. Category for Doc. Reference and Doc.-Related Stocks</DESCRIPT>
    </SEOSUBCOTX>
    <SEOSUBCOTX>
     <CMPNAME>READ_DELIVERY</CMPNAME>
     <SCONAME>IV_LGNUM</SCONAME>
     <LANGU>E</LANGU>
     <DESCRIPT>Warehouse Number/Warehouse Complex</DESCRIPT>
    </SEOSUBCOTX>
    <SEOSUBCOTX>
     <CMPNAME>READ_DELIVERY</CMPNAME>
     <SCONAME>IV_LOCK</SCONAME>
     <LANGU>E</LANGU>
     <DESCRIPT>Checkbox</DESCRIPT>
    </SEOSUBCOTX>
    <SEOSUBCOTX>
     <CMPNAME>READ_DELIVERY_RF</CMPNAME>
     <SCONAME>ET_DOC_LOCK</SCONAME>
     <LANGU>E</LANGU>
     <DESCRIPT>Table of Locked Deliveries</DESCRIPT>
    </SEOSUBCOTX>
    <SEOSUBCOTX>
     <CMPNAME>READ_DELIVERY_RF</CMPNAME>
     <SCONAME>EV_FOREIGN_LOCK</SCONAME>
     <LANGU>E</LANGU>
     <DESCRIPT>Checkbox</DESCRIPT>
    </SEOSUBCOTX>
    <SEOSUBCOTX>
     <CMPNAME>READ_DELIVERY_RF</CMPNAME>
     <SCONAME>IT_DOCID</SCONAME>
     <LANGU>E</LANGU>
     <DESCRIPT>Table: Document ID</DESCRIPT>
    </SEOSUBCOTX>
    <SEOSUBCOTX>
     <CMPNAME>READ_DELIVERY_RF</CMPNAME>
     <SCONAME>IV_DOCCAT</SCONAME>
     <LANGU>E</LANGU>
     <DESCRIPT>Doc. Category for Doc. Reference and Doc.-Related Stocks</DESCRIPT>
    </SEOSUBCOTX>
    <SEOSUBCOTX>
     <CMPNAME>READ_DELIVERY_RF</CMPNAME>
     <SCONAME>IV_LGNUM</SCONAME>
     <LANGU>E</LANGU>
     <DESCRIPT>Warehouse Number/Warehouse Complex</DESCRIPT>
    </SEOSUBCOTX>
    <SEOSUBCOTX>
     <CMPNAME>READ_DELIVERY_RF</CMPNAME>
     <SCONAME>IV_LOCK</SCONAME>
     <LANGU>E</LANGU>
     <DESCRIPT>Checkbox</DESCRIPT>
    </SEOSUBCOTX>
    <SEOSUBCOTX>
     <CMPNAME>SET_REPACK_COLLECTIVE_HU</CMPNAME>
     <SCONAME>IV_REPACK</SCONAME>
     <LANGU>E</LANGU>
     <DESCRIPT>Data element for domain BOOLE: TRUE (=&apos;X&apos;) and FALSE (=&apos; &apos;)</DESCRIPT>
    </SEOSUBCOTX>
    <SEOSUBCOTX>
     <CMPNAME>UPDATE_QSAMPLE</CMPNAME>
     <SCONAME>IT_DOCID</SCONAME>
     <LANGU>E</LANGU>
     <DESCRIPT>Table: Document ID</DESCRIPT>
    </SEOSUBCOTX>
    <SEOSUBCOTX>
     <CMPNAME>UPDATE_QSAMPLE</CMPNAME>
     <SCONAME>IV_DOCCAT</SCONAME>
     <LANGU>E</LANGU>
     <DESCRIPT>Doc. Category for Doc. Reference and Doc.-Related Stocks</DESCRIPT>
    </SEOSUBCOTX>
    <SEOSUBCOTX>
     <CMPNAME>UPDATE_QSAMPLE</CMPNAME>
     <SCONAME>IV_LGNUM</SCONAME>
     <LANGU>E</LANGU>
     <DESCRIPT>Warehouse Number/Warehouse Complex</DESCRIPT>
    </SEOSUBCOTX>
   </DESCRIPTIONS_SUB>
  </asx:values>
 </asx:abap>
</abapGit>
