﻿<?xml version="1.0" encoding="utf-8"?>
<abapGit version="v1.0.0" serializer="LCL_OBJECT_CLAS" serializer_version="v1.0.0">
 <asx:abap xmlns:asx="http://www.sap.com/abapxml" version="1.0">
  <asx:values>
   <VSEOCLASS>
    <CLSNAME>ZCL_EWM_BASE_DB_PACKMAT</CLSNAME>
    <LANGU>E</LANGU>
    <DESCRIPT>Product: Packing/Packaging Data</DESCRIPT>
    <STATE>1</STATE>
    <CLSCCINCL>X</CLSCCINCL>
    <FIXPT>X</FIXPT>
    <UNICODE>X</UNICODE>
   </VSEOCLASS>
   <DESCRIPTIONS>
    <SEOCOMPOTX>
     <CMPNAME>READ_SINGLE_PACKMAT</CMPNAME>
     <LANGU>E</LANGU>
     <DESCRIPT>Read a single Record from /SCWM/PACKMAT table</DESCRIPT>
    </SEOCOMPOTX>
   </DESCRIPTIONS>
   <DESCRIPTIONS_SUB>
    <SEOSUBCOTX>
     <CMPNAME>READ_SINGLE_PACKMAT</CMPNAME>
     <SCONAME>IV_MATID</SCONAME>
     <LANGU>E</LANGU>
     <DESCRIPT>Internal Number (UID) for Product</DESCRIPT>
    </SEOSUBCOTX>
    <SEOSUBCOTX>
     <CMPNAME>READ_SINGLE_PACKMAT</CMPNAME>
     <SCONAME>IV_MATNR</SCONAME>
     <LANGU>E</LANGU>
     <DESCRIPT>Product Number</DESCRIPT>
    </SEOSUBCOTX>
    <SEOSUBCOTX>
     <CMPNAME>READ_SINGLE_PACKMAT</CMPNAME>
     <SCONAME>RS_MATPACK</SCONAME>
     <LANGU>E</LANGU>
     <DESCRIPT>Product: Packing/Packaging Data</DESCRIPT>
    </SEOSUBCOTX>
   </DESCRIPTIONS_SUB>
  </asx:values>
 </asx:abap>
</abapGit>
