﻿<?xml version="1.0" encoding="utf-8"?>
<abapGit version="v1.0.0" serializer="LCL_OBJECT_CLAS" serializer_version="v1.0.0">
 <asx:abap xmlns:asx="http://www.sap.com/abapxml" version="1.0">
  <asx:values>
   <VSEOCLASS>
    <CLSNAME>ZCX_EWM_BASE_DB</CLSNAME>
    <LANGU>E</LANGU>
    <DESCRIPT>Class for exceptions: DB Access Error</DESCRIPT>
    <CATEGORY>40</CATEGORY>
    <STATE>1</STATE>
    <CLSCCINCL>X</CLSCCINCL>
    <FIXPT>X</FIXPT>
    <UNICODE>X</UNICODE>
   </VSEOCLASS>
   <SOTR>
    <item>
     <HEADER>
      <CONCEPT>005056911E011EDC98BA75C98163C43D</CONCEPT>
      <CREA_LAN>E</CREA_LAN>
      <TRALA_TYPE>1</TRALA_TYPE>
      <OBJID_VEC>CA==</OBJID_VEC>
     </HEADER>
     <ENTRIES>
      <SOTR_TEXT>
       <CONCEPT>005056911E011EDC98BA75C98163C43D</CONCEPT>
       <LANGU>E</LANGU>
       <LFD_NUM>0001</LFD_NUM>
       <FLAG_CNTXT>X</FLAG_CNTXT>
       <STATUS>R</STATUS>
       <LENGTH>255</LENGTH>
      </SOTR_TEXT>
     </ENTRIES>
    </item>
    <item>
     <HEADER>
      <CONCEPT>005056911E011EDC98BA75C98163E43D</CONCEPT>
      <CREA_LAN>E</CREA_LAN>
      <TRALA_TYPE>1</TRALA_TYPE>
      <OBJID_VEC>CA==</OBJID_VEC>
     </HEADER>
     <ENTRIES>
      <SOTR_TEXT>
       <CONCEPT>005056911E011EDC98BA75C98163E43D</CONCEPT>
       <LANGU>E</LANGU>
       <LFD_NUM>0001</LFD_NUM>
       <FLAG_CNTXT>X</FLAG_CNTXT>
       <STATUS>R</STATUS>
       <LENGTH>255</LENGTH>
      </SOTR_TEXT>
     </ENTRIES>
    </item>
    <item>
     <HEADER>
      <CONCEPT>005056911E011EDC98BA75C98164043D</CONCEPT>
      <CREA_LAN>E</CREA_LAN>
      <TRALA_TYPE>1</TRALA_TYPE>
      <OBJID_VEC>CA==</OBJID_VEC>
     </HEADER>
     <ENTRIES>
      <SOTR_TEXT>
       <CONCEPT>005056911E011EDC98BA75C98164043D</CONCEPT>
       <LANGU>E</LANGU>
       <LFD_NUM>0001</LFD_NUM>
       <FLAG_CNTXT>X</FLAG_CNTXT>
       <STATUS>R</STATUS>
       <LENGTH>255</LENGTH>
      </SOTR_TEXT>
     </ENTRIES>
    </item>
    <item>
     <HEADER>
      <CONCEPT>005056911E011EDC98BA75C98164243D</CONCEPT>
      <CREA_LAN>E</CREA_LAN>
      <TRALA_TYPE>1</TRALA_TYPE>
      <OBJID_VEC>CA==</OBJID_VEC>
     </HEADER>
     <ENTRIES>
      <SOTR_TEXT>
       <CONCEPT>005056911E011EDC98BA75C98164243D</CONCEPT>
       <LANGU>E</LANGU>
       <LFD_NUM>0001</LFD_NUM>
       <FLAG_CNTXT>X</FLAG_CNTXT>
       <STATUS>R</STATUS>
       <LENGTH>255</LENGTH>
      </SOTR_TEXT>
     </ENTRIES>
    </item>
    <item>
     <HEADER>
      <CONCEPT>005056911E011EDC98BA75C98164443D</CONCEPT>
      <CREA_LAN>E</CREA_LAN>
      <TRALA_TYPE>1</TRALA_TYPE>
      <OBJID_VEC>CA==</OBJID_VEC>
     </HEADER>
     <ENTRIES>
      <SOTR_TEXT>
       <CONCEPT>005056911E011EDC98BA75C98164443D</CONCEPT>
       <LANGU>E</LANGU>
       <LFD_NUM>0001</LFD_NUM>
       <FLAG_CNTXT>X</FLAG_CNTXT>
       <STATUS>R</STATUS>
       <LENGTH>255</LENGTH>
      </SOTR_TEXT>
     </ENTRIES>
    </item>
    <item>
     <HEADER>
      <CONCEPT>005056911E011EDC98BA75C98164643D</CONCEPT>
      <CREA_LAN>E</CREA_LAN>
      <TRALA_TYPE>1</TRALA_TYPE>
      <OBJID_VEC>CA==</OBJID_VEC>
     </HEADER>
     <ENTRIES>
      <SOTR_TEXT>
       <CONCEPT>005056911E011EDC98BA75C98164643D</CONCEPT>
       <LANGU>E</LANGU>
       <LFD_NUM>0001</LFD_NUM>
       <FLAG_CNTXT>X</FLAG_CNTXT>
       <STATUS>R</STATUS>
       <LENGTH>255</LENGTH>
      </SOTR_TEXT>
     </ENTRIES>
    </item>
    <item>
     <HEADER>
      <CONCEPT>005056911E011EDC98BA75C98164843D</CONCEPT>
      <CREA_LAN>E</CREA_LAN>
      <TRALA_TYPE>1</TRALA_TYPE>
      <OBJID_VEC>CA==</OBJID_VEC>
     </HEADER>
     <ENTRIES>
      <SOTR_TEXT>
       <CONCEPT>005056911E011EDC98BA75C98164843D</CONCEPT>
       <LANGU>E</LANGU>
       <LFD_NUM>0001</LFD_NUM>
       <FLAG_CNTXT>X</FLAG_CNTXT>
       <STATUS>R</STATUS>
       <LENGTH>255</LENGTH>
      </SOTR_TEXT>
     </ENTRIES>
    </item>
    <item>
     <HEADER>
      <CONCEPT>005056911E011EDC98BA75C98164A43D</CONCEPT>
      <CREA_LAN>E</CREA_LAN>
      <TRALA_TYPE>1</TRALA_TYPE>
      <OBJID_VEC>CA==</OBJID_VEC>
     </HEADER>
     <ENTRIES>
      <SOTR_TEXT>
       <CONCEPT>005056911E011EDC98BA75C98164A43D</CONCEPT>
       <LANGU>E</LANGU>
       <LFD_NUM>0001</LFD_NUM>
       <FLAG_CNTXT>X</FLAG_CNTXT>
       <STATUS>R</STATUS>
       <LENGTH>255</LENGTH>
      </SOTR_TEXT>
     </ENTRIES>
    </item>
    <item>
     <HEADER>
      <CONCEPT>005056911E011EDC98BA75C98164C43D</CONCEPT>
      <CREA_LAN>E</CREA_LAN>
      <TRALA_TYPE>1</TRALA_TYPE>
      <OBJID_VEC>CA==</OBJID_VEC>
     </HEADER>
     <ENTRIES>
      <SOTR_TEXT>
       <CONCEPT>005056911E011EDC98BA75C98164C43D</CONCEPT>
       <LANGU>E</LANGU>
       <LFD_NUM>0001</LFD_NUM>
       <FLAG_CNTXT>X</FLAG_CNTXT>
       <STATUS>R</STATUS>
       <LENGTH>255</LENGTH>
      </SOTR_TEXT>
     </ENTRIES>
    </item>
    <item>
     <HEADER>
      <CONCEPT>005056911E011EDC98BA75C98164E43D</CONCEPT>
      <CREA_LAN>E</CREA_LAN>
      <TRALA_TYPE>1</TRALA_TYPE>
      <OBJID_VEC>CA==</OBJID_VEC>
     </HEADER>
     <ENTRIES>
      <SOTR_TEXT>
       <CONCEPT>005056911E011EDC98BA75C98164E43D</CONCEPT>
       <LANGU>E</LANGU>
       <LFD_NUM>0001</LFD_NUM>
       <FLAG_CNTXT>X</FLAG_CNTXT>
       <STATUS>R</STATUS>
       <LENGTH>255</LENGTH>
      </SOTR_TEXT>
     </ENTRIES>
    </item>
    <item>
     <HEADER>
      <CONCEPT>005056911E011EDC98BA75C98165043D</CONCEPT>
      <CREA_LAN>E</CREA_LAN>
      <TRALA_TYPE>1</TRALA_TYPE>
      <OBJID_VEC>CA==</OBJID_VEC>
     </HEADER>
     <ENTRIES>
      <SOTR_TEXT>
       <CONCEPT>005056911E011EDC98BA75C98165043D</CONCEPT>
       <LANGU>E</LANGU>
       <LFD_NUM>0001</LFD_NUM>
       <FLAG_CNTXT>X</FLAG_CNTXT>
       <STATUS>R</STATUS>
       <LENGTH>255</LENGTH>
      </SOTR_TEXT>
     </ENTRIES>
    </item>
    <item>
     <HEADER>
      <CONCEPT>005056911E011EDC98BA75C98165243D</CONCEPT>
      <CREA_LAN>E</CREA_LAN>
      <TRALA_TYPE>1</TRALA_TYPE>
      <OBJID_VEC>CA==</OBJID_VEC>
     </HEADER>
     <ENTRIES>
      <SOTR_TEXT>
       <CONCEPT>005056911E011EDC98BA75C98165243D</CONCEPT>
       <LANGU>E</LANGU>
       <LFD_NUM>0001</LFD_NUM>
       <FLAG_CNTXT>X</FLAG_CNTXT>
       <STATUS>R</STATUS>
       <LENGTH>255</LENGTH>
      </SOTR_TEXT>
     </ENTRIES>
    </item>
    <item>
     <HEADER>
      <CONCEPT>005056911E011EDC98BA75C98165443D</CONCEPT>
      <CREA_LAN>E</CREA_LAN>
      <TRALA_TYPE>1</TRALA_TYPE>
      <OBJID_VEC>CA==</OBJID_VEC>
     </HEADER>
     <ENTRIES>
      <SOTR_TEXT>
       <CONCEPT>005056911E011EDC98BA75C98165443D</CONCEPT>
       <LANGU>E</LANGU>
       <LFD_NUM>0001</LFD_NUM>
       <FLAG_CNTXT>X</FLAG_CNTXT>
       <STATUS>R</STATUS>
       <LENGTH>255</LENGTH>
      </SOTR_TEXT>
     </ENTRIES>
    </item>
    <item>
     <HEADER>
      <CONCEPT>005056911E011EDC98BA75C98165643D</CONCEPT>
      <CREA_LAN>E</CREA_LAN>
      <TRALA_TYPE>1</TRALA_TYPE>
      <OBJID_VEC>CA==</OBJID_VEC>
     </HEADER>
     <ENTRIES>
      <SOTR_TEXT>
       <CONCEPT>005056911E011EDC98BA75C98165643D</CONCEPT>
       <LANGU>E</LANGU>
       <LFD_NUM>0001</LFD_NUM>
       <FLAG_CNTXT>X</FLAG_CNTXT>
       <STATUS>R</STATUS>
       <LENGTH>255</LENGTH>
      </SOTR_TEXT>
     </ENTRIES>
    </item>
    <item>
     <HEADER>
      <CONCEPT>005056911E011EDC98BA75C98165843D</CONCEPT>
      <CREA_LAN>E</CREA_LAN>
      <TRALA_TYPE>1</TRALA_TYPE>
      <OBJID_VEC>CA==</OBJID_VEC>
     </HEADER>
     <ENTRIES>
      <SOTR_TEXT>
       <CONCEPT>005056911E011EDC98BA75C98165843D</CONCEPT>
       <LANGU>E</LANGU>
       <LFD_NUM>0001</LFD_NUM>
       <FLAG_CNTXT>X</FLAG_CNTXT>
       <STATUS>R</STATUS>
       <LENGTH>255</LENGTH>
      </SOTR_TEXT>
     </ENTRIES>
    </item>
    <item>
     <HEADER>
      <CONCEPT>005056911E011EDC98BA75C98165A43D</CONCEPT>
      <CREA_LAN>E</CREA_LAN>
      <TRALA_TYPE>1</TRALA_TYPE>
      <OBJID_VEC>CA==</OBJID_VEC>
     </HEADER>
     <ENTRIES>
      <SOTR_TEXT>
       <CONCEPT>005056911E011EDC98BA75C98165A43D</CONCEPT>
       <LANGU>E</LANGU>
       <LFD_NUM>0001</LFD_NUM>
       <FLAG_CNTXT>X</FLAG_CNTXT>
       <STATUS>R</STATUS>
       <LENGTH>255</LENGTH>
      </SOTR_TEXT>
     </ENTRIES>
    </item>
    <item>
     <HEADER>
      <CONCEPT>005056911E011EDC98BA75C98165C43D</CONCEPT>
      <CREA_LAN>E</CREA_LAN>
      <TRALA_TYPE>1</TRALA_TYPE>
      <OBJID_VEC>CA==</OBJID_VEC>
     </HEADER>
     <ENTRIES>
      <SOTR_TEXT>
       <CONCEPT>005056911E011EDC98BA75C98165C43D</CONCEPT>
       <LANGU>E</LANGU>
       <LFD_NUM>0001</LFD_NUM>
       <FLAG_CNTXT>X</FLAG_CNTXT>
       <STATUS>R</STATUS>
       <LENGTH>255</LENGTH>
      </SOTR_TEXT>
     </ENTRIES>
    </item>
    <item>
     <HEADER>
      <CONCEPT>005056911E011EDC98BA75C98165E43D</CONCEPT>
      <CREA_LAN>E</CREA_LAN>
      <TRALA_TYPE>1</TRALA_TYPE>
      <OBJID_VEC>CA==</OBJID_VEC>
     </HEADER>
     <ENTRIES>
      <SOTR_TEXT>
       <CONCEPT>005056911E011EDC98BA75C98165E43D</CONCEPT>
       <LANGU>E</LANGU>
       <LFD_NUM>0001</LFD_NUM>
       <FLAG_CNTXT>X</FLAG_CNTXT>
       <STATUS>R</STATUS>
       <LENGTH>255</LENGTH>
      </SOTR_TEXT>
     </ENTRIES>
    </item>
    <item>
     <HEADER>
      <CONCEPT>005056911E011EDC98BA75C98166043D</CONCEPT>
      <CREA_LAN>E</CREA_LAN>
      <TRALA_TYPE>1</TRALA_TYPE>
      <OBJID_VEC>CA==</OBJID_VEC>
     </HEADER>
     <ENTRIES>
      <SOTR_TEXT>
       <CONCEPT>005056911E011EDC98BA75C98166043D</CONCEPT>
       <LANGU>E</LANGU>
       <LFD_NUM>0001</LFD_NUM>
       <FLAG_CNTXT>X</FLAG_CNTXT>
       <STATUS>R</STATUS>
       <LENGTH>255</LENGTH>
      </SOTR_TEXT>
     </ENTRIES>
    </item>
    <item>
     <HEADER>
      <CONCEPT>005056911E011EDC98BA786C3F45443D</CONCEPT>
      <CREA_LAN>E</CREA_LAN>
      <TRALA_TYPE>1</TRALA_TYPE>
      <OBJID_VEC>CA==</OBJID_VEC>
     </HEADER>
     <ENTRIES>
      <SOTR_TEXT>
       <CONCEPT>005056911E011EDC98BA786C3F45443D</CONCEPT>
       <LANGU>E</LANGU>
       <LFD_NUM>0001</LFD_NUM>
       <FLAG_CNTXT>X</FLAG_CNTXT>
       <STATUS>R</STATUS>
       <LENGTH>255</LENGTH>
      </SOTR_TEXT>
     </ENTRIES>
    </item>
    <item>
     <HEADER>
      <CONCEPT>005056911E011EDC98BA786C3F45643D</CONCEPT>
      <CREA_LAN>E</CREA_LAN>
      <TRALA_TYPE>1</TRALA_TYPE>
      <OBJID_VEC>CA==</OBJID_VEC>
     </HEADER>
     <ENTRIES>
      <SOTR_TEXT>
       <CONCEPT>005056911E011EDC98BA786C3F45643D</CONCEPT>
       <LANGU>E</LANGU>
       <LFD_NUM>0001</LFD_NUM>
       <FLAG_CNTXT>X</FLAG_CNTXT>
       <STATUS>R</STATUS>
       <LENGTH>255</LENGTH>
      </SOTR_TEXT>
     </ENTRIES>
    </item>
    <item>
     <HEADER>
      <CONCEPT>005056911E011EDC98BA786C3F45843D</CONCEPT>
      <CREA_LAN>E</CREA_LAN>
      <TRALA_TYPE>1</TRALA_TYPE>
      <OBJID_VEC>CA==</OBJID_VEC>
     </HEADER>
     <ENTRIES>
      <SOTR_TEXT>
       <CONCEPT>005056911E011EDC98BA786C3F45843D</CONCEPT>
       <LANGU>E</LANGU>
       <LFD_NUM>0001</LFD_NUM>
       <FLAG_CNTXT>X</FLAG_CNTXT>
       <STATUS>R</STATUS>
       <LENGTH>255</LENGTH>
      </SOTR_TEXT>
     </ENTRIES>
    </item>
    <item>
     <HEADER>
      <CONCEPT>005056911E011EDC98BA786C3F45A43D</CONCEPT>
      <CREA_LAN>E</CREA_LAN>
      <TRALA_TYPE>1</TRALA_TYPE>
      <OBJID_VEC>CA==</OBJID_VEC>
     </HEADER>
     <ENTRIES>
      <SOTR_TEXT>
       <CONCEPT>005056911E011EDC98BA786C3F45A43D</CONCEPT>
       <LANGU>E</LANGU>
       <LFD_NUM>0001</LFD_NUM>
       <FLAG_CNTXT>X</FLAG_CNTXT>
       <STATUS>R</STATUS>
       <LENGTH>255</LENGTH>
      </SOTR_TEXT>
     </ENTRIES>
    </item>
    <item>
     <HEADER>
      <CONCEPT>005056911E011EDC98BA786C3F45C43D</CONCEPT>
      <CREA_LAN>E</CREA_LAN>
      <TRALA_TYPE>1</TRALA_TYPE>
      <OBJID_VEC>CA==</OBJID_VEC>
     </HEADER>
     <ENTRIES>
      <SOTR_TEXT>
       <CONCEPT>005056911E011EDC98BA786C3F45C43D</CONCEPT>
       <LANGU>E</LANGU>
       <LFD_NUM>0001</LFD_NUM>
       <FLAG_CNTXT>X</FLAG_CNTXT>
       <STATUS>R</STATUS>
       <LENGTH>255</LENGTH>
      </SOTR_TEXT>
     </ENTRIES>
    </item>
    <item>
     <HEADER>
      <CONCEPT>005056911E011EDC98BA786C3F45E43D</CONCEPT>
      <CREA_LAN>E</CREA_LAN>
      <TRALA_TYPE>1</TRALA_TYPE>
      <OBJID_VEC>CA==</OBJID_VEC>
     </HEADER>
     <ENTRIES>
      <SOTR_TEXT>
       <CONCEPT>005056911E011EDC98BA786C3F45E43D</CONCEPT>
       <LANGU>E</LANGU>
       <LFD_NUM>0001</LFD_NUM>
       <FLAG_CNTXT>X</FLAG_CNTXT>
       <STATUS>R</STATUS>
       <LENGTH>255</LENGTH>
      </SOTR_TEXT>
     </ENTRIES>
    </item>
    <item>
     <HEADER>
      <CONCEPT>005056911E011EDC98BA786C3F46043D</CONCEPT>
      <CREA_LAN>E</CREA_LAN>
      <TRALA_TYPE>1</TRALA_TYPE>
      <OBJID_VEC>CA==</OBJID_VEC>
     </HEADER>
     <ENTRIES>
      <SOTR_TEXT>
       <CONCEPT>005056911E011EDC98BA786C3F46043D</CONCEPT>
       <LANGU>E</LANGU>
       <LFD_NUM>0001</LFD_NUM>
       <FLAG_CNTXT>X</FLAG_CNTXT>
       <STATUS>R</STATUS>
       <LENGTH>255</LENGTH>
      </SOTR_TEXT>
     </ENTRIES>
    </item>
    <item>
     <HEADER>
      <CONCEPT>005056911E011EDC98BA786C3F46243D</CONCEPT>
      <CREA_LAN>E</CREA_LAN>
      <TRALA_TYPE>1</TRALA_TYPE>
      <OBJID_VEC>CA==</OBJID_VEC>
     </HEADER>
     <ENTRIES>
      <SOTR_TEXT>
       <CONCEPT>005056911E011EDC98BA786C3F46243D</CONCEPT>
       <LANGU>E</LANGU>
       <LFD_NUM>0001</LFD_NUM>
       <FLAG_CNTXT>X</FLAG_CNTXT>
       <STATUS>R</STATUS>
       <LENGTH>255</LENGTH>
      </SOTR_TEXT>
     </ENTRIES>
    </item>
    <item>
     <HEADER>
      <CONCEPT>005056911E011EDC98BA786C3F46443D</CONCEPT>
      <CREA_LAN>E</CREA_LAN>
      <TRALA_TYPE>1</TRALA_TYPE>
      <OBJID_VEC>CA==</OBJID_VEC>
     </HEADER>
     <ENTRIES>
      <SOTR_TEXT>
       <CONCEPT>005056911E011EDC98BA786C3F46443D</CONCEPT>
       <LANGU>E</LANGU>
       <LFD_NUM>0001</LFD_NUM>
       <FLAG_CNTXT>X</FLAG_CNTXT>
       <STATUS>R</STATUS>
       <LENGTH>255</LENGTH>
      </SOTR_TEXT>
     </ENTRIES>
    </item>
    <item>
     <HEADER>
      <CONCEPT>005056911E011EDC98BA786C3F46643D</CONCEPT>
      <CREA_LAN>E</CREA_LAN>
      <TRALA_TYPE>1</TRALA_TYPE>
      <OBJID_VEC>CA==</OBJID_VEC>
     </HEADER>
     <ENTRIES>
      <SOTR_TEXT>
       <CONCEPT>005056911E011EDC98BA786C3F46643D</CONCEPT>
       <LANGU>E</LANGU>
       <LFD_NUM>0001</LFD_NUM>
       <FLAG_CNTXT>X</FLAG_CNTXT>
       <STATUS>R</STATUS>
       <LENGTH>255</LENGTH>
      </SOTR_TEXT>
     </ENTRIES>
    </item>
    <item>
     <HEADER>
      <CONCEPT>005056911E011EDC98BA786C3F46843D</CONCEPT>
      <CREA_LAN>E</CREA_LAN>
      <TRALA_TYPE>1</TRALA_TYPE>
      <OBJID_VEC>CA==</OBJID_VEC>
     </HEADER>
     <ENTRIES>
      <SOTR_TEXT>
       <CONCEPT>005056911E011EDC98BA786C3F46843D</CONCEPT>
       <LANGU>E</LANGU>
       <LFD_NUM>0001</LFD_NUM>
       <FLAG_CNTXT>X</FLAG_CNTXT>
       <STATUS>R</STATUS>
       <LENGTH>255</LENGTH>
      </SOTR_TEXT>
     </ENTRIES>
    </item>
    <item>
     <HEADER>
      <CONCEPT>005056911E011EDC98BA786C3F46A43D</CONCEPT>
      <CREA_LAN>E</CREA_LAN>
      <TRALA_TYPE>1</TRALA_TYPE>
      <OBJID_VEC>CA==</OBJID_VEC>
     </HEADER>
     <ENTRIES>
      <SOTR_TEXT>
       <CONCEPT>005056911E011EDC98BA786C3F46A43D</CONCEPT>
       <LANGU>E</LANGU>
       <LFD_NUM>0001</LFD_NUM>
       <FLAG_CNTXT>X</FLAG_CNTXT>
       <STATUS>R</STATUS>
       <LENGTH>255</LENGTH>
      </SOTR_TEXT>
     </ENTRIES>
    </item>
    <item>
     <HEADER>
      <CONCEPT>005056911E011EDC98BA786C3F46C43D</CONCEPT>
      <CREA_LAN>E</CREA_LAN>
      <TRALA_TYPE>1</TRALA_TYPE>
      <OBJID_VEC>CA==</OBJID_VEC>
     </HEADER>
     <ENTRIES>
      <SOTR_TEXT>
       <CONCEPT>005056911E011EDC98BA786C3F46C43D</CONCEPT>
       <LANGU>E</LANGU>
       <LFD_NUM>0001</LFD_NUM>
       <FLAG_CNTXT>X</FLAG_CNTXT>
       <STATUS>R</STATUS>
       <LENGTH>255</LENGTH>
      </SOTR_TEXT>
     </ENTRIES>
    </item>
    <item>
     <HEADER>
      <CONCEPT>005056911E011EDC98BA786C3F46E43D</CONCEPT>
      <CREA_LAN>E</CREA_LAN>
      <TRALA_TYPE>1</TRALA_TYPE>
      <OBJID_VEC>CA==</OBJID_VEC>
     </HEADER>
     <ENTRIES>
      <SOTR_TEXT>
       <CONCEPT>005056911E011EDC98BA786C3F46E43D</CONCEPT>
       <LANGU>E</LANGU>
       <LFD_NUM>0001</LFD_NUM>
       <FLAG_CNTXT>X</FLAG_CNTXT>
       <STATUS>R</STATUS>
       <LENGTH>255</LENGTH>
      </SOTR_TEXT>
     </ENTRIES>
    </item>
    <item>
     <HEADER>
      <CONCEPT>005056911E011EDC98BA786C3F47043D</CONCEPT>
      <CREA_LAN>E</CREA_LAN>
      <TRALA_TYPE>1</TRALA_TYPE>
      <OBJID_VEC>CA==</OBJID_VEC>
     </HEADER>
     <ENTRIES>
      <SOTR_TEXT>
       <CONCEPT>005056911E011EDC98BA786C3F47043D</CONCEPT>
       <LANGU>E</LANGU>
       <LFD_NUM>0001</LFD_NUM>
       <FLAG_CNTXT>X</FLAG_CNTXT>
       <STATUS>R</STATUS>
       <LENGTH>255</LENGTH>
      </SOTR_TEXT>
     </ENTRIES>
    </item>
    <item>
     <HEADER>
      <CONCEPT>005056911E011EDC98BA786C3F47243D</CONCEPT>
      <CREA_LAN>E</CREA_LAN>
      <TRALA_TYPE>1</TRALA_TYPE>
      <OBJID_VEC>CA==</OBJID_VEC>
     </HEADER>
     <ENTRIES>
      <SOTR_TEXT>
       <CONCEPT>005056911E011EDC98BA786C3F47243D</CONCEPT>
       <LANGU>E</LANGU>
       <LFD_NUM>0001</LFD_NUM>
       <FLAG_CNTXT>X</FLAG_CNTXT>
       <STATUS>R</STATUS>
       <LENGTH>255</LENGTH>
      </SOTR_TEXT>
     </ENTRIES>
    </item>
    <item>
     <HEADER>
      <CONCEPT>005056911E011EDC98BA786C3F47443D</CONCEPT>
      <CREA_LAN>E</CREA_LAN>
      <TRALA_TYPE>1</TRALA_TYPE>
      <OBJID_VEC>CA==</OBJID_VEC>
     </HEADER>
     <ENTRIES>
      <SOTR_TEXT>
       <CONCEPT>005056911E011EDC98BA786C3F47443D</CONCEPT>
       <LANGU>E</LANGU>
       <LFD_NUM>0001</LFD_NUM>
       <FLAG_CNTXT>X</FLAG_CNTXT>
       <STATUS>R</STATUS>
       <LENGTH>255</LENGTH>
      </SOTR_TEXT>
     </ENTRIES>
    </item>
    <item>
     <HEADER>
      <CONCEPT>005056911E011EDC98BA786C3F47643D</CONCEPT>
      <CREA_LAN>E</CREA_LAN>
      <TRALA_TYPE>1</TRALA_TYPE>
      <OBJID_VEC>CA==</OBJID_VEC>
     </HEADER>
     <ENTRIES>
      <SOTR_TEXT>
       <CONCEPT>005056911E011EDC98BA786C3F47643D</CONCEPT>
       <LANGU>E</LANGU>
       <LFD_NUM>0001</LFD_NUM>
       <FLAG_CNTXT>X</FLAG_CNTXT>
       <STATUS>R</STATUS>
       <LENGTH>255</LENGTH>
      </SOTR_TEXT>
     </ENTRIES>
    </item>
   </SOTR>
   <SOTR_USE>
    <SOTR_USE>
     <PGMID>LIMU</PGMID>
     <OBJECT>CPUB</OBJECT>
     <OBJ_NAME>ZCX_EWM_BASE_DB</OBJ_NAME>
     <CONCEPT>005056911E011EDC98BA75C98163C43D</CONCEPT>
     <LFD_NUM>0001</LFD_NUM>
    </SOTR_USE>
    <SOTR_USE>
     <PGMID>LIMU</PGMID>
     <OBJECT>CPUB</OBJECT>
     <OBJ_NAME>ZCX_EWM_BASE_DB</OBJ_NAME>
     <CONCEPT>005056911E011EDC98BA75C98163E43D</CONCEPT>
     <LFD_NUM>0001</LFD_NUM>
    </SOTR_USE>
    <SOTR_USE>
     <PGMID>LIMU</PGMID>
     <OBJECT>CPUB</OBJECT>
     <OBJ_NAME>ZCX_EWM_BASE_DB</OBJ_NAME>
     <CONCEPT>005056911E011EDC98BA75C98164043D</CONCEPT>
     <LFD_NUM>0001</LFD_NUM>
    </SOTR_USE>
    <SOTR_USE>
     <PGMID>LIMU</PGMID>
     <OBJECT>CPUB</OBJECT>
     <OBJ_NAME>ZCX_EWM_BASE_DB</OBJ_NAME>
     <CONCEPT>005056911E011EDC98BA75C98164243D</CONCEPT>
     <LFD_NUM>0001</LFD_NUM>
    </SOTR_USE>
    <SOTR_USE>
     <PGMID>LIMU</PGMID>
     <OBJECT>CPUB</OBJECT>
     <OBJ_NAME>ZCX_EWM_BASE_DB</OBJ_NAME>
     <CONCEPT>005056911E011EDC98BA75C98164443D</CONCEPT>
     <LFD_NUM>0001</LFD_NUM>
    </SOTR_USE>
    <SOTR_USE>
     <PGMID>LIMU</PGMID>
     <OBJECT>CPUB</OBJECT>
     <OBJ_NAME>ZCX_EWM_BASE_DB</OBJ_NAME>
     <CONCEPT>005056911E011EDC98BA75C98164643D</CONCEPT>
     <LFD_NUM>0001</LFD_NUM>
    </SOTR_USE>
    <SOTR_USE>
     <PGMID>LIMU</PGMID>
     <OBJECT>CPUB</OBJECT>
     <OBJ_NAME>ZCX_EWM_BASE_DB</OBJ_NAME>
     <CONCEPT>005056911E011EDC98BA75C98164843D</CONCEPT>
     <LFD_NUM>0001</LFD_NUM>
    </SOTR_USE>
    <SOTR_USE>
     <PGMID>LIMU</PGMID>
     <OBJECT>CPUB</OBJECT>
     <OBJ_NAME>ZCX_EWM_BASE_DB</OBJ_NAME>
     <CONCEPT>005056911E011EDC98BA75C98164A43D</CONCEPT>
     <LFD_NUM>0001</LFD_NUM>
    </SOTR_USE>
    <SOTR_USE>
     <PGMID>LIMU</PGMID>
     <OBJECT>CPUB</OBJECT>
     <OBJ_NAME>ZCX_EWM_BASE_DB</OBJ_NAME>
     <CONCEPT>005056911E011EDC98BA75C98164C43D</CONCEPT>
     <LFD_NUM>0001</LFD_NUM>
    </SOTR_USE>
    <SOTR_USE>
     <PGMID>LIMU</PGMID>
     <OBJECT>CPUB</OBJECT>
     <OBJ_NAME>ZCX_EWM_BASE_DB</OBJ_NAME>
     <CONCEPT>005056911E011EDC98BA75C98164E43D</CONCEPT>
     <LFD_NUM>0001</LFD_NUM>
    </SOTR_USE>
    <SOTR_USE>
     <PGMID>LIMU</PGMID>
     <OBJECT>CPUB</OBJECT>
     <OBJ_NAME>ZCX_EWM_BASE_DB</OBJ_NAME>
     <CONCEPT>005056911E011EDC98BA75C98165043D</CONCEPT>
     <LFD_NUM>0001</LFD_NUM>
    </SOTR_USE>
    <SOTR_USE>
     <PGMID>LIMU</PGMID>
     <OBJECT>CPUB</OBJECT>
     <OBJ_NAME>ZCX_EWM_BASE_DB</OBJ_NAME>
     <CONCEPT>005056911E011EDC98BA75C98165243D</CONCEPT>
     <LFD_NUM>0001</LFD_NUM>
    </SOTR_USE>
    <SOTR_USE>
     <PGMID>LIMU</PGMID>
     <OBJECT>CPUB</OBJECT>
     <OBJ_NAME>ZCX_EWM_BASE_DB</OBJ_NAME>
     <CONCEPT>005056911E011EDC98BA75C98165443D</CONCEPT>
     <LFD_NUM>0001</LFD_NUM>
    </SOTR_USE>
    <SOTR_USE>
     <PGMID>LIMU</PGMID>
     <OBJECT>CPUB</OBJECT>
     <OBJ_NAME>ZCX_EWM_BASE_DB</OBJ_NAME>
     <CONCEPT>005056911E011EDC98BA75C98165643D</CONCEPT>
     <LFD_NUM>0001</LFD_NUM>
    </SOTR_USE>
    <SOTR_USE>
     <PGMID>LIMU</PGMID>
     <OBJECT>CPUB</OBJECT>
     <OBJ_NAME>ZCX_EWM_BASE_DB</OBJ_NAME>
     <CONCEPT>005056911E011EDC98BA75C98165843D</CONCEPT>
     <LFD_NUM>0001</LFD_NUM>
    </SOTR_USE>
    <SOTR_USE>
     <PGMID>LIMU</PGMID>
     <OBJECT>CPUB</OBJECT>
     <OBJ_NAME>ZCX_EWM_BASE_DB</OBJ_NAME>
     <CONCEPT>005056911E011EDC98BA75C98165A43D</CONCEPT>
     <LFD_NUM>0001</LFD_NUM>
    </SOTR_USE>
    <SOTR_USE>
     <PGMID>LIMU</PGMID>
     <OBJECT>CPUB</OBJECT>
     <OBJ_NAME>ZCX_EWM_BASE_DB</OBJ_NAME>
     <CONCEPT>005056911E011EDC98BA75C98165C43D</CONCEPT>
     <LFD_NUM>0001</LFD_NUM>
    </SOTR_USE>
    <SOTR_USE>
     <PGMID>LIMU</PGMID>
     <OBJECT>CPUB</OBJECT>
     <OBJ_NAME>ZCX_EWM_BASE_DB</OBJ_NAME>
     <CONCEPT>005056911E011EDC98BA75C98165E43D</CONCEPT>
     <LFD_NUM>0001</LFD_NUM>
    </SOTR_USE>
    <SOTR_USE>
     <PGMID>LIMU</PGMID>
     <OBJECT>CPUB</OBJECT>
     <OBJ_NAME>ZCX_EWM_BASE_DB</OBJ_NAME>
     <CONCEPT>005056911E011EDC98BA75C98166043D</CONCEPT>
     <LFD_NUM>0001</LFD_NUM>
    </SOTR_USE>
    <SOTR_USE>
     <PGMID>LIMU</PGMID>
     <OBJECT>CPUB</OBJECT>
     <OBJ_NAME>ZCX_EWM_BASE_DB</OBJ_NAME>
     <CONCEPT>005056911E011EDC98BA786C3F45443D</CONCEPT>
     <LFD_NUM>0001</LFD_NUM>
    </SOTR_USE>
    <SOTR_USE>
     <PGMID>LIMU</PGMID>
     <OBJECT>CPUB</OBJECT>
     <OBJ_NAME>ZCX_EWM_BASE_DB</OBJ_NAME>
     <CONCEPT>005056911E011EDC98BA786C3F45643D</CONCEPT>
     <LFD_NUM>0001</LFD_NUM>
    </SOTR_USE>
    <SOTR_USE>
     <PGMID>LIMU</PGMID>
     <OBJECT>CPUB</OBJECT>
     <OBJ_NAME>ZCX_EWM_BASE_DB</OBJ_NAME>
     <CONCEPT>005056911E011EDC98BA786C3F45843D</CONCEPT>
     <LFD_NUM>0001</LFD_NUM>
    </SOTR_USE>
    <SOTR_USE>
     <PGMID>LIMU</PGMID>
     <OBJECT>CPUB</OBJECT>
     <OBJ_NAME>ZCX_EWM_BASE_DB</OBJ_NAME>
     <CONCEPT>005056911E011EDC98BA786C3F45A43D</CONCEPT>
     <LFD_NUM>0001</LFD_NUM>
    </SOTR_USE>
    <SOTR_USE>
     <PGMID>LIMU</PGMID>
     <OBJECT>CPUB</OBJECT>
     <OBJ_NAME>ZCX_EWM_BASE_DB</OBJ_NAME>
     <CONCEPT>005056911E011EDC98BA786C3F45C43D</CONCEPT>
     <LFD_NUM>0001</LFD_NUM>
    </SOTR_USE>
    <SOTR_USE>
     <PGMID>LIMU</PGMID>
     <OBJECT>CPUB</OBJECT>
     <OBJ_NAME>ZCX_EWM_BASE_DB</OBJ_NAME>
     <CONCEPT>005056911E011EDC98BA786C3F45E43D</CONCEPT>
     <LFD_NUM>0001</LFD_NUM>
    </SOTR_USE>
    <SOTR_USE>
     <PGMID>LIMU</PGMID>
     <OBJECT>CPUB</OBJECT>
     <OBJ_NAME>ZCX_EWM_BASE_DB</OBJ_NAME>
     <CONCEPT>005056911E011EDC98BA786C3F46043D</CONCEPT>
     <LFD_NUM>0001</LFD_NUM>
    </SOTR_USE>
    <SOTR_USE>
     <PGMID>LIMU</PGMID>
     <OBJECT>CPUB</OBJECT>
     <OBJ_NAME>ZCX_EWM_BASE_DB</OBJ_NAME>
     <CONCEPT>005056911E011EDC98BA786C3F46243D</CONCEPT>
     <LFD_NUM>0001</LFD_NUM>
    </SOTR_USE>
    <SOTR_USE>
     <PGMID>LIMU</PGMID>
     <OBJECT>CPUB</OBJECT>
     <OBJ_NAME>ZCX_EWM_BASE_DB</OBJ_NAME>
     <CONCEPT>005056911E011EDC98BA786C3F46443D</CONCEPT>
     <LFD_NUM>0001</LFD_NUM>
    </SOTR_USE>
    <SOTR_USE>
     <PGMID>LIMU</PGMID>
     <OBJECT>CPUB</OBJECT>
     <OBJ_NAME>ZCX_EWM_BASE_DB</OBJ_NAME>
     <CONCEPT>005056911E011EDC98BA786C3F46643D</CONCEPT>
     <LFD_NUM>0001</LFD_NUM>
    </SOTR_USE>
    <SOTR_USE>
     <PGMID>LIMU</PGMID>
     <OBJECT>CPUB</OBJECT>
     <OBJ_NAME>ZCX_EWM_BASE_DB</OBJ_NAME>
     <CONCEPT>005056911E011EDC98BA786C3F46843D</CONCEPT>
     <LFD_NUM>0001</LFD_NUM>
    </SOTR_USE>
    <SOTR_USE>
     <PGMID>LIMU</PGMID>
     <OBJECT>CPUB</OBJECT>
     <OBJ_NAME>ZCX_EWM_BASE_DB</OBJ_NAME>
     <CONCEPT>005056911E011EDC98BA786C3F46A43D</CONCEPT>
     <LFD_NUM>0001</LFD_NUM>
    </SOTR_USE>
    <SOTR_USE>
     <PGMID>LIMU</PGMID>
     <OBJECT>CPUB</OBJECT>
     <OBJ_NAME>ZCX_EWM_BASE_DB</OBJ_NAME>
     <CONCEPT>005056911E011EDC98BA786C3F46C43D</CONCEPT>
     <LFD_NUM>0001</LFD_NUM>
    </SOTR_USE>
    <SOTR_USE>
     <PGMID>LIMU</PGMID>
     <OBJECT>CPUB</OBJECT>
     <OBJ_NAME>ZCX_EWM_BASE_DB</OBJ_NAME>
     <CONCEPT>005056911E011EDC98BA786C3F46E43D</CONCEPT>
     <LFD_NUM>0001</LFD_NUM>
    </SOTR_USE>
    <SOTR_USE>
     <PGMID>LIMU</PGMID>
     <OBJECT>CPUB</OBJECT>
     <OBJ_NAME>ZCX_EWM_BASE_DB</OBJ_NAME>
     <CONCEPT>005056911E011EDC98BA786C3F47043D</CONCEPT>
     <LFD_NUM>0001</LFD_NUM>
    </SOTR_USE>
    <SOTR_USE>
     <PGMID>LIMU</PGMID>
     <OBJECT>CPUB</OBJECT>
     <OBJ_NAME>ZCX_EWM_BASE_DB</OBJ_NAME>
     <CONCEPT>005056911E011EDC98BA786C3F47243D</CONCEPT>
     <LFD_NUM>0001</LFD_NUM>
    </SOTR_USE>
    <SOTR_USE>
     <PGMID>LIMU</PGMID>
     <OBJECT>CPUB</OBJECT>
     <OBJ_NAME>ZCX_EWM_BASE_DB</OBJ_NAME>
     <CONCEPT>005056911E011EDC98BA786C3F47443D</CONCEPT>
     <LFD_NUM>0001</LFD_NUM>
    </SOTR_USE>
    <SOTR_USE>
     <PGMID>LIMU</PGMID>
     <OBJECT>CPUB</OBJECT>
     <OBJ_NAME>ZCX_EWM_BASE_DB</OBJ_NAME>
     <CONCEPT>005056911E011EDC98BA786C3F47643D</CONCEPT>
     <LFD_NUM>0001</LFD_NUM>
    </SOTR_USE>
   </SOTR_USE>
   <SOTS_USE>
    <SOTR_USEU>
     <PGMID>LIMU</PGMID>
     <OBJECT>CPUB</OBJECT>
     <OBJ_NAME>ZCX_EWM_BASE_DB</OBJ_NAME>
     <LFD_NUM>0001</LFD_NUM>
    </SOTR_USEU>
   </SOTS_USE>
   <DESCRIPTIONS>
    <SEOCOMPOTX>
     <CMPNAME>CONSTRUCTOR</CMPNAME>
     <LANGU>E</LANGU>
     <DESCRIPT>CONSTRUCTOR</DESCRIPT>
    </SEOCOMPOTX>
    <SEOCOMPOTX>
     <CMPNAME>GV_CHKPT</CMPNAME>
     <LANGU>E</LANGU>
     <DESCRIPT>Checkpoint in Yard</DESCRIPT>
    </SEOCOMPOTX>
    <SEOCOMPOTX>
     <CMPNAME>GV_DOCCAT</CMPNAME>
     <LANGU>E</LANGU>
     <DESCRIPT>Document Category</DESCRIPT>
    </SEOCOMPOTX>
    <SEOCOMPOTX>
     <CMPNAME>GV_DOCNO</CMPNAME>
     <LANGU>E</LANGU>
     <DESCRIPT>Document Number</DESCRIPT>
    </SEOCOMPOTX>
    <SEOCOMPOTX>
     <CMPNAME>GV_DOOR</CMPNAME>
     <LANGU>E</LANGU>
     <DESCRIPT>Warehouse Door</DESCRIPT>
    </SEOCOMPOTX>
    <SEOCOMPOTX>
     <CMPNAME>GV_FIELDN</CMPNAME>
     <LANGU>E</LANGU>
     <DESCRIPT>Field Name</DESCRIPT>
    </SEOCOMPOTX>
    <SEOCOMPOTX>
     <CMPNAME>GV_FLGWHO</CMPNAME>
     <LANGU>E</LANGU>
     <DESCRIPT>WO Contains Warehouse Order</DESCRIPT>
    </SEOCOMPOTX>
    <SEOCOMPOTX>
     <CMPNAME>GV_GUID_HU</CMPNAME>
     <LANGU>E</LANGU>
     <DESCRIPT>Unique Internal Identification of a Handling Unit</DESCRIPT>
    </SEOCOMPOTX>
    <SEOCOMPOTX>
     <CMPNAME>GV_HUIDART</CMPNAME>
     <LANGU>E</LANGU>
     <DESCRIPT>Identification Type</DESCRIPT>
    </SEOCOMPOTX>
    <SEOCOMPOTX>
     <CMPNAME>GV_HUIDENT</CMPNAME>
     <LANGU>E</LANGU>
     <DESCRIPT>Handling Unit Identification</DESCRIPT>
    </SEOCOMPOTX>
    <SEOCOMPOTX>
     <CMPNAME>GV_HU_IDENT</CMPNAME>
     <LANGU>E</LANGU>
     <DESCRIPT>Alternative Handling Unit Identification</DESCRIPT>
    </SEOCOMPOTX>
    <SEOCOMPOTX>
     <CMPNAME>GV_HU_STATUS</CMPNAME>
     <LANGU>E</LANGU>
     <DESCRIPT>Object Status</DESCRIPT>
    </SEOCOMPOTX>
    <SEOCOMPOTX>
     <CMPNAME>GV_KEYNAM</CMPNAME>
     <LANGU>E</LANGU>
     <DESCRIPT>Parameter Name</DESCRIPT>
    </SEOCOMPOTX>
    <SEOCOMPOTX>
     <CMPNAME>GV_LGNUM</CMPNAME>
     <LANGU>E</LANGU>
     <DESCRIPT>Warehouse Number/Warehouse Complex</DESCRIPT>
    </SEOCOMPOTX>
    <SEOCOMPOTX>
     <CMPNAME>GV_MATID_MDL</CMPNAME>
     <LANGU>E</LANGU>
     <DESCRIPT>Internal Key for Product</DESCRIPT>
    </SEOCOMPOTX>
    <SEOCOMPOTX>
     <CMPNAME>GV_MATNR</CMPNAME>
     <LANGU>E</LANGU>
     <DESCRIPT>Product Number</DESCRIPT>
    </SEOCOMPOTX>
    <SEOCOMPOTX>
     <CMPNAME>GV_NEW_PACK_MAT</CMPNAME>
     <LANGU>E</LANGU>
     <DESCRIPT>Packaging Materials</DESCRIPT>
    </SEOCOMPOTX>
    <SEOCOMPOTX>
     <CMPNAME>GV_QUEUE</CMPNAME>
     <LANGU>E</LANGU>
     <DESCRIPT>Queue</DESCRIPT>
    </SEOCOMPOTX>
    <SEOCOMPOTX>
     <CMPNAME>GV_REFDOCCAT</CMPNAME>
     <LANGU>E</LANGU>
     <DESCRIPT>Reference Document Category</DESCRIPT>
    </SEOCOMPOTX>
    <SEOCOMPOTX>
     <CMPNAME>GV_REFDOCNO</CMPNAME>
     <LANGU>E</LANGU>
     <DESCRIPT>Reference Document Number</DESCRIPT>
    </SEOCOMPOTX>
    <SEOCOMPOTX>
     <CMPNAME>GV_ROUTE_GUID</CMPNAME>
     <LANGU>E</LANGU>
     <DESCRIPT>GUID of an SCM Master Data Object</DESCRIPT>
    </SEOCOMPOTX>
    <SEOCOMPOTX>
     <CMPNAME>GV_ROUTE_ID</CMPNAME>
     <LANGU>E</LANGU>
     <DESCRIPT>Route Name (Identification)</DESCRIPT>
    </SEOCOMPOTX>
    <SEOCOMPOTX>
     <CMPNAME>GV_RSRC_TYPE</CMPNAME>
     <LANGU>E</LANGU>
     <DESCRIPT>Resource Type</DESCRIPT>
    </SEOCOMPOTX>
    <SEOCOMPOTX>
     <CMPNAME>GV_STATUS</CMPNAME>
     <LANGU>E</LANGU>
     <DESCRIPT>Warehouse Order Status</DESCRIPT>
    </SEOCOMPOTX>
    <SEOCOMPOTX>
     <CMPNAME>GV_TU_NUM</CMPNAME>
     <LANGU>E</LANGU>
     <DESCRIPT>Internal Number of Transportation Unit</DESCRIPT>
    </SEOCOMPOTX>
    <SEOCOMPOTX>
     <CMPNAME>GV_TU_NUM_EXT</CMPNAME>
     <LANGU>E</LANGU>
     <DESCRIPT>Transportation Unit</DESCRIPT>
    </SEOCOMPOTX>
    <SEOCOMPOTX>
     <CMPNAME>GV_WHO</CMPNAME>
     <LANGU>E</LANGU>
     <DESCRIPT>Warehouse Order Number</DESCRIPT>
    </SEOCOMPOTX>
    <SEOCOMPOTX>
     <CMPNAME>GV_WRKCTR</CMPNAME>
     <LANGU>E</LANGU>
     <DESCRIPT>Work Center</DESCRIPT>
    </SEOCOMPOTX>
    <SEOCOMPOTX>
     <CMPNAME>RAISE_BAPIRET</CMPNAME>
     <LANGU>E</LANGU>
     <DESCRIPT>Raise error message in return table as exception</DESCRIPT>
    </SEOCOMPOTX>
    <SEOCOMPOTX>
     <CMPNAME>RAISE_DM</CMPNAME>
     <LANGU>E</LANGU>
     <DESCRIPT>Raise delivery message as exception</DESCRIPT>
    </SEOCOMPOTX>
    <SEOCOMPOTX>
     <CMPNAME>RAISE_LOG</CMPNAME>
     <LANGU>E</LANGU>
     <DESCRIPT>Raise error message of the application log</DESCRIPT>
    </SEOCOMPOTX>
    <SEOCOMPOTX>
     <CMPNAME>RAISE_SYST</CMPNAME>
     <LANGU>E</LANGU>
     <DESCRIPT>Raise SY message as exception</DESCRIPT>
    </SEOCOMPOTX>
   </DESCRIPTIONS>
   <DESCRIPTIONS_SUB>
    <SEOSUBCOTX>
     <CMPNAME>RAISE_BAPIRET</CMPNAME>
     <SCONAME>IT_BAPIRET</SCONAME>
     <LANGU>E</LANGU>
     <DESCRIPT>Table with BAPI Return Information</DESCRIPT>
    </SEOSUBCOTX>
    <SEOSUBCOTX>
     <CMPNAME>RAISE_BAPIRET</CMPNAME>
     <SCONAME>IV_SEVERITY</SCONAME>
     <LANGU>E</LANGU>
     <DESCRIPT>Message type: S Success, E Error, W Warning, I Info, A Abort</DESCRIPT>
    </SEOSUBCOTX>
    <SEOSUBCOTX>
     <CMPNAME>RAISE_BAPIRET</CMPNAME>
     <SCONAME>ZCX_EWM_BASE_DB</SCONAME>
     <LANGU>E</LANGU>
     <DESCRIPT>Class for exceptions: DB Access Error</DESCRIPT>
    </SEOSUBCOTX>
    <SEOSUBCOTX>
     <CMPNAME>RAISE_DM</CMPNAME>
     <SCONAME>IR_CX_DLV</SCONAME>
     <LANGU>E</LANGU>
     <DESCRIPT>For New Exceptions Use /SCDL/CX_DELIVERY_T100</DESCRIPT>
    </SEOSUBCOTX>
    <SEOSUBCOTX>
     <CMPNAME>RAISE_DM</CMPNAME>
     <SCONAME>IR_DM</SCONAME>
     <LANGU>E</LANGU>
     <DESCRIPT>Delivery Messages</DESCRIPT>
    </SEOSUBCOTX>
    <SEOSUBCOTX>
     <CMPNAME>RAISE_DM</CMPNAME>
     <SCONAME>IT_MESSAGES</SCONAME>
     <LANGU>E</LANGU>
     <DESCRIPT>Table of Messages</DESCRIPT>
    </SEOSUBCOTX>
    <SEOSUBCOTX>
     <CMPNAME>RAISE_DM</CMPNAME>
     <SCONAME>IV_DOCCAT</SCONAME>
     <LANGU>E</LANGU>
     <DESCRIPT>Document Category</DESCRIPT>
    </SEOSUBCOTX>
    <SEOSUBCOTX>
     <CMPNAME>RAISE_DM</CMPNAME>
     <SCONAME>IV_DOCID</SCONAME>
     <LANGU>E</LANGU>
     <DESCRIPT>Document ID</DESCRIPT>
    </SEOSUBCOTX>
    <SEOSUBCOTX>
     <CMPNAME>RAISE_DM</CMPNAME>
     <SCONAME>IV_HUID</SCONAME>
     <LANGU>E</LANGU>
     <DESCRIPT>Handling Unit ID</DESCRIPT>
    </SEOSUBCOTX>
    <SEOSUBCOTX>
     <CMPNAME>RAISE_DM</CMPNAME>
     <SCONAME>IV_ITEMID</SCONAME>
     <LANGU>E</LANGU>
     <DESCRIPT>Item ID</DESCRIPT>
    </SEOSUBCOTX>
    <SEOSUBCOTX>
     <CMPNAME>RAISE_DM</CMPNAME>
     <SCONAME>IV_LOGFNAME</SCONAME>
     <LANGU>E</LANGU>
     <DESCRIPT>Logical Field Name</DESCRIPT>
    </SEOSUBCOTX>
    <SEOSUBCOTX>
     <CMPNAME>RAISE_DM</CMPNAME>
     <SCONAME>ZCX_EWM_BASE_DB</SCONAME>
     <LANGU>E</LANGU>
     <DESCRIPT>Class for exceptions: DB Access Error</DESCRIPT>
    </SEOSUBCOTX>
    <SEOSUBCOTX>
     <CMPNAME>RAISE_LOG</CMPNAME>
     <SCONAME>IR_LOG</SCONAME>
     <LANGU>E</LANGU>
     <DESCRIPT>Log</DESCRIPT>
    </SEOSUBCOTX>
    <SEOSUBCOTX>
     <CMPNAME>RAISE_LOG</CMPNAME>
     <SCONAME>ZCX_EWM_BASE_DB</SCONAME>
     <LANGU>E</LANGU>
     <DESCRIPT>Class for exceptions: DB Access Error</DESCRIPT>
    </SEOSUBCOTX>
    <SEOSUBCOTX>
     <CMPNAME>RAISE_SYST</CMPNAME>
     <SCONAME>ZCX_EWM_BASE_DB</SCONAME>
     <LANGU>E</LANGU>
     <DESCRIPT>Class for exceptions: DB Access Error</DESCRIPT>
    </SEOSUBCOTX>
   </DESCRIPTIONS_SUB>
  </asx:values>
 </asx:abap>
</abapGit>
