﻿<?xml version="1.0" encoding="utf-8"?>
<abapGit version="v1.0.0" serializer="LCL_OBJECT_DTEL" serializer_version="v1.0.0">
 <asx:abap xmlns:asx="http://www.sap.com/abapxml" version="1.0">
  <asx:values>
   <DD04V>
    <ROLLNAME>ZEWM_DE_BASE_STATUS_GUIA</ROLLNAME>
    <DDLANGUAGE>E</DDLANGUAGE>
    <DOMNAME>ZEWM_DO_BASE_STATUS_GUIA</DOMNAME>
    <HEADLEN>15</HEADLEN>
    <SCRLEN1>10</SCRLEN1>
    <SCRLEN2>15</SCRLEN2>
    <SCRLEN3>15</SCRLEN3>
    <DDTEXT>Status of guias de despacho updated on EWM</DDTEXT>
    <REPTEXT>Status of Guias</REPTEXT>
    <SCRTEXT_S>Field Labe</SCRTEXT_S>
    <SCRTEXT_M>St.Guias</SCRTEXT_M>
    <SCRTEXT_L>Status of Guias</SCRTEXT_L>
    <DTELMASTER>E</DTELMASTER>
    <REFKIND>D</REFKIND>
   </DD04V>
  </asx:values>
 </asx:abap>
</abapGit>
