﻿<?xml version="1.0" encoding="utf-8"?>
<abapGit version="v1.0.0" serializer="LCL_OBJECT_DTEL" serializer_version="v1.0.0">
 <asx:abap xmlns:asx="http://www.sap.com/abapxml" version="1.0">
  <asx:values>
   <DD04V>
    <ROLLNAME>ZEWM_DE_BASE_COMMIT</ROLLNAME>
    <DDLANGUAGE>E</DDLANGUAGE>
    <DOMNAME>XFELD</DOMNAME>
    <HEADLEN>07</HEADLEN>
    <SCRLEN1>10</SCRLEN1>
    <SCRLEN2>20</SCRLEN2>
    <SCRLEN3>40</SCRLEN3>
    <DDTEXT>Confirm with &quot;COMMIT WORK AND WAIT&quot;?</DDTEXT>
    <REPTEXT>COMMIT?</REPTEXT>
    <SCRTEXT_S>COMMIT?</SCRTEXT_S>
    <SCRTEXT_M>COMMIT?</SCRTEXT_M>
    <SCRTEXT_L>COMMIT?</SCRTEXT_L>
    <DTELMASTER>E</DTELMASTER>
    <REFKIND>D</REFKIND>
   </DD04V>
   <I18N_LANGS>
    <LANGU>S</LANGU>
   </I18N_LANGS>
   <DD04_TEXTS>
    <item>
     <DDLANGUAGE>S</DDLANGUAGE>
     <DDTEXT>Confirm. Realizar trabajo y esperar</DDTEXT>
     <REPTEXT>Realiz</REPTEXT>
     <SCRTEXT_S>Realizar</SCRTEXT_S>
     <SCRTEXT_M>Realizar</SCRTEXT_M>
     <SCRTEXT_L>Realizar</SCRTEXT_L>
    </item>
   </DD04_TEXTS>
  </asx:values>
 </asx:abap>
</abapGit>
