﻿<?xml version="1.0" encoding="utf-8"?>
<abapGit version="v1.0.0" serializer="LCL_OBJECT_VIEW" serializer_version="v1.0.0">
 <asx:abap xmlns:asx="http://www.sap.com/abapxml" version="1.0">
  <asx:values>
   <DD25V>
    <VIEWNAME>ZEWM_V_T300</VIEWNAME>
    <AS4LOCAL>A</AS4LOCAL>
    <DDLANGUAGE>E</DDLANGUAGE>
    <AGGTYPE>V</AGGTYPE>
    <ROOTTAB>/SCWM/T300</ROOTTAB>
    <DDTEXT>Warehouse Number</DDTEXT>
    <VIEWCLASS>C</VIEWCLASS>
    <CUSTOMAUTH>C</CUSTOMAUTH>
    <VIEWGRANT>R</VIEWGRANT>
    <GLOBALFLAG>X</GLOBALFLAG>
   </DD25V>
   <DD26V_TABLE>
    <DD26V>
     <VIEWNAME>ZEWM_V_T300</VIEWNAME>
     <TABNAME>/SCWM/T300</TABNAME>
     <TABPOS>0001</TABPOS>
     <FORTABNAME>/SCWM/T300</FORTABNAME>
    </DD26V>
    <DD26V>
     <VIEWNAME>ZEWM_V_T300</VIEWNAME>
     <TABNAME>/SCWM/T300T</TABNAME>
     <TABPOS>0002</TABPOS>
     <FORTABNAME>/SCWM/T300</FORTABNAME>
     <FORFIELD>LGNUM</FORFIELD>
     <FORDIR>I</FORDIR>
    </DD26V>
   </DD26V_TABLE>
   <DD27P_TABLE>
    <DD27P>
     <VIEWFIELD>MANDT</VIEWFIELD>
     <TABNAME>/SCWM/T300</TABNAME>
     <FIELDNAME>MANDT</FIELDNAME>
     <KEYFLAG>X</KEYFLAG>
    </DD27P>
    <DD27P>
     <VIEWFIELD>LGNUM</VIEWFIELD>
     <TABNAME>/SCWM/T300</TABNAME>
     <FIELDNAME>LGNUM</FIELDNAME>
     <KEYFLAG>X</KEYFLAG>
     <SHLPORIGIN>D</SHLPORIGIN>
     <SHLPNAME>/SCWM/SH_LGNUM</SHLPNAME>
     <SHLPFIELD>LGNUM</SHLPFIELD>
     <LOGFLAG>X</LOGFLAG>
    </DD27P>
    <DD27P>
     <VIEWFIELD>LNUMT</VIEWFIELD>
     <TABNAME>/SCWM/T300T</TABNAME>
     <FIELDNAME>LNUMT</FIELDNAME>
    </DD27P>
   </DD27P_TABLE>
   <DD28J_TABLE>
    <DD28J>
     <VIEWNAME>ZEWM_V_T300</VIEWNAME>
     <LTAB>/SCWM/T300</LTAB>
     <LFIELD>MANDT</LFIELD>
     <OPERATOR>EQ</OPERATOR>
     <RTAB>/SCWM/T300T</RTAB>
     <RFIELD>MANDT</RFIELD>
     <SOURCE>F</SOURCE>
     <FRKTAB>/SCWM/T300T</FRKTAB>
     <FRKFIELD>LGNUM</FRKFIELD>
     <FRKDIR>I</FRKDIR>
    </DD28J>
    <DD28J>
     <VIEWNAME>ZEWM_V_T300</VIEWNAME>
     <LTAB>/SCWM/T300</LTAB>
     <LFIELD>LGNUM</LFIELD>
     <OPERATOR>EQ</OPERATOR>
     <RTAB>/SCWM/T300T</RTAB>
     <RFIELD>LGNUM</RFIELD>
     <SOURCE>F</SOURCE>
     <FRKTAB>/SCWM/T300T</FRKTAB>
     <FRKFIELD>LGNUM</FRKFIELD>
     <FRKDIR>I</FRKDIR>
    </DD28J>
   </DD28J_TABLE>
   <TABL_EXTRAS>
    <TDDAT>
     <TABNAME>ZEWM_V_T300</TABNAME>
     <CCLASS>&amp;NC&amp;</CCLASS>
    </TDDAT>
   </TABL_EXTRAS>
  </asx:values>
 </asx:abap>
</abapGit>
