﻿<?xml version="1.0" encoding="utf-8"?>
<abapGit version="v1.0.0" serializer="LCL_OBJECT_VIEW" serializer_version="v1.0.0">
 <asx:abap xmlns:asx="http://www.sap.com/abapxml" version="1.0">
  <asx:values>
   <DD25V>
    <VIEWNAME>ZEWM_V_PENHVAL</VIEWNAME>
    <AS4LOCAL>A</AS4LOCAL>
    <DDLANGUAGE>E</DDLANGUAGE>
    <AGGTYPE>V</AGGTYPE>
    <ROOTTAB>ZEWM_T_PKEYENH</ROOTTAB>
    <DDTEXT>Parameter Definition: Enhancement - Value</DDTEXT>
    <VIEWCLASS>C</VIEWCLASS>
    <CUSTOMAUTH>A</CUSTOMAUTH>
    <GLOBALFLAG>X</GLOBALFLAG>
   </DD25V>
   <DD26V_TABLE>
    <DD26V>
     <VIEWNAME>ZEWM_V_PENHVAL</VIEWNAME>
     <TABNAME>ZEWM_T_PKEYENH</TABNAME>
     <TABPOS>0001</TABPOS>
     <FORTABNAME>ZEWM_T_PKEYENH</FORTABNAME>
    </DD26V>
    <DD26V>
     <VIEWNAME>ZEWM_V_PENHVAL</VIEWNAME>
     <TABNAME>ZEWM_T_PVAL</TABNAME>
     <TABPOS>0002</TABPOS>
     <FORTABNAME>ZEWM_T_PKEYENH</FORTABNAME>
     <FORFIELD>KEYNUM</FORFIELD>
     <FORDIR>E</FORDIR>
    </DD26V>
   </DD26V_TABLE>
   <DD27P_TABLE>
    <DD27P>
     <VIEWFIELD>MANDT</VIEWFIELD>
     <TABNAME>ZEWM_T_PKEYENH</TABNAME>
     <FIELDNAME>MANDT</FIELDNAME>
     <KEYFLAG>X</KEYFLAG>
     <RDONLY>H</RDONLY>
     <CHECKTABLE>T000</CHECKTABLE>
     <SHLPORIGIN>P</SHLPORIGIN>
    </DD27P>
    <DD27P>
     <VIEWFIELD>LGNUM</VIEWFIELD>
     <TABNAME>ZEWM_T_PKEYENH</TABNAME>
     <FIELDNAME>LGNUM</FIELDNAME>
     <KEYFLAG>X</KEYFLAG>
     <RDONLY>S</RDONLY>
     <CHECKTABLE>/SCWM/T300</CHECKTABLE>
     <SHLPORIGIN>P</SHLPORIGIN>
     <SHLPNAME>/SCWM/SH_LGNUM</SHLPNAME>
     <SHLPFIELD>LGNUM</SHLPFIELD>
     <LOGFLAG>X</LOGFLAG>
    </DD27P>
    <DD27P>
     <VIEWFIELD>KEYNAM</VIEWFIELD>
     <TABNAME>ZEWM_T_PKEYENH</TABNAME>
     <FIELDNAME>KEYNAM</FIELDNAME>
     <KEYFLAG>X</KEYFLAG>
     <RDONLY>S</RDONLY>
     <CHECKTABLE>ZEWM_T_PKEY</CHECKTABLE>
     <SHLPORIGIN>P</SHLPORIGIN>
    </DD27P>
    <DD27P>
     <VIEWFIELD>KEYNUM</VIEWFIELD>
     <TABNAME>ZEWM_T_PKEYENH</TABNAME>
     <FIELDNAME>KEYNUM</FIELDNAME>
     <KEYFLAG>X</KEYFLAG>
     <RDONLY>S</RDONLY>
     <CHECKTABLE>ZEWM_T_PVAL</CHECKTABLE>
     <SHLPORIGIN>P</SHLPORIGIN>
    </DD27P>
    <DD27P>
     <VIEWFIELD>KEYENH</VIEWFIELD>
     <TABNAME>ZEWM_T_PKEYENH</TABNAME>
     <FIELDNAME>KEYENH</FIELDNAME>
     <KEYFLAG>X</KEYFLAG>
     <CHECKTABLE>ZEWM_T_PENH</CHECKTABLE>
     <SHLPORIGIN>P</SHLPORIGIN>
    </DD27P>
   </DD27P_TABLE>
   <DD28J_TABLE>
    <DD28J>
     <VIEWNAME>ZEWM_V_PENHVAL</VIEWNAME>
     <LTAB>ZEWM_T_PVAL</LTAB>
     <LFIELD>MANDT</LFIELD>
     <OPERATOR>EQ</OPERATOR>
     <RTAB>ZEWM_T_PKEYENH</RTAB>
     <RFIELD>MANDT</RFIELD>
     <SOURCE>F</SOURCE>
     <FRKTAB>ZEWM_T_PKEYENH</FRKTAB>
     <FRKFIELD>KEYNUM</FRKFIELD>
     <FRKDIR>E</FRKDIR>
    </DD28J>
    <DD28J>
     <VIEWNAME>ZEWM_V_PENHVAL</VIEWNAME>
     <LTAB>ZEWM_T_PVAL</LTAB>
     <LFIELD>LGNUM</LFIELD>
     <OPERATOR>EQ</OPERATOR>
     <RTAB>ZEWM_T_PKEYENH</RTAB>
     <RFIELD>LGNUM</RFIELD>
     <SOURCE>F</SOURCE>
     <FRKTAB>ZEWM_T_PKEYENH</FRKTAB>
     <FRKFIELD>KEYNUM</FRKFIELD>
     <FRKDIR>E</FRKDIR>
    </DD28J>
    <DD28J>
     <VIEWNAME>ZEWM_V_PENHVAL</VIEWNAME>
     <LTAB>ZEWM_T_PVAL</LTAB>
     <LFIELD>KEYNAM</LFIELD>
     <OPERATOR>EQ</OPERATOR>
     <RTAB>ZEWM_T_PKEYENH</RTAB>
     <RFIELD>KEYNAM</RFIELD>
     <SOURCE>F</SOURCE>
     <FRKTAB>ZEWM_T_PKEYENH</FRKTAB>
     <FRKFIELD>KEYNUM</FRKFIELD>
     <FRKDIR>E</FRKDIR>
    </DD28J>
    <DD28J>
     <VIEWNAME>ZEWM_V_PENHVAL</VIEWNAME>
     <LTAB>ZEWM_T_PVAL</LTAB>
     <LFIELD>KEYNUM</LFIELD>
     <OPERATOR>EQ</OPERATOR>
     <RTAB>ZEWM_T_PKEYENH</RTAB>
     <RFIELD>KEYNUM</RFIELD>
     <SOURCE>F</SOURCE>
     <FRKTAB>ZEWM_T_PKEYENH</FRKTAB>
     <FRKFIELD>KEYNUM</FRKFIELD>
     <FRKDIR>E</FRKDIR>
    </DD28J>
   </DD28J_TABLE>
   <TABL_EXTRAS>
    <TDDAT>
     <TABNAME>ZEWM_V_PENHVAL</TABNAME>
     <CCLASS>&amp;NC&amp;</CCLASS>
    </TDDAT>
   </TABL_EXTRAS>
  </asx:values>
 </asx:abap>
</abapGit>
