﻿<?xml version="1.0" encoding="utf-8"?>
<abapGit version="v1.0.0" serializer="LCL_OBJECT_DTEL" serializer_version="v1.0.0">
 <asx:abap xmlns:asx="http://www.sap.com/abapxml" version="1.0">
  <asx:values>
   <DD04V>
    <ROLLNAME>ZEWM_DE_BASE_PARAMS_F_NLPLA</ROLLNAME>
    <DDLANGUAGE>E</DDLANGUAGE>
    <DOMNAME>XFELD</DOMNAME>
    <HEADLEN>55</HEADLEN>
    <SCRLEN1>10</SCRLEN1>
    <SCRLEN2>20</SCRLEN2>
    <SCRLEN3>40</SCRLEN3>
    <DDTEXT>Parameters Flag: Destination Storage Bin</DDTEXT>
    <REPTEXT>Fg.Dest.Bin</REPTEXT>
    <SCRTEXT_S>Fg Des Bin</SCRTEXT_S>
    <SCRTEXT_M>Fg. Dest. Stor. Bin</SCRTEXT_M>
    <SCRTEXT_L>Flag Dest. Stor. Bin</SCRTEXT_L>
    <DTELMASTER>E</DTELMASTER>
    <REFKIND>D</REFKIND>
   </DD04V>
   <I18N_LANGS>
    <LANGU>S</LANGU>
   </I18N_LANGS>
   <DD04_TEXTS>
    <item>
     <DDLANGUAGE>S</DDLANGUAGE>
     <DDTEXT>Flag. Param. Compartimento Destino</DDTEXT>
     <REPTEXT>Flg. Compart. Destino</REPTEXT>
     <SCRTEXT_S>FgComDest</SCRTEXT_S>
     <SCRTEXT_M>Fg Comp. Destino</SCRTEXT_M>
     <SCRTEXT_L>Flg. Compart. Destino</SCRTEXT_L>
    </item>
   </DD04_TEXTS>
  </asx:values>
 </asx:abap>
</abapGit>
