﻿<?xml version="1.0" encoding="utf-8"?>
<abapGit version="v1.0.0" serializer="LCL_OBJECT_DTEL" serializer_version="v1.0.0">
 <asx:abap xmlns:asx="http://www.sap.com/abapxml" version="1.0">
  <asx:values>
   <DD04V>
    <ROLLNAME>ZEWM_DE_BASE_PARAMS_F_LPTYP</ROLLNAME>
    <DDLANGUAGE>E</DDLANGUAGE>
    <DOMNAME>XFELD</DOMNAME>
    <HEADLEN>55</HEADLEN>
    <SCRLEN1>10</SCRLEN1>
    <SCRLEN2>20</SCRLEN2>
    <SCRLEN3>40</SCRLEN3>
    <DDTEXT>Parameters Flag: Storage Bin Type</DDTEXT>
    <REPTEXT>Fg. BT</REPTEXT>
    <SCRTEXT_S>Fg. BT</SCRTEXT_S>
    <SCRTEXT_M>Fg. Stor. Bin Type</SCRTEXT_M>
    <SCRTEXT_L>Flag Storage Bin Typ</SCRTEXT_L>
    <DTELMASTER>E</DTELMASTER>
    <REFKIND>D</REFKIND>
   </DD04V>
   <I18N_LANGS>
    <LANGU>S</LANGU>
   </I18N_LANGS>
   <DD04_TEXTS>
    <item>
     <DDLANGUAGE>S</DDLANGUAGE>
     <DDTEXT>Flg Param. Tipo de Comp De Alm.</DDTEXT>
     <REPTEXT>Flg Tipo Comp</REPTEXT>
     <SCRTEXT_S>FlgCompDes</SCRTEXT_S>
     <SCRTEXT_M>Flg Tipo Comp</SCRTEXT_M>
     <SCRTEXT_L>Flg Tipo Comp</SCRTEXT_L>
    </item>
   </DD04_TEXTS>
  </asx:values>
 </asx:abap>
</abapGit>
