﻿<?xml version="1.0" encoding="utf-8"?>
<abapGit version="v1.0.0" serializer="LCL_OBJECT_DTEL" serializer_version="v1.0.0">
 <asx:abap xmlns:asx="http://www.sap.com/abapxml" version="1.0">
  <asx:values>
   <DD04V>
    <ROLLNAME>ZEWM_DE_BASE_ID_GUIA</ROLLNAME>
    <DDLANGUAGE>E</DDLANGUAGE>
    <HEADLEN>16</HEADLEN>
    <SCRLEN1>10</SCRLEN1>
    <SCRLEN2>20</SCRLEN2>
    <SCRLEN3>40</SCRLEN3>
    <DDTEXT>ID &quot;Guia Despacho&quot;</DDTEXT>
    <REPTEXT>ID Guía Despacho</REPTEXT>
    <SCRTEXT_S>ID Guía</SCRTEXT_S>
    <SCRTEXT_M>ID Guía Despacho</SCRTEXT_M>
    <SCRTEXT_L>ID Guía Despacho</SCRTEXT_L>
    <DTELMASTER>E</DTELMASTER>
    <DATATYPE>NUMC</DATATYPE>
    <LENG>000003</LENG>
    <OUTPUTLEN>000003</OUTPUTLEN>
   </DD04V>
  </asx:values>
 </asx:abap>
</abapGit>
