﻿<?xml version="1.0" encoding="utf-8"?>
<abapGit version="v1.0.0" serializer="LCL_OBJECT_DTEL" serializer_version="v1.0.0">
 <asx:abap xmlns:asx="http://www.sap.com/abapxml" version="1.0">
  <asx:values>
   <DD04V>
    <ROLLNAME>ZEWM_DE_BASE_PARAMS_F_VALUE</ROLLNAME>
    <DDLANGUAGE>E</DDLANGUAGE>
    <DOMNAME>XFELD</DOMNAME>
    <HEADLEN>55</HEADLEN>
    <SCRLEN1>10</SCRLEN1>
    <SCRLEN2>20</SCRLEN2>
    <SCRLEN3>40</SCRLEN3>
    <DDTEXT>Parameters Flag: Value</DDTEXT>
    <REPTEXT>Fg.Val</REPTEXT>
    <SCRTEXT_S>Fg.Val</SCRTEXT_S>
    <SCRTEXT_M>Fg.Value</SCRTEXT_M>
    <SCRTEXT_L>Flag Value</SCRTEXT_L>
    <DTELMASTER>E</DTELMASTER>
    <REFKIND>D</REFKIND>
   </DD04V>
   <I18N_LANGS>
    <LANGU>S</LANGU>
   </I18N_LANGS>
   <DD04_TEXTS>
    <item>
     <DDLANGUAGE>S</DDLANGUAGE>
     <DDTEXT>valor parametro</DDTEXT>
     <REPTEXT>valor parametro</REPTEXT>
     <SCRTEXT_S>val.param</SCRTEXT_S>
     <SCRTEXT_M>valor parametro</SCRTEXT_M>
     <SCRTEXT_L>valor parametro</SCRTEXT_L>
    </item>
   </DD04_TEXTS>
  </asx:values>
 </asx:abap>
</abapGit>
