﻿<?xml version="1.0" encoding="utf-8"?>
<abapGit version="v1.0.0" serializer="LCL_OBJECT_DTEL" serializer_version="v1.0.0">
 <asx:abap xmlns:asx="http://www.sap.com/abapxml" version="1.0">
  <asx:values>
   <DD04V>
    <ROLLNAME>ZEWM_DE_BASE_PARAMS_F_HUTO</ROLLNAME>
    <DDLANGUAGE>E</DDLANGUAGE>
    <DOMNAME>XFELD</DOMNAME>
    <HEADLEN>55</HEADLEN>
    <SCRLEN1>10</SCRLEN1>
    <SCRLEN2>20</SCRLEN2>
    <SCRLEN3>40</SCRLEN3>
    <DDTEXT>Parameters Flag: Handling Unit Warehouse Task</DDTEXT>
    <REPTEXT>Fg.HU WT</REPTEXT>
    <SCRTEXT_S>Fg.HU WT</SCRTEXT_S>
    <SCRTEXT_M>Fg. HU Whse Task</SCRTEXT_M>
    <SCRTEXT_L>Flag HU Warehouse Task</SCRTEXT_L>
    <DTELMASTER>E</DTELMASTER>
    <REFKIND>D</REFKIND>
   </DD04V>
   <I18N_LANGS>
    <LANGU>S</LANGU>
   </I18N_LANGS>
   <DD04_TEXTS>
    <item>
     <DDLANGUAGE>S</DDLANGUAGE>
     <DDTEXT>WT de HU (flag)</DDTEXT>
     <REPTEXT>WT de HU (flag)</REPTEXT>
     <SCRTEXT_S>WT.HU.fla</SCRTEXT_S>
     <SCRTEXT_M>WT de HU (flag)</SCRTEXT_M>
     <SCRTEXT_L>WT de HU (flag)</SCRTEXT_L>
    </item>
   </DD04_TEXTS>
  </asx:values>
 </asx:abap>
</abapGit>
