﻿<?xml version="1.0" encoding="utf-8"?>
<abapGit version="v1.0.0" serializer="LCL_OBJECT_VCLS" serializer_version="v1.0.0">
 <asx:abap xmlns:asx="http://www.sap.com/abapxml" version="1.0">
  <asx:values>
   <VCLDIR>
    <VCLNAME>ZEWM_V_PCUST</VCLNAME>
    <TEXT>Parameters Customizing</TEXT>
   </VCLDIR>
   <VLCSTRUC_TAB>
    <V_VCLSTRUC>
     <VCLNAME>ZEWM_V_PCUST</VCLNAME>
     <OBJECT>ZEWM_V_PENH</OBJECT>
     <OBJECTTEXT>Enhancements</OBJECTTEXT>
     <PREDOBJECT>ZEWM_V_PENH</PREDOBJECT>
     <DEPENDENCY>R</DEPENDENCY>
     <OBJPOS>01</OBJPOS>
     <OBJLEVEL>01</OBJLEVEL>
     <STARTOBJ>X</STARTOBJ>
    </V_VCLSTRUC>
    <V_VCLSTRUC>
     <VCLNAME>ZEWM_V_PCUST</VCLNAME>
     <OBJECT>ZEWM_V_PKEY</OBJECT>
     <OBJECTTEXT>Parameter</OBJECTTEXT>
     <PREDOBJECT>ZEWM_V_PKEY</PREDOBJECT>
     <DEPENDENCY>R</DEPENDENCY>
     <OBJPOS>02</OBJPOS>
     <OBJLEVEL>01</OBJLEVEL>
    </V_VCLSTRUC>
   </VLCSTRUC_TAB>
   <VCLSTRUDEP_TAB>
    <V_VCLSTDEP>
     <VCLNAME>ZEWM_V_PCUST</VCLNAME>
     <OBJECT>ZEWM_V_PENH</OBJECT>
     <PREDOBJECT>ZEWM_V_PENH</PREDOBJECT>
    </V_VCLSTDEP>
    <V_VCLSTDEP>
     <VCLNAME>ZEWM_V_PCUST</VCLNAME>
     <OBJECT>ZEWM_V_PKEY</OBJECT>
     <PREDOBJECT>ZEWM_V_PKEY</PREDOBJECT>
    </V_VCLSTDEP>
   </VCLSTRUDEP_TAB>
  </asx:values>
 </asx:abap>
</abapGit>
