﻿<?xml version="1.0" encoding="utf-8"?>
<abapGit version="v1.0.0" serializer="LCL_OBJECT_TABL" serializer_version="v1.0.0">
 <asx:abap xmlns:asx="http://www.sap.com/abapxml" version="1.0">
  <asx:values>
   <DD02V>
    <TABNAME>ZEWM_S_BASE_TO</TABNAME>
    <DDLANGUAGE>E</DDLANGUAGE>
    <TABCLASS>INTTAB</TABCLASS>
    <DDTEXT>Base Structure for Warehouse Order</DDTEXT>
    <EXCLASS>1</EXCLASS>
   </DD02V>
   <DD03P_TABLE>
    <DD03P>
     <FIELDNAME>WHO</FIELDNAME>
     <ROLLNAME>/SCWM/DE_WHO</ROLLNAME>
     <ADMINFIELD>0</ADMINFIELD>
     <COMPTYPE>E</COMPTYPE>
    </DD03P>
    <DD03P>
     <FIELDNAME>COUNT_TO</FIELDNAME>
     <ROLLNAME>/SCWM/DE_NO_TO</ROLLNAME>
     <ADMINFIELD>0</ADMINFIELD>
     <COMPTYPE>E</COMPTYPE>
    </DD03P>
    <DD03P>
     <FIELDNAME>SUM_WEIGHT</FIELDNAME>
     <ROLLNAME>/SCWM/DE_WEIGHT_SUM</ROLLNAME>
     <ADMINFIELD>0</ADMINFIELD>
     <REFTABLE>/SCWM/S_WO_DET_MON_OUT</REFTABLE>
     <REFFIELD>UNIT_W</REFFIELD>
     <COMPTYPE>E</COMPTYPE>
    </DD03P>
    <DD03P>
     <FIELDNAME>UNIT_W</FIELDNAME>
     <ROLLNAME>/SCWM/DE_WGT_UOM</ROLLNAME>
     <ADMINFIELD>0</ADMINFIELD>
     <COMPTYPE>E</COMPTYPE>
    </DD03P>
    <DD03P>
     <FIELDNAME>SUM_VOLUM</FIELDNAME>
     <ROLLNAME>/SCWM/DE_VOLUM_SUM</ROLLNAME>
     <ADMINFIELD>0</ADMINFIELD>
     <REFTABLE>/SCWM/S_WO_DET_MON_OUT</REFTABLE>
     <REFFIELD>UNIT_V</REFFIELD>
     <COMPTYPE>E</COMPTYPE>
    </DD03P>
    <DD03P>
     <FIELDNAME>UNIT_V</FIELDNAME>
     <ROLLNAME>/SCWM/DE_VOL_UOM</ROLLNAME>
     <ADMINFIELD>0</ADMINFIELD>
     <COMPTYPE>E</COMPTYPE>
    </DD03P>
    <DD03P>
     <FIELDNAME>SUM_REACHTIME</FIELDNAME>
     <ROLLNAME>/SCWM/DE_REACHTT_SUM</ROLLNAME>
     <ADMINFIELD>0</ADMINFIELD>
     <REFTABLE>/SCWM/S_WO_DET_MON_OUT</REFTABLE>
     <REFFIELD>UNIT_V</REFFIELD>
     <COMPTYPE>E</COMPTYPE>
    </DD03P>
    <DD03P>
     <FIELDNAME>UNIT_RT</FIELDNAME>
     <ROLLNAME>/SCWM/LVS_ZEIEI</ROLLNAME>
     <ADMINFIELD>0</ADMINFIELD>
     <COMPTYPE>E</COMPTYPE>
    </DD03P>
    <DD03P>
     <FIELDNAME>PICK_COMP_DT</FIELDNAME>
     <ROLLNAME>/SCWM/DE_TOCOMPL_DT</ROLLNAME>
     <ADMINFIELD>0</ADMINFIELD>
     <COMPTYPE>E</COMPTYPE>
    </DD03P>
   </DD03P_TABLE>
  </asx:values>
 </asx:abap>
</abapGit>
