﻿<?xml version="1.0" encoding="utf-8"?>
<abapGit version="v1.0.0" serializer="LCL_OBJECT_TABL" serializer_version="v1.0.0">
 <asx:abap xmlns:asx="http://www.sap.com/abapxml" version="1.0">
  <asx:values>
   <DD02V>
    <TABNAME>ZEWM_T_PKEYENH</TABNAME>
    <DDLANGUAGE>E</DDLANGUAGE>
    <TABCLASS>TRANSP</TABCLASS>
    <CLIDEP>X</CLIDEP>
    <DDTEXT>Parameter Activation Key - Enhancement</DDTEXT>
    <CONTFLAG>A</CONTFLAG>
    <EXCLASS>1</EXCLASS>
   </DD02V>
   <DD09L>
    <TABNAME>ZEWM_T_PKEYENH</TABNAME>
    <AS4LOCAL>A</AS4LOCAL>
    <TABKAT>0</TABKAT>
    <TABART>APPL0</TABART>
    <PROTOKOLL>X</PROTOKOLL>
    <BUFALLOW>N</BUFALLOW>
   </DD09L>
   <DD03P_TABLE>
    <DD03P>
     <FIELDNAME>MANDT</FIELDNAME>
     <KEYFLAG>X</KEYFLAG>
     <ROLLNAME>MANDT</ROLLNAME>
     <CHECKTABLE>T000</CHECKTABLE>
     <ADMINFIELD>0</ADMINFIELD>
     <NOTNULL>X</NOTNULL>
     <SHLPORIGIN>P</SHLPORIGIN>
     <COMPTYPE>E</COMPTYPE>
    </DD03P>
    <DD03P>
     <FIELDNAME>LGNUM</FIELDNAME>
     <KEYFLAG>X</KEYFLAG>
     <ROLLNAME>/SCWM/LGNUM</ROLLNAME>
     <CHECKTABLE>/SCWM/T300</CHECKTABLE>
     <ADMINFIELD>0</ADMINFIELD>
     <NOTNULL>X</NOTNULL>
     <SHLPORIGIN>P</SHLPORIGIN>
     <SHLPNAME>/SCWM/SH_LGNUM</SHLPNAME>
     <SHLPFIELD>LGNUM</SHLPFIELD>
     <COMPTYPE>E</COMPTYPE>
    </DD03P>
    <DD03P>
     <FIELDNAME>KEYNAM</FIELDNAME>
     <KEYFLAG>X</KEYFLAG>
     <ROLLNAME>ZEWM_DE_BASE_PARAMS_KEYNAM</ROLLNAME>
     <CHECKTABLE>ZEWM_T_PKEY</CHECKTABLE>
     <ADMINFIELD>0</ADMINFIELD>
     <NOTNULL>X</NOTNULL>
     <SHLPORIGIN>P</SHLPORIGIN>
     <COMPTYPE>E</COMPTYPE>
    </DD03P>
    <DD03P>
     <FIELDNAME>KEYNUM</FIELDNAME>
     <KEYFLAG>X</KEYFLAG>
     <ROLLNAME>ZEWM_DE_BASE_PARAMS_KEYNUM</ROLLNAME>
     <CHECKTABLE>ZEWM_T_PVAL</CHECKTABLE>
     <ADMINFIELD>0</ADMINFIELD>
     <NOTNULL>X</NOTNULL>
     <SHLPORIGIN>P</SHLPORIGIN>
     <COMPTYPE>E</COMPTYPE>
    </DD03P>
    <DD03P>
     <FIELDNAME>KEYENH</FIELDNAME>
     <KEYFLAG>X</KEYFLAG>
     <ROLLNAME>ZEWM_DE_BASE_PARAMS_KEYENH</ROLLNAME>
     <CHECKTABLE>ZEWM_T_PENH</CHECKTABLE>
     <ADMINFIELD>0</ADMINFIELD>
     <NOTNULL>X</NOTNULL>
     <SHLPORIGIN>P</SHLPORIGIN>
     <COMPTYPE>E</COMPTYPE>
    </DD03P>
   </DD03P_TABLE>
   <DD05M_TABLE>
    <DD05M>
     <FIELDNAME>KEYENH</FIELDNAME>
     <FORTABLE>ZEWM_T_PKEYENH</FORTABLE>
     <FORKEY>MANDT</FORKEY>
     <CHECKTABLE>ZEWM_T_PENH</CHECKTABLE>
     <CHECKFIELD>MANDT</CHECKFIELD>
     <PRIMPOS>0001</PRIMPOS>
     <DOMNAME>MANDT</DOMNAME>
     <DATATYPE>CLNT</DATATYPE>
    </DD05M>
    <DD05M>
     <FIELDNAME>KEYENH</FIELDNAME>
     <FORTABLE>ZEWM_T_PKEYENH</FORTABLE>
     <FORKEY>KEYENH</FORKEY>
     <CHECKTABLE>ZEWM_T_PENH</CHECKTABLE>
     <CHECKFIELD>KEYENH</CHECKFIELD>
     <PRIMPOS>0002</PRIMPOS>
     <DATATYPE>CHAR</DATATYPE>
    </DD05M>
    <DD05M>
     <FIELDNAME>KEYNAM</FIELDNAME>
     <FORTABLE>ZEWM_T_PKEYENH</FORTABLE>
     <FORKEY>MANDT</FORKEY>
     <CHECKTABLE>ZEWM_T_PKEY</CHECKTABLE>
     <CHECKFIELD>MANDT</CHECKFIELD>
     <PRIMPOS>0001</PRIMPOS>
     <DOMNAME>MANDT</DOMNAME>
     <DATATYPE>CLNT</DATATYPE>
    </DD05M>
    <DD05M>
     <FIELDNAME>KEYNAM</FIELDNAME>
     <FORTABLE>ZEWM_T_PKEYENH</FORTABLE>
     <FORKEY>KEYNAM</FORKEY>
     <CHECKTABLE>ZEWM_T_PKEY</CHECKTABLE>
     <CHECKFIELD>KEYNAM</CHECKFIELD>
     <PRIMPOS>0002</PRIMPOS>
     <DOMNAME>ZEWM_DO_BASE_PARAMS_KEYNAM</DOMNAME>
     <DATATYPE>CHAR</DATATYPE>
    </DD05M>
    <DD05M>
     <FIELDNAME>KEYNUM</FIELDNAME>
     <FORTABLE>ZEWM_T_PKEYENH</FORTABLE>
     <FORKEY>MANDT</FORKEY>
     <CHECKTABLE>ZEWM_T_PVAL</CHECKTABLE>
     <CHECKFIELD>MANDT</CHECKFIELD>
     <PRIMPOS>0001</PRIMPOS>
     <DOMNAME>MANDT</DOMNAME>
     <DATATYPE>CLNT</DATATYPE>
    </DD05M>
    <DD05M>
     <FIELDNAME>KEYNUM</FIELDNAME>
     <FORTABLE>ZEWM_T_PKEYENH</FORTABLE>
     <FORKEY>LGNUM</FORKEY>
     <CHECKTABLE>ZEWM_T_PVAL</CHECKTABLE>
     <CHECKFIELD>LGNUM</CHECKFIELD>
     <PRIMPOS>0002</PRIMPOS>
     <DOMNAME>/SCWM/LGNUM</DOMNAME>
     <DATATYPE>CHAR</DATATYPE>
    </DD05M>
    <DD05M>
     <FIELDNAME>KEYNUM</FIELDNAME>
     <FORTABLE>ZEWM_T_PKEYENH</FORTABLE>
     <FORKEY>KEYNAM</FORKEY>
     <CHECKTABLE>ZEWM_T_PVAL</CHECKTABLE>
     <CHECKFIELD>KEYNAM</CHECKFIELD>
     <PRIMPOS>0003</PRIMPOS>
     <DOMNAME>ZEWM_DO_BASE_PARAMS_KEYNAM</DOMNAME>
     <DATATYPE>CHAR</DATATYPE>
    </DD05M>
    <DD05M>
     <FIELDNAME>KEYNUM</FIELDNAME>
     <FORTABLE>ZEWM_T_PKEYENH</FORTABLE>
     <FORKEY>KEYNUM</FORKEY>
     <CHECKTABLE>ZEWM_T_PVAL</CHECKTABLE>
     <CHECKFIELD>KEYNUM</CHECKFIELD>
     <PRIMPOS>0004</PRIMPOS>
     <DATATYPE>NUMC</DATATYPE>
    </DD05M>
    <DD05M>
     <FIELDNAME>LGNUM</FIELDNAME>
     <FORTABLE>ZEWM_T_PKEYENH</FORTABLE>
     <FORKEY>MANDT</FORKEY>
     <CHECKTABLE>/SCWM/T300</CHECKTABLE>
     <CHECKFIELD>MANDT</CHECKFIELD>
     <PRIMPOS>0001</PRIMPOS>
     <DOMNAME>MANDT</DOMNAME>
     <DATATYPE>CLNT</DATATYPE>
    </DD05M>
    <DD05M>
     <FIELDNAME>LGNUM</FIELDNAME>
     <FORTABLE>ZEWM_T_PKEYENH</FORTABLE>
     <FORKEY>LGNUM</FORKEY>
     <CHECKTABLE>/SCWM/T300</CHECKTABLE>
     <CHECKFIELD>LGNUM</CHECKFIELD>
     <PRIMPOS>0002</PRIMPOS>
     <DOMNAME>/SCWM/LGNUM</DOMNAME>
     <DATATYPE>CHAR</DATATYPE>
    </DD05M>
    <DD05M>
     <FIELDNAME>MANDT</FIELDNAME>
     <FORTABLE>ZEWM_T_PKEYENH</FORTABLE>
     <FORKEY>MANDT</FORKEY>
     <CHECKTABLE>T000</CHECKTABLE>
     <CHECKFIELD>MANDT</CHECKFIELD>
     <PRIMPOS>0001</PRIMPOS>
     <DOMNAME>MANDT</DOMNAME>
     <DATATYPE>CLNT</DATATYPE>
    </DD05M>
   </DD05M_TABLE>
   <DD08V_TABLE>
    <DD08V>
     <FIELDNAME>KEYENH</FIELDNAME>
     <CHECKTABLE>ZEWM_T_PENH</CHECKTABLE>
     <FRKART>KEY</FRKART>
     <CARD>CN</CARD>
     <CARDLEFT>1</CARDLEFT>
    </DD08V>
    <DD08V>
     <FIELDNAME>KEYNAM</FIELDNAME>
     <CHECKTABLE>ZEWM_T_PKEY</CHECKTABLE>
     <FRKART>KEY</FRKART>
     <CARD>CN</CARD>
     <CARDLEFT>1</CARDLEFT>
    </DD08V>
    <DD08V>
     <FIELDNAME>KEYNUM</FIELDNAME>
     <CHECKTABLE>ZEWM_T_PVAL</CHECKTABLE>
     <FRKART>KEY</FRKART>
     <CARD>1</CARD>
     <CARDLEFT>1</CARDLEFT>
    </DD08V>
    <DD08V>
     <FIELDNAME>LGNUM</FIELDNAME>
     <CHECKTABLE>/SCWM/T300</CHECKTABLE>
    </DD08V>
    <DD08V>
     <FIELDNAME>MANDT</FIELDNAME>
     <CHECKTABLE>T000</CHECKTABLE>
    </DD08V>
   </DD08V_TABLE>
  </asx:values>
 </asx:abap>
</abapGit>
