﻿<?xml version="1.0" encoding="utf-8"?>
<abapGit version="v1.0.0" serializer="LCL_OBJECT_DTEL" serializer_version="v1.0.0">
 <asx:abap xmlns:asx="http://www.sap.com/abapxml" version="1.0">
  <asx:values>
   <DD04V>
    <ROLLNAME>ZEWM_DE_BASE_PARAMS_F_PROCTY</ROLLNAME>
    <DDLANGUAGE>E</DDLANGUAGE>
    <DOMNAME>XFELD</DOMNAME>
    <HEADLEN>55</HEADLEN>
    <SCRLEN1>10</SCRLEN1>
    <SCRLEN2>20</SCRLEN2>
    <SCRLEN3>40</SCRLEN3>
    <DDTEXT>Parameters Flag: Warehouse Process Type</DDTEXT>
    <REPTEXT>Fg.Whs.Proc.Ty</REPTEXT>
    <SCRTEXT_S>Fg.WhsPTy</SCRTEXT_S>
    <SCRTEXT_M>Fg. Whse Proc. Type</SCRTEXT_M>
    <SCRTEXT_L>Flag Whse Proc. Type</SCRTEXT_L>
    <DTELMASTER>E</DTELMASTER>
    <REFKIND>D</REFKIND>
   </DD04V>
   <I18N_LANGS>
    <LANGU>S</LANGU>
   </I18N_LANGS>
   <DD04_TEXTS>
    <item>
     <DDLANGUAGE>S</DDLANGUAGE>
     <DDTEXT>Cl.Proc.Alm.</DDTEXT>
     <REPTEXT>Cl.Proc.Alm.</REPTEXT>
     <SCRTEXT_S>Cl.Proc.Al</SCRTEXT_S>
     <SCRTEXT_M>Cl.Proc.Alm.</SCRTEXT_M>
     <SCRTEXT_L>Cl.Proc.Alm.</SCRTEXT_L>
    </item>
   </DD04_TEXTS>
  </asx:values>
 </asx:abap>
</abapGit>
