﻿<?xml version="1.0" encoding="utf-8"?>
<abapGit version="v1.0.0" serializer="LCL_OBJECT_VCLS" serializer_version="v1.0.0">
 <asx:abap xmlns:asx="http://www.sap.com/abapxml" version="1.0">
  <asx:values>
   <VCLDIR>
    <VCLNAME>ZEWM_V_PARAM</VCLNAME>
    <READKIND>T</READKIND>
    <TEXT>Parameter Values.</TEXT>
   </VCLDIR>
   <VLCSTRUC_TAB>
    <V_VCLSTRUC>
     <VCLNAME>ZEWM_V_PARAM</VCLNAME>
     <OBJECT>ZEWM_V_T300</OBJECT>
     <OBJECTTEXT>Warehouse Number</OBJECTTEXT>
     <PREDOBJECT>ZEWM_V_T300</PREDOBJECT>
     <DEPENDENCY>R</DEPENDENCY>
     <OBJPOS>01</OBJPOS>
     <OBJLEVEL>01</OBJLEVEL>
     <STARTOBJ>X</STARTOBJ>
    </V_VCLSTRUC>
    <V_VCLSTRUC>
     <VCLNAME>ZEWM_V_PARAM</VCLNAME>
     <OBJECT>ZEWM_V_PKEY00</OBJECT>
     <OBJECTTEXT>Parameter Asigned to Whse No.</OBJECTTEXT>
     <PREDOBJECT>ZEWM_V_T300</PREDOBJECT>
     <DEPENDENCY>S</DEPENDENCY>
     <OBJPOS>02</OBJPOS>
     <OBJLEVEL>02</OBJLEVEL>
     <CARDINAL>X</CARDINAL>
    </V_VCLSTRUC>
    <V_VCLSTRUC>
     <VCLNAME>ZEWM_V_PARAM</VCLNAME>
     <OBJECT>ZEWM_V_PVAL</OBJECT>
     <OBJECTTEXT>Parameters Value</OBJECTTEXT>
     <PREDOBJECT>ZEWM_V_PKEY00</PREDOBJECT>
     <DEPENDENCY>M</DEPENDENCY>
     <OBJPOS>03</OBJPOS>
     <OBJLEVEL>03</OBJLEVEL>
     <CARDINAL>X</CARDINAL>
    </V_VCLSTRUC>
    <V_VCLSTRUC>
     <VCLNAME>ZEWM_V_PARAM</VCLNAME>
     <OBJECT>ZEWM_V_PENHVAL</OBJECT>
     <OBJECTTEXT>Enhancement</OBJECTTEXT>
     <PREDOBJECT>ZEWM_V_PVAL</PREDOBJECT>
     <DEPENDENCY>M</DEPENDENCY>
     <OBJPOS>04</OBJPOS>
     <OBJLEVEL>04</OBJLEVEL>
     <CARDINAL>X</CARDINAL>
    </V_VCLSTRUC>
    <V_VCLSTRUC>
     <VCLNAME>ZEWM_V_PARAM</VCLNAME>
     <OBJECT>ZEWM_V_PKFIL</OBJECT>
     <OBJECTTEXT>Filters</OBJECTTEXT>
     <PREDOBJECT>ZEWM_V_PVAL</PREDOBJECT>
     <DEPENDENCY>M</DEPENDENCY>
     <OBJPOS>05</OBJPOS>
     <OBJLEVEL>04</OBJLEVEL>
     <CARDINAL>X</CARDINAL>
    </V_VCLSTRUC>
   </VLCSTRUC_TAB>
   <VCLSTRUDEP_TAB>
    <V_VCLSTDEP>
     <VCLNAME>ZEWM_V_PARAM</VCLNAME>
     <OBJECT>ZEWM_V_PENHVAL</OBJECT>
     <OBJFIELD>KEYNAM</OBJFIELD>
     <PREDOBJECT>ZEWM_V_PVAL</PREDOBJECT>
     <PREDFIELD>KEYNAM</PREDFIELD>
    </V_VCLSTDEP>
    <V_VCLSTDEP>
     <VCLNAME>ZEWM_V_PARAM</VCLNAME>
     <OBJECT>ZEWM_V_PENHVAL</OBJECT>
     <OBJFIELD>KEYNUM</OBJFIELD>
     <PREDOBJECT>ZEWM_V_PVAL</PREDOBJECT>
     <PREDFIELD>KEYNUM</PREDFIELD>
    </V_VCLSTDEP>
    <V_VCLSTDEP>
     <VCLNAME>ZEWM_V_PARAM</VCLNAME>
     <OBJECT>ZEWM_V_PENHVAL</OBJECT>
     <OBJFIELD>LGNUM</OBJFIELD>
     <PREDOBJECT>ZEWM_V_PVAL</PREDOBJECT>
     <PREDFIELD>LGNUM</PREDFIELD>
    </V_VCLSTDEP>
    <V_VCLSTDEP>
     <VCLNAME>ZEWM_V_PARAM</VCLNAME>
     <OBJECT>ZEWM_V_PKEY00</OBJECT>
     <OBJFIELD>LGNUM</OBJFIELD>
     <PREDOBJECT>ZEWM_V_T300</PREDOBJECT>
     <PREDFIELD>LGNUM</PREDFIELD>
    </V_VCLSTDEP>
    <V_VCLSTDEP>
     <VCLNAME>ZEWM_V_PARAM</VCLNAME>
     <OBJECT>ZEWM_V_PKFIL</OBJECT>
     <OBJFIELD>KEYNAM</OBJFIELD>
     <PREDOBJECT>ZEWM_V_PVAL</PREDOBJECT>
     <PREDFIELD>KEYNAM</PREDFIELD>
    </V_VCLSTDEP>
    <V_VCLSTDEP>
     <VCLNAME>ZEWM_V_PARAM</VCLNAME>
     <OBJECT>ZEWM_V_PKFIL</OBJECT>
     <OBJFIELD>KEYNUM</OBJFIELD>
     <PREDOBJECT>ZEWM_V_PVAL</PREDOBJECT>
     <PREDFIELD>KEYNUM</PREDFIELD>
    </V_VCLSTDEP>
    <V_VCLSTDEP>
     <VCLNAME>ZEWM_V_PARAM</VCLNAME>
     <OBJECT>ZEWM_V_PKFIL</OBJECT>
     <OBJFIELD>LGNUM</OBJFIELD>
     <PREDOBJECT>ZEWM_V_PVAL</PREDOBJECT>
     <PREDFIELD>LGNUM</PREDFIELD>
    </V_VCLSTDEP>
    <V_VCLSTDEP>
     <VCLNAME>ZEWM_V_PARAM</VCLNAME>
     <OBJECT>ZEWM_V_PVAL</OBJECT>
     <OBJFIELD>KEYNAM</OBJFIELD>
     <PREDOBJECT>ZEWM_V_PKEY00</PREDOBJECT>
     <PREDFIELD>KEYNAM</PREDFIELD>
    </V_VCLSTDEP>
    <V_VCLSTDEP>
     <VCLNAME>ZEWM_V_PARAM</VCLNAME>
     <OBJECT>ZEWM_V_PVAL</OBJECT>
     <OBJFIELD>LGNUM</OBJFIELD>
     <PREDOBJECT>ZEWM_V_PKEY00</PREDOBJECT>
     <PREDFIELD>LGNUM</PREDFIELD>
    </V_VCLSTDEP>
    <V_VCLSTDEP>
     <VCLNAME>ZEWM_V_PARAM</VCLNAME>
     <OBJECT>ZEWM_V_T300</OBJECT>
     <PREDOBJECT>ZEWM_V_T300</PREDOBJECT>
    </V_VCLSTDEP>
   </VCLSTRUDEP_TAB>
  </asx:values>
 </asx:abap>
</abapGit>
