﻿<?xml version="1.0" encoding="utf-8"?>
<abapGit version="v1.0.0" serializer="LCL_OBJECT_VIEW" serializer_version="v1.0.0">
 <asx:abap xmlns:asx="http://www.sap.com/abapxml" version="1.0">
  <asx:values>
   <DD25V>
    <VIEWNAME>ZEWM_V_PKEY00</VIEWNAME>
    <AS4LOCAL>A</AS4LOCAL>
    <DDLANGUAGE>E</DDLANGUAGE>
    <AGGTYPE>V</AGGTYPE>
    <ROOTTAB>ZEWM_T_PKEYT300</ROOTTAB>
    <DDTEXT>Parameter Definition: Header - Warehouse</DDTEXT>
    <VIEWCLASS>C</VIEWCLASS>
    <CUSTOMAUTH>A</CUSTOMAUTH>
    <GLOBALFLAG>X</GLOBALFLAG>
   </DD25V>
   <DD26V_TABLE>
    <DD26V>
     <VIEWNAME>ZEWM_V_PKEY00</VIEWNAME>
     <TABNAME>ZEWM_T_PKEYT300</TABNAME>
     <TABPOS>0001</TABPOS>
     <FORTABNAME>ZEWM_T_PKEYT300</FORTABNAME>
    </DD26V>
   </DD26V_TABLE>
   <DD27P_TABLE>
    <DD27P>
     <VIEWFIELD>MANDT</VIEWFIELD>
     <TABNAME>ZEWM_T_PKEYT300</TABNAME>
     <FIELDNAME>MANDT</FIELDNAME>
     <KEYFLAG>X</KEYFLAG>
     <RDONLY>H</RDONLY>
     <CHECKTABLE>T000</CHECKTABLE>
     <SHLPORIGIN>P</SHLPORIGIN>
    </DD27P>
    <DD27P>
     <VIEWFIELD>LGNUM</VIEWFIELD>
     <TABNAME>ZEWM_T_PKEYT300</TABNAME>
     <FIELDNAME>LGNUM</FIELDNAME>
     <KEYFLAG>X</KEYFLAG>
     <RDONLY>S</RDONLY>
     <CHECKTABLE>/SCWM/T300</CHECKTABLE>
     <SHLPORIGIN>P</SHLPORIGIN>
     <SHLPNAME>/SCWM/SH_LGNUM</SHLPNAME>
     <SHLPFIELD>LGNUM</SHLPFIELD>
     <LOGFLAG>X</LOGFLAG>
    </DD27P>
    <DD27P>
     <VIEWFIELD>KEYNAM</VIEWFIELD>
     <TABNAME>ZEWM_T_PKEYT300</TABNAME>
     <FIELDNAME>KEYNAM</FIELDNAME>
     <KEYFLAG>X</KEYFLAG>
     <CHECKTABLE>ZEWM_T_PKEY</CHECKTABLE>
     <SHLPORIGIN>P</SHLPORIGIN>
    </DD27P>
   </DD27P_TABLE>
   <TABL_EXTRAS>
    <TDDAT>
     <TABNAME>ZEWM_V_PKEY00</TABNAME>
     <CCLASS>&amp;NC&amp;</CCLASS>
    </TDDAT>
   </TABL_EXTRAS>
  </asx:values>
 </asx:abap>
</abapGit>
