﻿<?xml version="1.0" encoding="utf-8"?>
<abapGit version="v1.0.0" serializer="LCL_OBJECT_VIEW" serializer_version="v1.0.0">
 <asx:abap xmlns:asx="http://www.sap.com/abapxml" version="1.0">
  <asx:values>
   <DD25V>
    <VIEWNAME>ZEWM_V_PVAL</VIEWNAME>
    <AS4LOCAL>A</AS4LOCAL>
    <DDLANGUAGE>E</DDLANGUAGE>
    <AGGTYPE>V</AGGTYPE>
    <ROOTTAB>ZEWM_T_PVAL</ROOTTAB>
    <DDTEXT>Parameter Definition: Dynamic Value</DDTEXT>
    <VIEWCLASS>C</VIEWCLASS>
    <CUSTOMAUTH>A</CUSTOMAUTH>
    <GLOBALFLAG>X</GLOBALFLAG>
   </DD25V>
   <DD26V_TABLE>
    <DD26V>
     <VIEWNAME>ZEWM_V_PVAL</VIEWNAME>
     <TABNAME>ZEWM_T_PVAL</TABNAME>
     <TABPOS>0001</TABPOS>
     <FORTABNAME>ZEWM_T_PVAL</FORTABNAME>
    </DD26V>
   </DD26V_TABLE>
   <DD27P_TABLE>
    <DD27P>
     <VIEWFIELD>MANDT</VIEWFIELD>
     <TABNAME>ZEWM_T_PVAL</TABNAME>
     <FIELDNAME>MANDT</FIELDNAME>
     <KEYFLAG>X</KEYFLAG>
     <RDONLY>H</RDONLY>
     <CHECKTABLE>T000</CHECKTABLE>
     <SHLPORIGIN>P</SHLPORIGIN>
    </DD27P>
    <DD27P>
     <VIEWFIELD>LGNUM</VIEWFIELD>
     <TABNAME>ZEWM_T_PVAL</TABNAME>
     <FIELDNAME>LGNUM</FIELDNAME>
     <KEYFLAG>X</KEYFLAG>
     <RDONLY>S</RDONLY>
     <CHECKTABLE>/SCWM/T300</CHECKTABLE>
     <SHLPORIGIN>P</SHLPORIGIN>
     <SHLPNAME>/SCWM/SH_LGNUM</SHLPNAME>
     <SHLPFIELD>LGNUM</SHLPFIELD>
     <LOGFLAG>X</LOGFLAG>
    </DD27P>
    <DD27P>
     <VIEWFIELD>KEYNAM</VIEWFIELD>
     <TABNAME>ZEWM_T_PVAL</TABNAME>
     <FIELDNAME>KEYNAM</FIELDNAME>
     <KEYFLAG>X</KEYFLAG>
     <RDONLY>S</RDONLY>
     <CHECKTABLE>ZEWM_T_PKEY</CHECKTABLE>
     <SHLPORIGIN>P</SHLPORIGIN>
    </DD27P>
    <DD27P>
     <VIEWFIELD>KEYNUM</VIEWFIELD>
     <TABNAME>ZEWM_T_PVAL</TABNAME>
     <FIELDNAME>KEYNUM</FIELDNAME>
     <KEYFLAG>X</KEYFLAG>
    </DD27P>
    <DD27P>
     <VIEWFIELD>STC_LGTYP</VIEWFIELD>
     <TABNAME>ZEWM_T_PVAL</TABNAME>
     <FIELDNAME>STC_LGTYP</FIELDNAME>
     <CHECKTABLE>/SCWM/T301</CHECKTABLE>
     <SHLPORIGIN>P</SHLPORIGIN>
     <SHLPNAME>/SCWM/SH_LGTYP</SHLPNAME>
     <SHLPFIELD>LGTYP</SHLPFIELD>
     <LOGFLAG>X</LOGFLAG>
    </DD27P>
    <DD27P>
     <VIEWFIELD>STC_LGBER</VIEWFIELD>
     <TABNAME>ZEWM_T_PVAL</TABNAME>
     <FIELDNAME>STC_LGBER</FIELDNAME>
     <CHECKTABLE>/SCWM/T302</CHECKTABLE>
     <SHLPORIGIN>P</SHLPORIGIN>
     <SHLPNAME>/SCWM/SH_LGBER</SHLPNAME>
     <SHLPFIELD>LGBER</SHLPFIELD>
     <LOGFLAG>X</LOGFLAG>
    </DD27P>
    <DD27P>
     <VIEWFIELD>STC_LGPLA</VIEWFIELD>
     <TABNAME>ZEWM_T_PVAL</TABNAME>
     <FIELDNAME>STC_LGPLA</FIELDNAME>
     <CHECKTABLE>/SCWM/LAGP</CHECKTABLE>
     <SHLPORIGIN>P</SHLPORIGIN>
     <LOGFLAG>X</LOGFLAG>
    </DD27P>
    <DD27P>
     <VIEWFIELD>STC_LPTYP</VIEWFIELD>
     <TABNAME>ZEWM_T_PVAL</TABNAME>
     <FIELDNAME>STC_LPTYP</FIELDNAME>
     <CHECKTABLE>/SCWM/T303</CHECKTABLE>
     <SHLPORIGIN>P</SHLPORIGIN>
     <LOGFLAG>X</LOGFLAG>
    </DD27P>
    <DD27P>
     <VIEWFIELD>STC_VLTYP</VIEWFIELD>
     <TABNAME>ZEWM_T_PVAL</TABNAME>
     <FIELDNAME>STC_VLTYP</FIELDNAME>
     <CHECKTABLE>/SCWM/T301</CHECKTABLE>
     <SHLPORIGIN>P</SHLPORIGIN>
    </DD27P>
    <DD27P>
     <VIEWFIELD>STC_VLBER</VIEWFIELD>
     <TABNAME>ZEWM_T_PVAL</TABNAME>
     <FIELDNAME>STC_VLBER</FIELDNAME>
     <CHECKTABLE>/SCWM/T302</CHECKTABLE>
     <SHLPORIGIN>P</SHLPORIGIN>
    </DD27P>
    <DD27P>
     <VIEWFIELD>STC_VLPLA</VIEWFIELD>
     <TABNAME>ZEWM_T_PVAL</TABNAME>
     <FIELDNAME>STC_VLPLA</FIELDNAME>
     <CHECKTABLE>/SCWM/LAGP</CHECKTABLE>
     <SHLPORIGIN>P</SHLPORIGIN>
    </DD27P>
    <DD27P>
     <VIEWFIELD>STC_NLTYP</VIEWFIELD>
     <TABNAME>ZEWM_T_PVAL</TABNAME>
     <FIELDNAME>STC_NLTYP</FIELDNAME>
     <CHECKTABLE>/SCWM/T301</CHECKTABLE>
     <SHLPORIGIN>P</SHLPORIGIN>
    </DD27P>
    <DD27P>
     <VIEWFIELD>STC_NLBER</VIEWFIELD>
     <TABNAME>ZEWM_T_PVAL</TABNAME>
     <FIELDNAME>STC_NLBER</FIELDNAME>
     <CHECKTABLE>/SCWM/T302</CHECKTABLE>
     <SHLPORIGIN>P</SHLPORIGIN>
    </DD27P>
    <DD27P>
     <VIEWFIELD>STC_NLPLA</VIEWFIELD>
     <TABNAME>ZEWM_T_PVAL</TABNAME>
     <FIELDNAME>STC_NLPLA</FIELDNAME>
     <CHECKTABLE>/SCWM/LAGP</CHECKTABLE>
     <SHLPORIGIN>P</SHLPORIGIN>
    </DD27P>
    <DD27P>
     <VIEWFIELD>STC_PROCTY</VIEWFIELD>
     <TABNAME>ZEWM_T_PVAL</TABNAME>
     <FIELDNAME>STC_PROCTY</FIELDNAME>
     <CHECKTABLE>/SCWM/T333</CHECKTABLE>
     <SHLPORIGIN>P</SHLPORIGIN>
     <LOGFLAG>X</LOGFLAG>
    </DD27P>
    <DD27P>
     <VIEWFIELD>STC_SQUIT</VIEWFIELD>
     <TABNAME>ZEWM_T_PVAL</TABNAME>
     <FIELDNAME>STC_SQUIT</FIELDNAME>
     <SHLPORIGIN>F</SHLPORIGIN>
     <VALEXI>X</VALEXI>
    </DD27P>
    <DD27P>
     <VIEWFIELD>STC_FLGHUTO</VIEWFIELD>
     <TABNAME>ZEWM_T_PVAL</TABNAME>
     <FIELDNAME>STC_FLGHUTO</FIELDNAME>
     <SHLPORIGIN>F</SHLPORIGIN>
     <VALEXI>X</VALEXI>
    </DD27P>
    <DD27P>
     <VIEWFIELD>STC_VALUE</VIEWFIELD>
     <TABNAME>ZEWM_T_PVAL</TABNAME>
     <FIELDNAME>STC_VALUE</FIELDNAME>
    </DD27P>
   </DD27P_TABLE>
   <TABL_EXTRAS>
    <TDDAT>
     <TABNAME>ZEWM_V_PVAL</TABNAME>
     <CCLASS>&amp;NC&amp;</CCLASS>
    </TDDAT>
   </TABL_EXTRAS>
  </asx:values>
 </asx:abap>
</abapGit>
