﻿<?xml version="1.0" encoding="utf-8"?>
<abapGit version="v1.0.0" serializer="LCL_OBJECT_VIEW" serializer_version="v1.0.0">
 <asx:abap xmlns:asx="http://www.sap.com/abapxml" version="1.0">
  <asx:values>
   <DD25V>
    <VIEWNAME>ZEWM_V_PENH</VIEWNAME>
    <AS4LOCAL>A</AS4LOCAL>
    <DDLANGUAGE>E</DDLANGUAGE>
    <AGGTYPE>V</AGGTYPE>
    <ROOTTAB>ZEWM_T_PENH</ROOTTAB>
    <DDTEXT>Parameter Definition: Enhancement.</DDTEXT>
    <VIEWCLASS>C</VIEWCLASS>
    <CUSTOMAUTH>C</CUSTOMAUTH>
    <GLOBALFLAG>X</GLOBALFLAG>
   </DD25V>
   <DD26V_TABLE>
    <DD26V>
     <VIEWNAME>ZEWM_V_PENH</VIEWNAME>
     <TABNAME>ZEWM_T_PENH</TABNAME>
     <TABPOS>0001</TABPOS>
     <FORTABNAME>ZEWM_T_PENH</FORTABNAME>
    </DD26V>
    <DD26V>
     <VIEWNAME>ZEWM_V_PENH</VIEWNAME>
     <TABNAME>ZEWM_T_PENHT</TABNAME>
     <TABPOS>0002</TABPOS>
     <FORTABNAME>ZEWM_T_PENH</FORTABNAME>
     <FORFIELD>KEYENH</FORFIELD>
     <FORDIR>I</FORDIR>
    </DD26V>
   </DD26V_TABLE>
   <DD27P_TABLE>
    <DD27P>
     <VIEWFIELD>MANDT</VIEWFIELD>
     <TABNAME>ZEWM_T_PENH</TABNAME>
     <FIELDNAME>MANDT</FIELDNAME>
     <KEYFLAG>X</KEYFLAG>
     <RDONLY>H</RDONLY>
     <CHECKTABLE>T000</CHECKTABLE>
     <SHLPORIGIN>P</SHLPORIGIN>
    </DD27P>
    <DD27P>
     <VIEWFIELD>KEYENH</VIEWFIELD>
     <TABNAME>ZEWM_T_PENH</TABNAME>
     <FIELDNAME>KEYENH</FIELDNAME>
     <KEYFLAG>X</KEYFLAG>
    </DD27P>
    <DD27P>
     <VIEWFIELD>ENHTXT</VIEWFIELD>
     <TABNAME>ZEWM_T_PENHT</TABNAME>
     <FIELDNAME>ENHTXT</FIELDNAME>
    </DD27P>
    <DD27P>
     <VIEWFIELD>RICEFW</VIEWFIELD>
     <TABNAME>ZEWM_T_PENHT</TABNAME>
     <FIELDNAME>RICEFW</FIELDNAME>
    </DD27P>
   </DD27P_TABLE>
   <DD28J_TABLE>
    <DD28J>
     <VIEWNAME>ZEWM_V_PENH</VIEWNAME>
     <LTAB>ZEWM_T_PENH</LTAB>
     <LFIELD>MANDT</LFIELD>
     <OPERATOR>EQ</OPERATOR>
     <RTAB>ZEWM_T_PENHT</RTAB>
     <RFIELD>MANDT</RFIELD>
     <SOURCE>F</SOURCE>
     <FRKTAB>ZEWM_T_PENHT</FRKTAB>
     <FRKFIELD>KEYENH</FRKFIELD>
     <FRKDIR>I</FRKDIR>
    </DD28J>
    <DD28J>
     <VIEWNAME>ZEWM_V_PENH</VIEWNAME>
     <LTAB>ZEWM_T_PENH</LTAB>
     <LFIELD>KEYENH</LFIELD>
     <OPERATOR>EQ</OPERATOR>
     <RTAB>ZEWM_T_PENHT</RTAB>
     <RFIELD>KEYENH</RFIELD>
     <SOURCE>F</SOURCE>
     <FRKTAB>ZEWM_T_PENHT</FRKTAB>
     <FRKFIELD>KEYENH</FRKFIELD>
     <FRKDIR>I</FRKDIR>
    </DD28J>
   </DD28J_TABLE>
   <TABL_EXTRAS>
    <TDDAT>
     <TABNAME>ZEWM_V_PENH</TABNAME>
     <CCLASS>&amp;NC&amp;</CCLASS>
    </TDDAT>
   </TABL_EXTRAS>
  </asx:values>
 </asx:abap>
</abapGit>
