﻿<?xml version="1.0" encoding="utf-8"?>
<abapGit version="v1.0.0" serializer="LCL_OBJECT_TABL" serializer_version="v1.0.0">
 <asx:abap xmlns:asx="http://www.sap.com/abapxml" version="1.0">
  <asx:values>
   <DD02V>
    <TABNAME>ZEWM_T_PMAT_STG</TABNAME>
    <DDLANGUAGE>E</DDLANGUAGE>
    <TABCLASS>TRANSP</TABCLASS>
    <CLIDEP>X</CLIDEP>
    <DDTEXT>Packing Material in STG for Pikcing Requeriment</DDTEXT>
    <CONTFLAG>C</CONTFLAG>
    <EXCLASS>2</EXCLASS>
   </DD02V>
   <DD09L>
    <TABNAME>ZEWM_T_PMAT_STG</TABNAME>
    <AS4LOCAL>A</AS4LOCAL>
    <TABKAT>0</TABKAT>
    <TABART>APPL0</TABART>
    <BUFALLOW>N</BUFALLOW>
   </DD09L>
   <DD03P_TABLE>
    <DD03P>
     <FIELDNAME>CLNT</FIELDNAME>
     <KEYFLAG>X</KEYFLAG>
     <ROLLNAME>MANDT</ROLLNAME>
     <CHECKTABLE>T000</CHECKTABLE>
     <ADMINFIELD>0</ADMINFIELD>
     <NOTNULL>X</NOTNULL>
     <SHLPORIGIN>P</SHLPORIGIN>
     <COMPTYPE>E</COMPTYPE>
    </DD03P>
    <DD03P>
     <FIELDNAME>LGNUM</FIELDNAME>
     <KEYFLAG>X</KEYFLAG>
     <ROLLNAME>/SCWM/LGNUM</ROLLNAME>
     <CHECKTABLE>/SCWM/T300</CHECKTABLE>
     <ADMINFIELD>0</ADMINFIELD>
     <NOTNULL>X</NOTNULL>
     <SHLPORIGIN>P</SHLPORIGIN>
     <SHLPNAME>/SCWM/SH_LGNUM</SHLPNAME>
     <SHLPFIELD>LGNUM</SHLPFIELD>
     <COMPTYPE>E</COMPTYPE>
    </DD03P>
    <DD03P>
     <FIELDNAME>STG</FIELDNAME>
     <KEYFLAG>X</KEYFLAG>
     <ROLLNAME>/SCWM/DE_LGTYPG</ROLLNAME>
     <CHECKTABLE>/SCWM/T301G</CHECKTABLE>
     <ADMINFIELD>0</ADMINFIELD>
     <NOTNULL>X</NOTNULL>
     <SHLPORIGIN>P</SHLPORIGIN>
     <COMPTYPE>E</COMPTYPE>
    </DD03P>
    <DD03P>
     <FIELDNAME>PMAT</FIELDNAME>
     <KEYFLAG>X</KEYFLAG>
     <ROLLNAME>/SCWM/DE_PMAT</ROLLNAME>
     <ADMINFIELD>0</ADMINFIELD>
     <NOTNULL>X</NOTNULL>
     <SHLPORIGIN>D</SHLPORIGIN>
     <COMPTYPE>E</COMPTYPE>
    </DD03P>
    <DD03P>
     <FIELDNAME>QTY_CLASS</FIELDNAME>
     <ROLLNAME>/SCWM/DE_QUANCLA</ROLLNAME>
     <CHECKTABLE>/SCWM/TQUANCLA</CHECKTABLE>
     <ADMINFIELD>0</ADMINFIELD>
     <SHLPORIGIN>P</SHLPORIGIN>
     <COMPTYPE>E</COMPTYPE>
    </DD03P>
    <DD03P>
     <FIELDNAME>PMAT_RECEP</FIELDNAME>
     <ROLLNAME>ZEWM_DE_PMAT_RECEP</ROLLNAME>
     <ADMINFIELD>0</ADMINFIELD>
     <VALEXI>X</VALEXI>
     <SHLPORIGIN>F</SHLPORIGIN>
     <COMPTYPE>E</COMPTYPE>
    </DD03P>
   </DD03P_TABLE>
   <DD05M_TABLE>
    <DD05M>
     <FIELDNAME>CLNT</FIELDNAME>
     <FORTABLE>ZEWM_T_PMAT_STG</FORTABLE>
     <FORKEY>CLNT</FORKEY>
     <CHECKTABLE>T000</CHECKTABLE>
     <CHECKFIELD>MANDT</CHECKFIELD>
     <PRIMPOS>0001</PRIMPOS>
     <DOMNAME>MANDT</DOMNAME>
     <DATATYPE>CLNT</DATATYPE>
    </DD05M>
    <DD05M>
     <FIELDNAME>LGNUM</FIELDNAME>
     <FORTABLE>ZEWM_T_PMAT_STG</FORTABLE>
     <FORKEY>CLNT</FORKEY>
     <CHECKTABLE>/SCWM/T300</CHECKTABLE>
     <CHECKFIELD>MANDT</CHECKFIELD>
     <PRIMPOS>0001</PRIMPOS>
     <DOMNAME>MANDT</DOMNAME>
     <DATATYPE>CLNT</DATATYPE>
    </DD05M>
    <DD05M>
     <FIELDNAME>LGNUM</FIELDNAME>
     <FORTABLE>ZEWM_T_PMAT_STG</FORTABLE>
     <FORKEY>LGNUM</FORKEY>
     <CHECKTABLE>/SCWM/T300</CHECKTABLE>
     <CHECKFIELD>LGNUM</CHECKFIELD>
     <PRIMPOS>0002</PRIMPOS>
     <DOMNAME>/SCWM/LGNUM</DOMNAME>
     <DATATYPE>CHAR</DATATYPE>
    </DD05M>
    <DD05M>
     <FIELDNAME>QTY_CLASS</FIELDNAME>
     <FORTABLE>ZEWM_T_PMAT_STG</FORTABLE>
     <FORKEY>CLNT</FORKEY>
     <CHECKTABLE>/SCWM/TQUANCLA</CHECKTABLE>
     <CHECKFIELD>MANDT</CHECKFIELD>
     <PRIMPOS>0001</PRIMPOS>
     <DOMNAME>MANDT</DOMNAME>
     <DATATYPE>CLNT</DATATYPE>
    </DD05M>
    <DD05M>
     <FIELDNAME>QTY_CLASS</FIELDNAME>
     <FORTABLE>ZEWM_T_PMAT_STG</FORTABLE>
     <FORKEY>QTY_CLASS</FORKEY>
     <CHECKTABLE>/SCWM/TQUANCLA</CHECKTABLE>
     <CHECKFIELD>QUANCLA</CHECKFIELD>
     <PRIMPOS>0002</PRIMPOS>
     <DOMNAME>/SCWM/DO_QUANCLA</DOMNAME>
     <DATATYPE>CHAR</DATATYPE>
    </DD05M>
    <DD05M>
     <FIELDNAME>STG</FIELDNAME>
     <FORTABLE>ZEWM_T_PMAT_STG</FORTABLE>
     <FORKEY>CLNT</FORKEY>
     <CHECKTABLE>/SCWM/T301G</CHECKTABLE>
     <CHECKFIELD>MANDT</CHECKFIELD>
     <PRIMPOS>0001</PRIMPOS>
     <DOMNAME>MANDT</DOMNAME>
     <DATATYPE>CLNT</DATATYPE>
    </DD05M>
    <DD05M>
     <FIELDNAME>STG</FIELDNAME>
     <FORTABLE>ZEWM_T_PMAT_STG</FORTABLE>
     <FORKEY>LGNUM</FORKEY>
     <CHECKTABLE>/SCWM/T301G</CHECKTABLE>
     <CHECKFIELD>LGNUM</CHECKFIELD>
     <PRIMPOS>0002</PRIMPOS>
     <DOMNAME>/SCWM/LGNUM</DOMNAME>
     <DATATYPE>CHAR</DATATYPE>
    </DD05M>
    <DD05M>
     <FIELDNAME>STG</FIELDNAME>
     <FORTABLE>ZEWM_T_PMAT_STG</FORTABLE>
     <FORKEY>STG</FORKEY>
     <CHECKTABLE>/SCWM/T301G</CHECKTABLE>
     <CHECKFIELD>LGTYPGRP</CHECKFIELD>
     <PRIMPOS>0003</PRIMPOS>
     <DOMNAME>/SCWM/DO_LGTYPG</DOMNAME>
     <DATATYPE>CHAR</DATATYPE>
    </DD05M>
   </DD05M_TABLE>
   <DD08V_TABLE>
    <DD08V>
     <FIELDNAME>CLNT</FIELDNAME>
     <CHECKTABLE>T000</CHECKTABLE>
    </DD08V>
    <DD08V>
     <FIELDNAME>LGNUM</FIELDNAME>
     <CHECKTABLE>/SCWM/T300</CHECKTABLE>
    </DD08V>
    <DD08V>
     <FIELDNAME>QTY_CLASS</FIELDNAME>
     <CHECKTABLE>/SCWM/TQUANCLA</CHECKTABLE>
    </DD08V>
    <DD08V>
     <FIELDNAME>STG</FIELDNAME>
     <CHECKTABLE>/SCWM/T301G</CHECKTABLE>
    </DD08V>
   </DD08V_TABLE>
  </asx:values>
 </asx:abap>
</abapGit>
