﻿<?xml version="1.0" encoding="utf-8"?>
<abapGit version="v1.0.0" serializer="LCL_OBJECT_TABL" serializer_version="v1.0.0">
 <asx:abap xmlns:asx="http://www.sap.com/abapxml" version="1.0">
  <asx:values>
   <DD02V>
    <TABNAME>ZEWM_T_PKEYT</TABNAME>
    <DDLANGUAGE>E</DDLANGUAGE>
    <TABCLASS>TRANSP</TABCLASS>
    <CLIDEP>X</CLIDEP>
    <DDTEXT>Parameter Activation Key</DDTEXT>
    <CONTFLAG>C</CONTFLAG>
    <EXCLASS>1</EXCLASS>
   </DD02V>
   <DD09L>
    <TABNAME>ZEWM_T_PKEYT</TABNAME>
    <AS4LOCAL>A</AS4LOCAL>
    <TABKAT>0</TABKAT>
    <TABART>APPL0</TABART>
    <PROTOKOLL>X</PROTOKOLL>
    <UEBERSETZ>X</UEBERSETZ>
    <BUFALLOW>N</BUFALLOW>
   </DD09L>
   <DD03P_TABLE>
    <DD03P>
     <FIELDNAME>MANDT</FIELDNAME>
     <KEYFLAG>X</KEYFLAG>
     <ROLLNAME>MANDT</ROLLNAME>
     <CHECKTABLE>T000</CHECKTABLE>
     <ADMINFIELD>0</ADMINFIELD>
     <NOTNULL>X</NOTNULL>
     <SHLPORIGIN>P</SHLPORIGIN>
     <COMPTYPE>E</COMPTYPE>
    </DD03P>
    <DD03P>
     <FIELDNAME>SPRAS</FIELDNAME>
     <KEYFLAG>X</KEYFLAG>
     <ROLLNAME>SPRAS</ROLLNAME>
     <CHECKTABLE>T002</CHECKTABLE>
     <ADMINFIELD>0</ADMINFIELD>
     <NOTNULL>X</NOTNULL>
     <SHLPORIGIN>P</SHLPORIGIN>
     <SHLPNAME>H_T002</SHLPNAME>
     <SHLPFIELD>SPRAS</SHLPFIELD>
     <COMPTYPE>E</COMPTYPE>
     <LANGUFLAG>X</LANGUFLAG>
    </DD03P>
    <DD03P>
     <FIELDNAME>KEYNAM</FIELDNAME>
     <KEYFLAG>X</KEYFLAG>
     <ROLLNAME>ZEWM_DE_BASE_PARAMS_KEYNAM</ROLLNAME>
     <CHECKTABLE>ZEWM_T_PKEY</CHECKTABLE>
     <ADMINFIELD>0</ADMINFIELD>
     <NOTNULL>X</NOTNULL>
     <SHLPORIGIN>P</SHLPORIGIN>
     <COMPTYPE>E</COMPTYPE>
    </DD03P>
    <DD03P>
     <FIELDNAME>KEYTXT</FIELDNAME>
     <ROLLNAME>/SCWM/DE_DESC40</ROLLNAME>
     <ADMINFIELD>0</ADMINFIELD>
     <COMPTYPE>E</COMPTYPE>
    </DD03P>
   </DD03P_TABLE>
   <DD05M_TABLE>
    <DD05M>
     <FIELDNAME>KEYNAM</FIELDNAME>
     <FORTABLE>ZEWM_T_PKEYT</FORTABLE>
     <FORKEY>MANDT</FORKEY>
     <CHECKTABLE>ZEWM_T_PKEY</CHECKTABLE>
     <CHECKFIELD>MANDT</CHECKFIELD>
     <PRIMPOS>0001</PRIMPOS>
     <DOMNAME>MANDT</DOMNAME>
     <DATATYPE>CLNT</DATATYPE>
    </DD05M>
    <DD05M>
     <FIELDNAME>KEYNAM</FIELDNAME>
     <FORTABLE>ZEWM_T_PKEYT</FORTABLE>
     <FORKEY>KEYNAM</FORKEY>
     <CHECKTABLE>ZEWM_T_PKEY</CHECKTABLE>
     <CHECKFIELD>KEYNAM</CHECKFIELD>
     <PRIMPOS>0002</PRIMPOS>
     <DOMNAME>ZEWM_DO_BASE_PARAMS_KEYNAM</DOMNAME>
     <DATATYPE>CHAR</DATATYPE>
    </DD05M>
    <DD05M>
     <FIELDNAME>MANDT</FIELDNAME>
     <FORTABLE>ZEWM_T_PKEYT</FORTABLE>
     <FORKEY>MANDT</FORKEY>
     <CHECKTABLE>T000</CHECKTABLE>
     <CHECKFIELD>MANDT</CHECKFIELD>
     <PRIMPOS>0001</PRIMPOS>
     <DOMNAME>MANDT</DOMNAME>
     <DATATYPE>CLNT</DATATYPE>
    </DD05M>
    <DD05M>
     <FIELDNAME>SPRAS</FIELDNAME>
     <FORTABLE>ZEWM_T_PKEYT</FORTABLE>
     <FORKEY>SPRAS</FORKEY>
     <CHECKTABLE>T002</CHECKTABLE>
     <CHECKFIELD>SPRAS</CHECKFIELD>
     <PRIMPOS>0001</PRIMPOS>
     <DOMNAME>SPRAS</DOMNAME>
     <DATATYPE>LANG</DATATYPE>
    </DD05M>
   </DD05M_TABLE>
   <DD08V_TABLE>
    <DD08V>
     <FIELDNAME>KEYNAM</FIELDNAME>
     <CHECKTABLE>ZEWM_T_PKEY</CHECKTABLE>
     <FRKART>TEXT</FRKART>
     <CARD>CN</CARD>
     <CARDLEFT>1</CARDLEFT>
    </DD08V>
    <DD08V>
     <FIELDNAME>MANDT</FIELDNAME>
     <CHECKTABLE>T000</CHECKTABLE>
    </DD08V>
    <DD08V>
     <FIELDNAME>SPRAS</FIELDNAME>
     <CHECKTABLE>T002</CHECKTABLE>
     <FRKART>KEY</FRKART>
     <CARD>CN</CARD>
     <CARDLEFT>1</CARDLEFT>
    </DD08V>
   </DD08V_TABLE>
  </asx:values>
 </asx:abap>
</abapGit>
