﻿<?xml version="1.0" encoding="utf-8"?>
<abapGit version="v1.0.0" serializer="LCL_OBJECT_TABL" serializer_version="v1.0.0">
 <asx:abap xmlns:asx="http://www.sap.com/abapxml" version="1.0">
  <asx:values>
   <DD02V>
    <TABNAME>ZEWM_S_BASE_PVAL_ATT</TABNAME>
    <DDLANGUAGE>E</DDLANGUAGE>
    <TABCLASS>INTTAB</TABCLASS>
    <DDTEXT>Attribute Structure for Parameters Value</DDTEXT>
    <EXCLASS>1</EXCLASS>
   </DD02V>
   <DD03P_TABLE>
    <DD03P>
     <FIELDNAME>STC_LGTYP</FIELDNAME>
     <ROLLNAME>/SCWM/LGTYP</ROLLNAME>
     <CHECKTABLE>/SCWM/T301</CHECKTABLE>
     <ADMINFIELD>0</ADMINFIELD>
     <SHLPORIGIN>P</SHLPORIGIN>
     <SHLPNAME>/SCWM/SH_LGTYP</SHLPNAME>
     <SHLPFIELD>LGTYP</SHLPFIELD>
     <COMPTYPE>E</COMPTYPE>
    </DD03P>
    <DD03P>
     <FIELDNAME>STC_LGBER</FIELDNAME>
     <ROLLNAME>/SCWM/LGBER</ROLLNAME>
     <CHECKTABLE>/SCWM/T302</CHECKTABLE>
     <ADMINFIELD>0</ADMINFIELD>
     <SHLPORIGIN>P</SHLPORIGIN>
     <SHLPNAME>/SCWM/SH_LGBER</SHLPNAME>
     <SHLPFIELD>LGBER</SHLPFIELD>
     <COMPTYPE>E</COMPTYPE>
    </DD03P>
    <DD03P>
     <FIELDNAME>STC_LGPLA</FIELDNAME>
     <ROLLNAME>/SCWM/LGPLA</ROLLNAME>
     <CHECKTABLE>/SCWM/LAGP</CHECKTABLE>
     <ADMINFIELD>0</ADMINFIELD>
     <SHLPORIGIN>P</SHLPORIGIN>
     <COMPTYPE>E</COMPTYPE>
    </DD03P>
    <DD03P>
     <FIELDNAME>STC_LPTYP</FIELDNAME>
     <ROLLNAME>/SCWM/LVS_LPTYP</ROLLNAME>
     <CHECKTABLE>/SCWM/T303</CHECKTABLE>
     <ADMINFIELD>0</ADMINFIELD>
     <SHLPORIGIN>P</SHLPORIGIN>
     <COMPTYPE>E</COMPTYPE>
    </DD03P>
    <DD03P>
     <FIELDNAME>STC_VLTYP</FIELDNAME>
     <ROLLNAME>/SCWM/LTAP_VLTYP</ROLLNAME>
     <CHECKTABLE>/SCWM/T301</CHECKTABLE>
     <ADMINFIELD>0</ADMINFIELD>
     <SHLPORIGIN>P</SHLPORIGIN>
     <COMPTYPE>E</COMPTYPE>
    </DD03P>
    <DD03P>
     <FIELDNAME>STC_VLBER</FIELDNAME>
     <ROLLNAME>/SCWM/LTAP_VLBER</ROLLNAME>
     <CHECKTABLE>/SCWM/T302</CHECKTABLE>
     <ADMINFIELD>0</ADMINFIELD>
     <SHLPORIGIN>P</SHLPORIGIN>
     <COMPTYPE>E</COMPTYPE>
    </DD03P>
    <DD03P>
     <FIELDNAME>STC_VLPLA</FIELDNAME>
     <ROLLNAME>/SCWM/LTAP_VLPLA</ROLLNAME>
     <CHECKTABLE>/SCWM/LAGP</CHECKTABLE>
     <ADMINFIELD>0</ADMINFIELD>
     <SHLPORIGIN>P</SHLPORIGIN>
     <COMPTYPE>E</COMPTYPE>
    </DD03P>
    <DD03P>
     <FIELDNAME>STC_NLTYP</FIELDNAME>
     <ROLLNAME>/SCWM/LTAP_NLTYP</ROLLNAME>
     <CHECKTABLE>/SCWM/T301</CHECKTABLE>
     <ADMINFIELD>0</ADMINFIELD>
     <SHLPORIGIN>P</SHLPORIGIN>
     <COMPTYPE>E</COMPTYPE>
    </DD03P>
    <DD03P>
     <FIELDNAME>STC_NLBER</FIELDNAME>
     <ROLLNAME>/SCWM/LTAP_NLBER</ROLLNAME>
     <CHECKTABLE>/SCWM/T302</CHECKTABLE>
     <ADMINFIELD>0</ADMINFIELD>
     <SHLPORIGIN>P</SHLPORIGIN>
     <COMPTYPE>E</COMPTYPE>
    </DD03P>
    <DD03P>
     <FIELDNAME>STC_NLPLA</FIELDNAME>
     <ROLLNAME>/SCWM/LTAP_NLPLA</ROLLNAME>
     <CHECKTABLE>/SCWM/LAGP</CHECKTABLE>
     <ADMINFIELD>0</ADMINFIELD>
     <SHLPORIGIN>P</SHLPORIGIN>
     <COMPTYPE>E</COMPTYPE>
    </DD03P>
    <DD03P>
     <FIELDNAME>STC_PROCTY</FIELDNAME>
     <ROLLNAME>/SCWM/DE_PROCTY</ROLLNAME>
     <CHECKTABLE>/SCWM/T333</CHECKTABLE>
     <ADMINFIELD>0</ADMINFIELD>
     <SHLPORIGIN>P</SHLPORIGIN>
     <COMPTYPE>E</COMPTYPE>
    </DD03P>
    <DD03P>
     <FIELDNAME>STC_SQUIT</FIELDNAME>
     <ROLLNAME>/SCWM/T333_SQUIT</ROLLNAME>
     <ADMINFIELD>0</ADMINFIELD>
     <VALEXI>X</VALEXI>
     <SHLPORIGIN>F</SHLPORIGIN>
     <COMPTYPE>E</COMPTYPE>
    </DD03P>
    <DD03P>
     <FIELDNAME>STC_FLGHUTO</FIELDNAME>
     <ROLLNAME>/SCWM/FLGHUTO</ROLLNAME>
     <ADMINFIELD>0</ADMINFIELD>
     <VALEXI>X</VALEXI>
     <SHLPORIGIN>F</SHLPORIGIN>
     <COMPTYPE>E</COMPTYPE>
    </DD03P>
    <DD03P>
     <FIELDNAME>STC_VALUE</FIELDNAME>
     <ROLLNAME>ZEWM_DE_BASE_PARAMS_VALUE</ROLLNAME>
     <ADMINFIELD>0</ADMINFIELD>
     <COMPTYPE>E</COMPTYPE>
    </DD03P>
   </DD03P_TABLE>
   <DD05M_TABLE>
    <DD05M>
     <FIELDNAME>STC_LGBER</FIELDNAME>
     <FORTABLE>SYST</FORTABLE>
     <FORKEY>MANDT</FORKEY>
     <CHECKTABLE>/SCWM/T302</CHECKTABLE>
     <CHECKFIELD>MANDT</CHECKFIELD>
     <PRIMPOS>0001</PRIMPOS>
     <DOMNAME>MANDT</DOMNAME>
     <DATATYPE>CLNT</DATATYPE>
    </DD05M>
    <DD05M>
     <FIELDNAME>STC_LGBER</FIELDNAME>
     <FORTABLE>*</FORTABLE>
     <CHECKTABLE>/SCWM/T302</CHECKTABLE>
     <CHECKFIELD>LGNUM</CHECKFIELD>
     <PRIMPOS>0002</PRIMPOS>
     <DOMNAME>/SCWM/LGNUM</DOMNAME>
     <DATATYPE>CHAR</DATATYPE>
    </DD05M>
    <DD05M>
     <FIELDNAME>STC_LGBER</FIELDNAME>
     <FORTABLE>ZEWM_S_BASE_PVAL_ATT</FORTABLE>
     <FORKEY>STC_LGTYP</FORKEY>
     <CHECKTABLE>/SCWM/T302</CHECKTABLE>
     <CHECKFIELD>LGTYP</CHECKFIELD>
     <PRIMPOS>0003</PRIMPOS>
     <DOMNAME>/SCWM/LGTYP</DOMNAME>
     <DATATYPE>CHAR</DATATYPE>
    </DD05M>
    <DD05M>
     <FIELDNAME>STC_LGBER</FIELDNAME>
     <FORTABLE>ZEWM_S_BASE_PVAL_ATT</FORTABLE>
     <FORKEY>STC_LGBER</FORKEY>
     <CHECKTABLE>/SCWM/T302</CHECKTABLE>
     <CHECKFIELD>LGBER</CHECKFIELD>
     <PRIMPOS>0004</PRIMPOS>
     <DOMNAME>/SCWM/LGBER</DOMNAME>
     <DATATYPE>CHAR</DATATYPE>
    </DD05M>
    <DD05M>
     <FIELDNAME>STC_LGPLA</FIELDNAME>
     <FORTABLE>SYST</FORTABLE>
     <FORKEY>MANDT</FORKEY>
     <CHECKTABLE>/SCWM/LAGP</CHECKTABLE>
     <CHECKFIELD>MANDT</CHECKFIELD>
     <PRIMPOS>0001</PRIMPOS>
     <DOMNAME>MANDT</DOMNAME>
     <DATATYPE>CLNT</DATATYPE>
    </DD05M>
    <DD05M>
     <FIELDNAME>STC_LGPLA</FIELDNAME>
     <FORTABLE>*</FORTABLE>
     <CHECKTABLE>/SCWM/LAGP</CHECKTABLE>
     <CHECKFIELD>LGNUM</CHECKFIELD>
     <PRIMPOS>0002</PRIMPOS>
     <DOMNAME>/SCWM/LGNUM</DOMNAME>
     <DATATYPE>CHAR</DATATYPE>
    </DD05M>
    <DD05M>
     <FIELDNAME>STC_LGPLA</FIELDNAME>
     <FORTABLE>ZEWM_S_BASE_PVAL_ATT</FORTABLE>
     <FORKEY>STC_LGPLA</FORKEY>
     <CHECKTABLE>/SCWM/LAGP</CHECKTABLE>
     <CHECKFIELD>LGPLA</CHECKFIELD>
     <PRIMPOS>0003</PRIMPOS>
     <DOMNAME>/SCWM/LGPLA</DOMNAME>
     <DATATYPE>CHAR</DATATYPE>
    </DD05M>
    <DD05M>
     <FIELDNAME>STC_LGTYP</FIELDNAME>
     <FORTABLE>SYST</FORTABLE>
     <FORKEY>MANDT</FORKEY>
     <CHECKTABLE>/SCWM/T301</CHECKTABLE>
     <CHECKFIELD>MANDT</CHECKFIELD>
     <PRIMPOS>0001</PRIMPOS>
     <DOMNAME>MANDT</DOMNAME>
     <DATATYPE>CLNT</DATATYPE>
    </DD05M>
    <DD05M>
     <FIELDNAME>STC_LGTYP</FIELDNAME>
     <FORTABLE>*</FORTABLE>
     <CHECKTABLE>/SCWM/T301</CHECKTABLE>
     <CHECKFIELD>LGNUM</CHECKFIELD>
     <PRIMPOS>0002</PRIMPOS>
     <DOMNAME>/SCWM/LGNUM</DOMNAME>
     <DATATYPE>CHAR</DATATYPE>
    </DD05M>
    <DD05M>
     <FIELDNAME>STC_LGTYP</FIELDNAME>
     <FORTABLE>ZEWM_S_BASE_PVAL_ATT</FORTABLE>
     <FORKEY>STC_LGTYP</FORKEY>
     <CHECKTABLE>/SCWM/T301</CHECKTABLE>
     <CHECKFIELD>LGTYP</CHECKFIELD>
     <PRIMPOS>0003</PRIMPOS>
     <DOMNAME>/SCWM/LGTYP</DOMNAME>
     <DATATYPE>CHAR</DATATYPE>
    </DD05M>
    <DD05M>
     <FIELDNAME>STC_LPTYP</FIELDNAME>
     <FORTABLE>SYST</FORTABLE>
     <FORKEY>MANDT</FORKEY>
     <CHECKTABLE>/SCWM/T303</CHECKTABLE>
     <CHECKFIELD>MANDT</CHECKFIELD>
     <PRIMPOS>0001</PRIMPOS>
     <DOMNAME>MANDT</DOMNAME>
     <DATATYPE>CLNT</DATATYPE>
    </DD05M>
    <DD05M>
     <FIELDNAME>STC_LPTYP</FIELDNAME>
     <FORTABLE>*</FORTABLE>
     <CHECKTABLE>/SCWM/T303</CHECKTABLE>
     <CHECKFIELD>LGNUM</CHECKFIELD>
     <PRIMPOS>0002</PRIMPOS>
     <DOMNAME>/SCWM/LGNUM</DOMNAME>
     <DATATYPE>CHAR</DATATYPE>
    </DD05M>
    <DD05M>
     <FIELDNAME>STC_LPTYP</FIELDNAME>
     <FORTABLE>ZEWM_S_BASE_PVAL_ATT</FORTABLE>
     <FORKEY>STC_LPTYP</FORKEY>
     <CHECKTABLE>/SCWM/T303</CHECKTABLE>
     <CHECKFIELD>LPTYP</CHECKFIELD>
     <PRIMPOS>0003</PRIMPOS>
     <DOMNAME>/SCWM/LVS_LPTYP</DOMNAME>
     <DATATYPE>CHAR</DATATYPE>
    </DD05M>
    <DD05M>
     <FIELDNAME>STC_NLBER</FIELDNAME>
     <FORTABLE>SYST</FORTABLE>
     <FORKEY>MANDT</FORKEY>
     <CHECKTABLE>/SCWM/T302</CHECKTABLE>
     <CHECKFIELD>MANDT</CHECKFIELD>
     <PRIMPOS>0001</PRIMPOS>
     <DOMNAME>MANDT</DOMNAME>
     <DATATYPE>CLNT</DATATYPE>
    </DD05M>
    <DD05M>
     <FIELDNAME>STC_NLBER</FIELDNAME>
     <FORTABLE>*</FORTABLE>
     <CHECKTABLE>/SCWM/T302</CHECKTABLE>
     <CHECKFIELD>LGNUM</CHECKFIELD>
     <PRIMPOS>0002</PRIMPOS>
     <DOMNAME>/SCWM/LGNUM</DOMNAME>
     <DATATYPE>CHAR</DATATYPE>
    </DD05M>
    <DD05M>
     <FIELDNAME>STC_NLBER</FIELDNAME>
     <FORTABLE>ZEWM_S_BASE_PVAL_ATT</FORTABLE>
     <FORKEY>STC_NLTYP</FORKEY>
     <CHECKTABLE>/SCWM/T302</CHECKTABLE>
     <CHECKFIELD>LGTYP</CHECKFIELD>
     <PRIMPOS>0003</PRIMPOS>
     <DOMNAME>/SCWM/LGTYP</DOMNAME>
     <DATATYPE>CHAR</DATATYPE>
    </DD05M>
    <DD05M>
     <FIELDNAME>STC_NLBER</FIELDNAME>
     <FORTABLE>ZEWM_S_BASE_PVAL_ATT</FORTABLE>
     <FORKEY>STC_NLBER</FORKEY>
     <CHECKTABLE>/SCWM/T302</CHECKTABLE>
     <CHECKFIELD>LGBER</CHECKFIELD>
     <PRIMPOS>0004</PRIMPOS>
     <DOMNAME>/SCWM/LGBER</DOMNAME>
     <DATATYPE>CHAR</DATATYPE>
    </DD05M>
    <DD05M>
     <FIELDNAME>STC_NLPLA</FIELDNAME>
     <FORTABLE>SYST</FORTABLE>
     <FORKEY>MANDT</FORKEY>
     <CHECKTABLE>/SCWM/LAGP</CHECKTABLE>
     <CHECKFIELD>MANDT</CHECKFIELD>
     <PRIMPOS>0001</PRIMPOS>
     <DOMNAME>MANDT</DOMNAME>
     <DATATYPE>CLNT</DATATYPE>
    </DD05M>
    <DD05M>
     <FIELDNAME>STC_NLPLA</FIELDNAME>
     <FORTABLE>*</FORTABLE>
     <CHECKTABLE>/SCWM/LAGP</CHECKTABLE>
     <CHECKFIELD>LGNUM</CHECKFIELD>
     <PRIMPOS>0002</PRIMPOS>
     <DOMNAME>/SCWM/LGNUM</DOMNAME>
     <DATATYPE>CHAR</DATATYPE>
    </DD05M>
    <DD05M>
     <FIELDNAME>STC_NLPLA</FIELDNAME>
     <FORTABLE>ZEWM_S_BASE_PVAL_ATT</FORTABLE>
     <FORKEY>STC_NLPLA</FORKEY>
     <CHECKTABLE>/SCWM/LAGP</CHECKTABLE>
     <CHECKFIELD>LGPLA</CHECKFIELD>
     <PRIMPOS>0003</PRIMPOS>
     <DOMNAME>/SCWM/LGPLA</DOMNAME>
     <DATATYPE>CHAR</DATATYPE>
    </DD05M>
    <DD05M>
     <FIELDNAME>STC_NLTYP</FIELDNAME>
     <FORTABLE>SYST</FORTABLE>
     <FORKEY>MANDT</FORKEY>
     <CHECKTABLE>/SCWM/T301</CHECKTABLE>
     <CHECKFIELD>MANDT</CHECKFIELD>
     <PRIMPOS>0001</PRIMPOS>
     <DOMNAME>MANDT</DOMNAME>
     <DATATYPE>CLNT</DATATYPE>
    </DD05M>
    <DD05M>
     <FIELDNAME>STC_NLTYP</FIELDNAME>
     <FORTABLE>*</FORTABLE>
     <CHECKTABLE>/SCWM/T301</CHECKTABLE>
     <CHECKFIELD>LGNUM</CHECKFIELD>
     <PRIMPOS>0002</PRIMPOS>
     <DOMNAME>/SCWM/LGNUM</DOMNAME>
     <DATATYPE>CHAR</DATATYPE>
    </DD05M>
    <DD05M>
     <FIELDNAME>STC_NLTYP</FIELDNAME>
     <FORTABLE>ZEWM_S_BASE_PVAL_ATT</FORTABLE>
     <FORKEY>STC_NLTYP</FORKEY>
     <CHECKTABLE>/SCWM/T301</CHECKTABLE>
     <CHECKFIELD>LGTYP</CHECKFIELD>
     <PRIMPOS>0003</PRIMPOS>
     <DOMNAME>/SCWM/LGTYP</DOMNAME>
     <DATATYPE>CHAR</DATATYPE>
    </DD05M>
    <DD05M>
     <FIELDNAME>STC_PROCTY</FIELDNAME>
     <FORTABLE>SYST</FORTABLE>
     <FORKEY>MANDT</FORKEY>
     <CHECKTABLE>/SCWM/T333</CHECKTABLE>
     <CHECKFIELD>MANDT</CHECKFIELD>
     <PRIMPOS>0001</PRIMPOS>
     <DOMNAME>MANDT</DOMNAME>
     <DATATYPE>CLNT</DATATYPE>
    </DD05M>
    <DD05M>
     <FIELDNAME>STC_PROCTY</FIELDNAME>
     <FORTABLE>*</FORTABLE>
     <CHECKTABLE>/SCWM/T333</CHECKTABLE>
     <CHECKFIELD>LGNUM</CHECKFIELD>
     <PRIMPOS>0002</PRIMPOS>
     <DOMNAME>/SCWM/LGNUM</DOMNAME>
     <DATATYPE>CHAR</DATATYPE>
    </DD05M>
    <DD05M>
     <FIELDNAME>STC_PROCTY</FIELDNAME>
     <FORTABLE>ZEWM_S_BASE_PVAL_ATT</FORTABLE>
     <FORKEY>STC_PROCTY</FORKEY>
     <CHECKTABLE>/SCWM/T333</CHECKTABLE>
     <CHECKFIELD>PROCTY</CHECKFIELD>
     <PRIMPOS>0003</PRIMPOS>
     <DOMNAME>/SCWM/DO_PROCTY</DOMNAME>
     <DATATYPE>CHAR</DATATYPE>
    </DD05M>
    <DD05M>
     <FIELDNAME>STC_VLBER</FIELDNAME>
     <FORTABLE>SYST</FORTABLE>
     <FORKEY>MANDT</FORKEY>
     <CHECKTABLE>/SCWM/T302</CHECKTABLE>
     <CHECKFIELD>MANDT</CHECKFIELD>
     <PRIMPOS>0001</PRIMPOS>
     <DOMNAME>MANDT</DOMNAME>
     <DATATYPE>CLNT</DATATYPE>
    </DD05M>
    <DD05M>
     <FIELDNAME>STC_VLBER</FIELDNAME>
     <FORTABLE>*</FORTABLE>
     <CHECKTABLE>/SCWM/T302</CHECKTABLE>
     <CHECKFIELD>LGNUM</CHECKFIELD>
     <PRIMPOS>0002</PRIMPOS>
     <DOMNAME>/SCWM/LGNUM</DOMNAME>
     <DATATYPE>CHAR</DATATYPE>
    </DD05M>
    <DD05M>
     <FIELDNAME>STC_VLBER</FIELDNAME>
     <FORTABLE>ZEWM_S_BASE_PVAL_ATT</FORTABLE>
     <FORKEY>STC_VLTYP</FORKEY>
     <CHECKTABLE>/SCWM/T302</CHECKTABLE>
     <CHECKFIELD>LGTYP</CHECKFIELD>
     <PRIMPOS>0003</PRIMPOS>
     <DOMNAME>/SCWM/LGTYP</DOMNAME>
     <DATATYPE>CHAR</DATATYPE>
    </DD05M>
    <DD05M>
     <FIELDNAME>STC_VLBER</FIELDNAME>
     <FORTABLE>ZEWM_S_BASE_PVAL_ATT</FORTABLE>
     <FORKEY>STC_VLBER</FORKEY>
     <CHECKTABLE>/SCWM/T302</CHECKTABLE>
     <CHECKFIELD>LGBER</CHECKFIELD>
     <PRIMPOS>0004</PRIMPOS>
     <DOMNAME>/SCWM/LGBER</DOMNAME>
     <DATATYPE>CHAR</DATATYPE>
    </DD05M>
    <DD05M>
     <FIELDNAME>STC_VLPLA</FIELDNAME>
     <FORTABLE>SYST</FORTABLE>
     <FORKEY>MANDT</FORKEY>
     <CHECKTABLE>/SCWM/LAGP</CHECKTABLE>
     <CHECKFIELD>MANDT</CHECKFIELD>
     <PRIMPOS>0001</PRIMPOS>
     <DOMNAME>MANDT</DOMNAME>
     <DATATYPE>CLNT</DATATYPE>
    </DD05M>
    <DD05M>
     <FIELDNAME>STC_VLPLA</FIELDNAME>
     <FORTABLE>*</FORTABLE>
     <CHECKTABLE>/SCWM/LAGP</CHECKTABLE>
     <CHECKFIELD>LGNUM</CHECKFIELD>
     <PRIMPOS>0002</PRIMPOS>
     <DOMNAME>/SCWM/LGNUM</DOMNAME>
     <DATATYPE>CHAR</DATATYPE>
    </DD05M>
    <DD05M>
     <FIELDNAME>STC_VLPLA</FIELDNAME>
     <FORTABLE>ZEWM_S_BASE_PVAL_ATT</FORTABLE>
     <FORKEY>STC_VLPLA</FORKEY>
     <CHECKTABLE>/SCWM/LAGP</CHECKTABLE>
     <CHECKFIELD>LGPLA</CHECKFIELD>
     <PRIMPOS>0003</PRIMPOS>
     <DOMNAME>/SCWM/LGPLA</DOMNAME>
     <DATATYPE>CHAR</DATATYPE>
    </DD05M>
    <DD05M>
     <FIELDNAME>STC_VLTYP</FIELDNAME>
     <FORTABLE>SYST</FORTABLE>
     <FORKEY>MANDT</FORKEY>
     <CHECKTABLE>/SCWM/T301</CHECKTABLE>
     <CHECKFIELD>MANDT</CHECKFIELD>
     <PRIMPOS>0001</PRIMPOS>
     <DOMNAME>MANDT</DOMNAME>
     <DATATYPE>CLNT</DATATYPE>
    </DD05M>
    <DD05M>
     <FIELDNAME>STC_VLTYP</FIELDNAME>
     <FORTABLE>*</FORTABLE>
     <CHECKTABLE>/SCWM/T301</CHECKTABLE>
     <CHECKFIELD>LGNUM</CHECKFIELD>
     <PRIMPOS>0002</PRIMPOS>
     <DOMNAME>/SCWM/LGNUM</DOMNAME>
     <DATATYPE>CHAR</DATATYPE>
    </DD05M>
    <DD05M>
     <FIELDNAME>STC_VLTYP</FIELDNAME>
     <FORTABLE>ZEWM_S_BASE_PVAL_ATT</FORTABLE>
     <FORKEY>STC_VLTYP</FORKEY>
     <CHECKTABLE>/SCWM/T301</CHECKTABLE>
     <CHECKFIELD>LGTYP</CHECKFIELD>
     <PRIMPOS>0003</PRIMPOS>
     <DOMNAME>/SCWM/LGTYP</DOMNAME>
     <DATATYPE>CHAR</DATATYPE>
    </DD05M>
   </DD05M_TABLE>
   <DD08V_TABLE>
    <DD08V>
     <FIELDNAME>STC_LGBER</FIELDNAME>
     <CHECKTABLE>/SCWM/T302</CHECKTABLE>
     <CLASFIELD>*</CLASFIELD>
    </DD08V>
    <DD08V>
     <FIELDNAME>STC_LGPLA</FIELDNAME>
     <CHECKTABLE>/SCWM/LAGP</CHECKTABLE>
     <CLASFIELD>*</CLASFIELD>
    </DD08V>
    <DD08V>
     <FIELDNAME>STC_LGTYP</FIELDNAME>
     <CHECKTABLE>/SCWM/T301</CHECKTABLE>
     <CLASFIELD>*</CLASFIELD>
    </DD08V>
    <DD08V>
     <FIELDNAME>STC_LPTYP</FIELDNAME>
     <CHECKTABLE>/SCWM/T303</CHECKTABLE>
     <CLASFIELD>*</CLASFIELD>
    </DD08V>
    <DD08V>
     <FIELDNAME>STC_NLBER</FIELDNAME>
     <CHECKTABLE>/SCWM/T302</CHECKTABLE>
     <CLASFIELD>*</CLASFIELD>
    </DD08V>
    <DD08V>
     <FIELDNAME>STC_NLPLA</FIELDNAME>
     <CHECKTABLE>/SCWM/LAGP</CHECKTABLE>
     <CLASFIELD>*</CLASFIELD>
    </DD08V>
    <DD08V>
     <FIELDNAME>STC_NLTYP</FIELDNAME>
     <CHECKTABLE>/SCWM/T301</CHECKTABLE>
     <CLASFIELD>*</CLASFIELD>
    </DD08V>
    <DD08V>
     <FIELDNAME>STC_PROCTY</FIELDNAME>
     <CHECKTABLE>/SCWM/T333</CHECKTABLE>
     <CLASFIELD>*</CLASFIELD>
    </DD08V>
    <DD08V>
     <FIELDNAME>STC_VLBER</FIELDNAME>
     <CHECKTABLE>/SCWM/T302</CHECKTABLE>
     <CLASFIELD>*</CLASFIELD>
    </DD08V>
    <DD08V>
     <FIELDNAME>STC_VLPLA</FIELDNAME>
     <CHECKTABLE>/SCWM/LAGP</CHECKTABLE>
     <CLASFIELD>*</CLASFIELD>
    </DD08V>
    <DD08V>
     <FIELDNAME>STC_VLTYP</FIELDNAME>
     <CHECKTABLE>/SCWM/T301</CHECKTABLE>
     <CLASFIELD>*</CLASFIELD>
    </DD08V>
   </DD08V_TABLE>
  </asx:values>
 </asx:abap>
</abapGit>
