﻿<?xml version="1.0" encoding="utf-8"?>
<abapGit version="v1.0.0" serializer="LCL_OBJECT_VIEW" serializer_version="v1.0.0">
 <asx:abap xmlns:asx="http://www.sap.com/abapxml" version="1.0">
  <asx:values>
   <DD25V>
    <VIEWNAME>ZEWM_V_PKEY</VIEWNAME>
    <AS4LOCAL>A</AS4LOCAL>
    <DDLANGUAGE>E</DDLANGUAGE>
    <AGGTYPE>V</AGGTYPE>
    <ROOTTAB>ZEWM_T_PKEY</ROOTTAB>
    <DDTEXT>Parameter Definition: Header</DDTEXT>
    <VIEWCLASS>C</VIEWCLASS>
    <CUSTOMAUTH>C</CUSTOMAUTH>
    <GLOBALFLAG>X</GLOBALFLAG>
   </DD25V>
   <DD26V_TABLE>
    <DD26V>
     <VIEWNAME>ZEWM_V_PKEY</VIEWNAME>
     <TABNAME>ZEWM_T_PKEY</TABNAME>
     <TABPOS>0001</TABPOS>
     <FORTABNAME>ZEWM_T_PKEY</FORTABNAME>
    </DD26V>
    <DD26V>
     <VIEWNAME>ZEWM_V_PKEY</VIEWNAME>
     <TABNAME>ZEWM_T_PKEYT</TABNAME>
     <TABPOS>0002</TABPOS>
     <FORTABNAME>ZEWM_T_PKEY</FORTABNAME>
     <FORFIELD>KEYNAM</FORFIELD>
     <FORDIR>I</FORDIR>
    </DD26V>
   </DD26V_TABLE>
   <DD27P_TABLE>
    <DD27P>
     <VIEWFIELD>MANDT</VIEWFIELD>
     <TABNAME>ZEWM_T_PKEY</TABNAME>
     <FIELDNAME>MANDT</FIELDNAME>
     <KEYFLAG>X</KEYFLAG>
     <RDONLY>H</RDONLY>
    </DD27P>
    <DD27P>
     <VIEWFIELD>KEYNAM</VIEWFIELD>
     <TABNAME>ZEWM_T_PKEY</TABNAME>
     <FIELDNAME>KEYNAM</FIELDNAME>
     <KEYFLAG>X</KEYFLAG>
    </DD27P>
    <DD27P>
     <VIEWFIELD>KEYTXT</VIEWFIELD>
     <TABNAME>ZEWM_T_PKEYT</TABNAME>
     <FIELDNAME>KEYTXT</FIELDNAME>
    </DD27P>
    <DD27P>
     <VIEWFIELD>FLG_LGTYP</VIEWFIELD>
     <TABNAME>ZEWM_T_PKEY</TABNAME>
     <FIELDNAME>FLG_LGTYP</FIELDNAME>
     <SHLPORIGIN>F</SHLPORIGIN>
     <VALEXI>X</VALEXI>
    </DD27P>
    <DD27P>
     <VIEWFIELD>FLG_LGBER</VIEWFIELD>
     <TABNAME>ZEWM_T_PKEY</TABNAME>
     <FIELDNAME>FLG_LGBER</FIELDNAME>
     <SHLPORIGIN>F</SHLPORIGIN>
     <VALEXI>X</VALEXI>
    </DD27P>
    <DD27P>
     <VIEWFIELD>FLG_LGPLA</VIEWFIELD>
     <TABNAME>ZEWM_T_PKEY</TABNAME>
     <FIELDNAME>FLG_LGPLA</FIELDNAME>
     <SHLPORIGIN>F</SHLPORIGIN>
     <VALEXI>X</VALEXI>
    </DD27P>
    <DD27P>
     <VIEWFIELD>FLG_LPTYP</VIEWFIELD>
     <TABNAME>ZEWM_T_PKEY</TABNAME>
     <FIELDNAME>FLG_LPTYP</FIELDNAME>
     <SHLPORIGIN>F</SHLPORIGIN>
     <VALEXI>X</VALEXI>
    </DD27P>
    <DD27P>
     <VIEWFIELD>FLG_VLTYP</VIEWFIELD>
     <TABNAME>ZEWM_T_PKEY</TABNAME>
     <FIELDNAME>FLG_VLTYP</FIELDNAME>
     <SHLPORIGIN>F</SHLPORIGIN>
     <VALEXI>X</VALEXI>
    </DD27P>
    <DD27P>
     <VIEWFIELD>FLG_VLBER</VIEWFIELD>
     <TABNAME>ZEWM_T_PKEY</TABNAME>
     <FIELDNAME>FLG_VLBER</FIELDNAME>
     <SHLPORIGIN>F</SHLPORIGIN>
     <VALEXI>X</VALEXI>
    </DD27P>
    <DD27P>
     <VIEWFIELD>FLG_VLPLA</VIEWFIELD>
     <TABNAME>ZEWM_T_PKEY</TABNAME>
     <FIELDNAME>FLG_VLPLA</FIELDNAME>
     <SHLPORIGIN>F</SHLPORIGIN>
     <VALEXI>X</VALEXI>
    </DD27P>
    <DD27P>
     <VIEWFIELD>FLG_NLTYP</VIEWFIELD>
     <TABNAME>ZEWM_T_PKEY</TABNAME>
     <FIELDNAME>FLG_NLTYP</FIELDNAME>
     <SHLPORIGIN>F</SHLPORIGIN>
     <VALEXI>X</VALEXI>
    </DD27P>
    <DD27P>
     <VIEWFIELD>FLG_NLBER</VIEWFIELD>
     <TABNAME>ZEWM_T_PKEY</TABNAME>
     <FIELDNAME>FLG_NLBER</FIELDNAME>
     <SHLPORIGIN>F</SHLPORIGIN>
     <VALEXI>X</VALEXI>
    </DD27P>
    <DD27P>
     <VIEWFIELD>FLG_NLPLA</VIEWFIELD>
     <TABNAME>ZEWM_T_PKEY</TABNAME>
     <FIELDNAME>FLG_NLPLA</FIELDNAME>
     <SHLPORIGIN>F</SHLPORIGIN>
     <VALEXI>X</VALEXI>
    </DD27P>
    <DD27P>
     <VIEWFIELD>FLG_PROCTY</VIEWFIELD>
     <TABNAME>ZEWM_T_PKEY</TABNAME>
     <FIELDNAME>FLG_PROCTY</FIELDNAME>
     <SHLPORIGIN>F</SHLPORIGIN>
     <VALEXI>X</VALEXI>
    </DD27P>
    <DD27P>
     <VIEWFIELD>FLG_SQUIT</VIEWFIELD>
     <TABNAME>ZEWM_T_PKEY</TABNAME>
     <FIELDNAME>FLG_SQUIT</FIELDNAME>
     <SHLPORIGIN>F</SHLPORIGIN>
     <VALEXI>X</VALEXI>
    </DD27P>
    <DD27P>
     <VIEWFIELD>FLG_FLGHUTO</VIEWFIELD>
     <TABNAME>ZEWM_T_PKEY</TABNAME>
     <FIELDNAME>FLG_FLGHUTO</FIELDNAME>
     <SHLPORIGIN>F</SHLPORIGIN>
     <VALEXI>X</VALEXI>
    </DD27P>
    <DD27P>
     <VIEWFIELD>FLG_VALUE</VIEWFIELD>
     <TABNAME>ZEWM_T_PKEY</TABNAME>
     <FIELDNAME>FLG_VALUE</FIELDNAME>
     <SHLPORIGIN>F</SHLPORIGIN>
     <VALEXI>X</VALEXI>
    </DD27P>
   </DD27P_TABLE>
   <DD28J_TABLE>
    <DD28J>
     <VIEWNAME>ZEWM_V_PKEY</VIEWNAME>
     <LTAB>ZEWM_T_PKEY</LTAB>
     <LFIELD>MANDT</LFIELD>
     <OPERATOR>EQ</OPERATOR>
     <RTAB>ZEWM_T_PKEYT</RTAB>
     <RFIELD>MANDT</RFIELD>
     <SOURCE>F</SOURCE>
     <FRKTAB>ZEWM_T_PKEYT</FRKTAB>
     <FRKFIELD>KEYNAM</FRKFIELD>
     <FRKDIR>I</FRKDIR>
    </DD28J>
    <DD28J>
     <VIEWNAME>ZEWM_V_PKEY</VIEWNAME>
     <LTAB>ZEWM_T_PKEY</LTAB>
     <LFIELD>KEYNAM</LFIELD>
     <OPERATOR>EQ</OPERATOR>
     <RTAB>ZEWM_T_PKEYT</RTAB>
     <RFIELD>KEYNAM</RFIELD>
     <SOURCE>F</SOURCE>
     <FRKTAB>ZEWM_T_PKEYT</FRKTAB>
     <FRKFIELD>KEYNAM</FRKFIELD>
     <FRKDIR>I</FRKDIR>
    </DD28J>
   </DD28J_TABLE>
   <TABL_EXTRAS>
    <TDDAT>
     <TABNAME>ZEWM_V_PKEY</TABNAME>
     <CCLASS>&amp;NC&amp;</CCLASS>
    </TDDAT>
   </TABL_EXTRAS>
  </asx:values>
 </asx:abap>
</abapGit>
