﻿<?xml version="1.0" encoding="utf-8"?>
<abapGit version="v1.0.0" serializer="LCL_OBJECT_TABL" serializer_version="v1.0.0">
 <asx:abap xmlns:asx="http://www.sap.com/abapxml" version="1.0">
  <asx:values>
   <DD02V>
    <TABNAME>ZEWM_T_BASE_TUGU</TABNAME>
    <DDLANGUAGE>E</DDLANGUAGE>
    <TABCLASS>TRANSP</TABCLASS>
    <CLIDEP>X</CLIDEP>
    <DDTEXT>Table TU for Guide</DDTEXT>
    <CONTFLAG>C</CONTFLAG>
    <EXCLASS>2</EXCLASS>
   </DD02V>
   <DD09L>
    <TABNAME>ZEWM_T_BASE_TUGU</TABNAME>
    <AS4LOCAL>A</AS4LOCAL>
    <TABKAT>0</TABKAT>
    <TABART>APPL0</TABART>
    <BUFALLOW>N</BUFALLOW>
   </DD09L>
   <DD03P_TABLE>
    <DD03P>
     <FIELDNAME>MANDT</FIELDNAME>
     <KEYFLAG>X</KEYFLAG>
     <ROLLNAME>MANDT</ROLLNAME>
     <CHECKTABLE>T000</CHECKTABLE>
     <ADMINFIELD>0</ADMINFIELD>
     <NOTNULL>X</NOTNULL>
     <SHLPORIGIN>P</SHLPORIGIN>
     <COMPTYPE>E</COMPTYPE>
    </DD03P>
    <DD03P>
     <FIELDNAME>LGNUM</FIELDNAME>
     <KEYFLAG>X</KEYFLAG>
     <ROLLNAME>/SCWM/LGNUM</ROLLNAME>
     <CHECKTABLE>/SCWM/T300</CHECKTABLE>
     <ADMINFIELD>0</ADMINFIELD>
     <NOTNULL>X</NOTNULL>
     <SHLPORIGIN>P</SHLPORIGIN>
     <SHLPNAME>/SCWM/SH_LGNUM</SHLPNAME>
     <SHLPFIELD>LGNUM</SHLPFIELD>
     <COMPTYPE>E</COMPTYPE>
    </DD03P>
    <DD03P>
     <FIELDNAME>TU_NUM</FIELDNAME>
     <KEYFLAG>X</KEYFLAG>
     <ROLLNAME>/SCWM/DE_TU_NUM</ROLLNAME>
     <CHECKTABLE>/SCWM/TUNIT</CHECKTABLE>
     <ADMINFIELD>0</ADMINFIELD>
     <NOTNULL>X</NOTNULL>
     <SHLPORIGIN>P</SHLPORIGIN>
     <COMPTYPE>E</COMPTYPE>
    </DD03P>
    <DD03P>
     <FIELDNAME>ERP_DOCNO</FIELDNAME>
     <KEYFLAG>X</KEYFLAG>
     <ROLLNAME>VBELN_VL</ROLLNAME>
     <ADMINFIELD>0</ADMINFIELD>
     <NOTNULL>X</NOTNULL>
     <COMPTYPE>E</COMPTYPE>
    </DD03P>
    <DD03P>
     <FIELDNAME>SEQ_NUM</FIELDNAME>
     <KEYFLAG>X</KEYFLAG>
     <ROLLNAME>ZEWM_DE_BASE_ID_GUIA</ROLLNAME>
     <ADMINFIELD>0</ADMINFIELD>
     <NOTNULL>X</NOTNULL>
     <COMPTYPE>E</COMPTYPE>
    </DD03P>
    <DD03P>
     <FIELDNAME>GUIA</FIELDNAME>
     <ROLLNAME>ZEWM_DE_BASE_GUIA</ROLLNAME>
     <ADMINFIELD>0</ADMINFIELD>
     <COMPTYPE>E</COMPTYPE>
    </DD03P>
    <DD03P>
     <FIELDNAME>PARTYNO</FIELDNAME>
     <ROLLNAME>/SCWM/DE_SHIP_TO</ROLLNAME>
     <ADMINFIELD>0</ADMINFIELD>
     <SHLPORIGIN>D</SHLPORIGIN>
     <COMPTYPE>E</COMPTYPE>
    </DD03P>
   </DD03P_TABLE>
   <DD05M_TABLE>
    <DD05M>
     <FIELDNAME>LGNUM</FIELDNAME>
     <FORTABLE>ZEWM_T_BASE_TUGU</FORTABLE>
     <FORKEY>MANDT</FORKEY>
     <CHECKTABLE>/SCWM/T300</CHECKTABLE>
     <CHECKFIELD>MANDT</CHECKFIELD>
     <PRIMPOS>0001</PRIMPOS>
     <DOMNAME>MANDT</DOMNAME>
     <DATATYPE>CLNT</DATATYPE>
    </DD05M>
    <DD05M>
     <FIELDNAME>LGNUM</FIELDNAME>
     <FORTABLE>ZEWM_T_BASE_TUGU</FORTABLE>
     <FORKEY>LGNUM</FORKEY>
     <CHECKTABLE>/SCWM/T300</CHECKTABLE>
     <CHECKFIELD>LGNUM</CHECKFIELD>
     <PRIMPOS>0002</PRIMPOS>
     <DOMNAME>/SCWM/LGNUM</DOMNAME>
     <DATATYPE>CHAR</DATATYPE>
    </DD05M>
    <DD05M>
     <FIELDNAME>MANDT</FIELDNAME>
     <FORTABLE>ZEWM_T_BASE_TUGU</FORTABLE>
     <FORKEY>MANDT</FORKEY>
     <CHECKTABLE>T000</CHECKTABLE>
     <CHECKFIELD>MANDT</CHECKFIELD>
     <PRIMPOS>0001</PRIMPOS>
     <DOMNAME>MANDT</DOMNAME>
     <DATATYPE>CLNT</DATATYPE>
    </DD05M>
    <DD05M>
     <FIELDNAME>TU_NUM</FIELDNAME>
     <FORTABLE>ZEWM_T_BASE_TUGU</FORTABLE>
     <FORKEY>MANDT</FORKEY>
     <CHECKTABLE>/SCWM/TUNIT</CHECKTABLE>
     <CHECKFIELD>MANDT</CHECKFIELD>
     <PRIMPOS>0001</PRIMPOS>
     <DOMNAME>MANDT</DOMNAME>
     <DATATYPE>CLNT</DATATYPE>
    </DD05M>
    <DD05M>
     <FIELDNAME>TU_NUM</FIELDNAME>
     <FORTABLE>ZEWM_T_BASE_TUGU</FORTABLE>
     <FORKEY>TU_NUM</FORKEY>
     <CHECKTABLE>/SCWM/TUNIT</CHECKTABLE>
     <CHECKFIELD>TU_NUM</CHECKFIELD>
     <PRIMPOS>0002</PRIMPOS>
     <DOMNAME>/SCWM/DO_TU_NUM</DOMNAME>
     <DATATYPE>CHAR</DATATYPE>
    </DD05M>
   </DD05M_TABLE>
   <DD08V_TABLE>
    <DD08V>
     <FIELDNAME>LGNUM</FIELDNAME>
     <CHECKTABLE>/SCWM/T300</CHECKTABLE>
    </DD08V>
    <DD08V>
     <FIELDNAME>MANDT</FIELDNAME>
     <CHECKTABLE>T000</CHECKTABLE>
    </DD08V>
    <DD08V>
     <FIELDNAME>TU_NUM</FIELDNAME>
     <CHECKTABLE>/SCWM/TUNIT</CHECKTABLE>
    </DD08V>
   </DD08V_TABLE>
  </asx:values>
 </asx:abap>
</abapGit>
