﻿<?xml version="1.0" encoding="utf-8"?>
<abapGit version="v1.0.0" serializer="LCL_OBJECT_DTEL" serializer_version="v1.0.0">
 <asx:abap xmlns:asx="http://www.sap.com/abapxml" version="1.0">
  <asx:values>
   <DD04V>
    <ROLLNAME>ZEWM_DE_BASE_PARAMS_FILTER</ROLLNAME>
    <DDLANGUAGE>E</DDLANGUAGE>
    <DOMNAME>ZEWM_DO_BASE_PARAMS_FILTER</DOMNAME>
    <HEADLEN>55</HEADLEN>
    <SCRLEN1>10</SCRLEN1>
    <SCRLEN2>20</SCRLEN2>
    <SCRLEN3>40</SCRLEN3>
    <DDTEXT>Parameter Dynamic Filter</DDTEXT>
    <REPTEXT>Filter</REPTEXT>
    <SCRTEXT_S>Filter</SCRTEXT_S>
    <SCRTEXT_M>Enh Filter</SCRTEXT_M>
    <SCRTEXT_L>Dynamic Value</SCRTEXT_L>
    <DTELMASTER>E</DTELMASTER>
    <REFKIND>D</REFKIND>
   </DD04V>
   <I18N_LANGS>
    <LANGU>S</LANGU>
   </I18N_LANGS>
   <DD04_TEXTS>
    <item>
     <DDLANGUAGE>S</DDLANGUAGE>
     <DDTEXT>Paramatero Filtro Dinamico</DDTEXT>
     <REPTEXT>Filtro</REPTEXT>
     <SCRTEXT_S>Filtro</SCRTEXT_S>
     <SCRTEXT_M>Filtro Enh.</SCRTEXT_M>
     <SCRTEXT_L>Valor Dinam Filtro</SCRTEXT_L>
    </item>
   </DD04_TEXTS>
  </asx:values>
 </asx:abap>
</abapGit>
