﻿<?xml version="1.0" encoding="utf-8"?>
<abapGit version="v1.0.0" serializer="LCL_OBJECT_TABL" serializer_version="v1.0.0">
 <asx:abap xmlns:asx="http://www.sap.com/abapxml" version="1.0">
  <asx:values>
   <DD02V>
    <TABNAME>ZEWM_S_BASE_PVAL_KEY</TABNAME>
    <DDLANGUAGE>E</DDLANGUAGE>
    <TABCLASS>INTTAB</TABCLASS>
    <DDTEXT>Parameter Value Key</DDTEXT>
    <EXCLASS>1</EXCLASS>
   </DD02V>
   <DD03P_TABLE>
    <DD03P>
     <FIELDNAME>MANDT</FIELDNAME>
     <ROLLNAME>MANDT</ROLLNAME>
     <CHECKTABLE>T000</CHECKTABLE>
     <ADMINFIELD>0</ADMINFIELD>
     <SHLPORIGIN>P</SHLPORIGIN>
     <COMPTYPE>E</COMPTYPE>
    </DD03P>
    <DD03P>
     <FIELDNAME>LGNUM</FIELDNAME>
     <ROLLNAME>/SCWM/LGNUM</ROLLNAME>
     <CHECKTABLE>/SCWM/T300</CHECKTABLE>
     <ADMINFIELD>0</ADMINFIELD>
     <SHLPORIGIN>P</SHLPORIGIN>
     <SHLPNAME>/SCWM/SH_LGNUM</SHLPNAME>
     <SHLPFIELD>LGNUM</SHLPFIELD>
     <COMPTYPE>E</COMPTYPE>
    </DD03P>
    <DD03P>
     <FIELDNAME>KEYNAM</FIELDNAME>
     <ROLLNAME>ZEWM_DE_BASE_PARAMS_KEYNAM</ROLLNAME>
     <CHECKTABLE>ZEWM_T_PKEY</CHECKTABLE>
     <ADMINFIELD>0</ADMINFIELD>
     <SHLPORIGIN>P</SHLPORIGIN>
     <COMPTYPE>E</COMPTYPE>
    </DD03P>
    <DD03P>
     <FIELDNAME>KEYNUM</FIELDNAME>
     <ROLLNAME>ZEWM_DE_BASE_PARAMS_KEYNUM</ROLLNAME>
     <ADMINFIELD>0</ADMINFIELD>
     <COMPTYPE>E</COMPTYPE>
    </DD03P>
   </DD03P_TABLE>
   <DD05M_TABLE>
    <DD05M>
     <FIELDNAME>KEYNAM</FIELDNAME>
     <FORTABLE>ZEWM_S_BASE_PVAL_KEY</FORTABLE>
     <FORKEY>MANDT</FORKEY>
     <CHECKTABLE>ZEWM_T_PKEY</CHECKTABLE>
     <CHECKFIELD>MANDT</CHECKFIELD>
     <PRIMPOS>0001</PRIMPOS>
     <DOMNAME>MANDT</DOMNAME>
     <DATATYPE>CLNT</DATATYPE>
    </DD05M>
    <DD05M>
     <FIELDNAME>KEYNAM</FIELDNAME>
     <FORTABLE>ZEWM_S_BASE_PVAL_KEY</FORTABLE>
     <FORKEY>KEYNAM</FORKEY>
     <CHECKTABLE>ZEWM_T_PKEY</CHECKTABLE>
     <CHECKFIELD>KEYNAM</CHECKFIELD>
     <PRIMPOS>0002</PRIMPOS>
     <DOMNAME>ZEWM_DO_BASE_PARAMS_KEYNAM</DOMNAME>
     <DATATYPE>CHAR</DATATYPE>
    </DD05M>
    <DD05M>
     <FIELDNAME>LGNUM</FIELDNAME>
     <FORTABLE>ZEWM_S_BASE_PVAL_KEY</FORTABLE>
     <FORKEY>MANDT</FORKEY>
     <CHECKTABLE>/SCWM/T300</CHECKTABLE>
     <CHECKFIELD>MANDT</CHECKFIELD>
     <PRIMPOS>0001</PRIMPOS>
     <DOMNAME>MANDT</DOMNAME>
     <DATATYPE>CLNT</DATATYPE>
    </DD05M>
    <DD05M>
     <FIELDNAME>LGNUM</FIELDNAME>
     <FORTABLE>ZEWM_S_BASE_PVAL_KEY</FORTABLE>
     <FORKEY>LGNUM</FORKEY>
     <CHECKTABLE>/SCWM/T300</CHECKTABLE>
     <CHECKFIELD>LGNUM</CHECKFIELD>
     <PRIMPOS>0002</PRIMPOS>
     <DOMNAME>/SCWM/LGNUM</DOMNAME>
     <DATATYPE>CHAR</DATATYPE>
    </DD05M>
    <DD05M>
     <FIELDNAME>MANDT</FIELDNAME>
     <FORTABLE>ZEWM_S_BASE_PVAL_KEY</FORTABLE>
     <FORKEY>MANDT</FORKEY>
     <CHECKTABLE>T000</CHECKTABLE>
     <CHECKFIELD>MANDT</CHECKFIELD>
     <PRIMPOS>0001</PRIMPOS>
     <DOMNAME>MANDT</DOMNAME>
     <DATATYPE>CLNT</DATATYPE>
    </DD05M>
   </DD05M_TABLE>
   <DD08V_TABLE>
    <DD08V>
     <FIELDNAME>KEYNAM</FIELDNAME>
     <CHECKTABLE>ZEWM_T_PKEY</CHECKTABLE>
     <FRKART>KEY</FRKART>
     <CARD>CN</CARD>
     <CARDLEFT>1</CARDLEFT>
    </DD08V>
    <DD08V>
     <FIELDNAME>LGNUM</FIELDNAME>
     <CHECKTABLE>/SCWM/T300</CHECKTABLE>
     <FRKART>KEY</FRKART>
    </DD08V>
    <DD08V>
     <FIELDNAME>MANDT</FIELDNAME>
     <CHECKTABLE>T000</CHECKTABLE>
    </DD08V>
   </DD08V_TABLE>
  </asx:values>
 </asx:abap>
</abapGit>
