﻿<?xml version="1.0" encoding="utf-8"?>
<abapGit version="v1.0.0" serializer="LCL_OBJECT_DTEL" serializer_version="v1.0.0">
 <asx:abap xmlns:asx="http://www.sap.com/abapxml" version="1.0">
  <asx:values>
   <DD04V>
    <ROLLNAME>ZEWM_DE_BASE_PARAMS_F_NLTYP</ROLLNAME>
    <DDLANGUAGE>E</DDLANGUAGE>
    <DOMNAME>XFELD</DOMNAME>
    <HEADLEN>55</HEADLEN>
    <SCRLEN1>10</SCRLEN1>
    <SCRLEN2>20</SCRLEN2>
    <SCRLEN3>40</SCRLEN3>
    <DDTEXT>Parameters Flag: Destination Storage Type</DDTEXT>
    <REPTEXT>Fg.DesSTyp</REPTEXT>
    <SCRTEXT_S>Fg.DesSTyp</SCRTEXT_S>
    <SCRTEXT_M>Fg.Dest. Stor. Ty.</SCRTEXT_M>
    <SCRTEXT_L>Flag Dest. Storage Type</SCRTEXT_L>
    <DTELMASTER>E</DTELMASTER>
    <REFKIND>D</REFKIND>
   </DD04V>
   <I18N_LANGS>
    <LANGU>S</LANGU>
   </I18N_LANGS>
   <DD04_TEXTS>
    <item>
     <DDLANGUAGE>S</DDLANGUAGE>
     <DDTEXT>Flag Almacen Destino</DDTEXT>
     <REPTEXT>Flg Almacen Destino</REPTEXT>
     <SCRTEXT_S>FgAlmDest</SCRTEXT_S>
     <SCRTEXT_M>Fg Alm Dest</SCRTEXT_M>
     <SCRTEXT_L>Flg Almacen Destino</SCRTEXT_L>
    </item>
   </DD04_TEXTS>
  </asx:values>
 </asx:abap>
</abapGit>
