﻿<?xml version="1.0" encoding="utf-8"?>
<abapGit version="v1.0.0" serializer="LCL_OBJECT_MSAG" serializer_version="v1.0.0">
 <asx:abap xmlns:asx="http://www.sap.com/abapxml" version="1.0">
  <asx:values>
   <T100A>
    <ARBGB>ZEWM_BASE_CANCEL</ARBGB>
    <MASTERLANG>E</MASTERLANG>
    <STEXT>DB Messages for cancel picking</STEXT>
   </T100A>
   <T100>
    <T100>
     <SPRSL>E</SPRSL>
     <ARBGB>ZEWM_BASE_CANCEL</ARBGB>
     <MSGNR>000</MSGNR>
     <TEXT>&amp;1 &amp;2 &amp;3 &amp;4</TEXT>
    </T100>
    <T100>
     <SPRSL>E</SPRSL>
     <ARBGB>ZEWM_BASE_CANCEL</ARBGB>
     <MSGNR>001</MSGNR>
     <TEXT>No cancelation of picking for HU &amp;1 needed.</TEXT>
    </T100>
    <T100>
     <SPRSL>E</SPRSL>
     <ARBGB>ZEWM_BASE_CANCEL</ARBGB>
     <MSGNR>002</MSGNR>
     <TEXT>Cancel picking for HU &amp;1</TEXT>
    </T100>
    <T100>
     <SPRSL>E</SPRSL>
     <ARBGB>ZEWM_BASE_CANCEL</ARBGB>
     <MSGNR>003</MSGNR>
     <TEXT>Cancelation of picking for HU &amp;1 was rejected. &amp;2</TEXT>
    </T100>
    <T100>
     <SPRSL>E</SPRSL>
     <ARBGB>ZEWM_BASE_CANCEL</ARBGB>
     <MSGNR>004</MSGNR>
     <TEXT>Picking of HU &amp;1 was canceled</TEXT>
    </T100>
   </T100>
  </asx:values>
 </asx:abap>
</abapGit>
