﻿<?xml version="1.0" encoding="utf-8"?>
<abapGit version="v1.0.0" serializer="LCL_OBJECT_TOBJ" serializer_version="v1.0.0">
 <asx:abap xmlns:asx="http://www.sap.com/abapxml" version="1.0">
  <asx:values>
   <OBJH>
    <OBJECTNAME>ZEWM_V_T300</OBJECTNAME>
    <OBJECTTYPE>V</OBJECTTYPE>
    <OBJTRANSP>2</OBJTRANSP>
    <IMPORTABLE>3</IMPORTABLE>
   </OBJH>
   <OBJT>
    <LANGUAGE>E</LANGUAGE>
    <OBJECTNAME>ZEWM_V_T300</OBJECTNAME>
    <OBJECTTYPE>V</OBJECTTYPE>
    <DDTEXT>Warehouse Number</DDTEXT>
   </OBJT>
   <TOBJ>
    <TDDAT>
     <TABNAME>ZEWM_V_T300</TABNAME>
     <CCLASS>&amp;NC&amp;</CCLASS>
    </TDDAT>
    <TVDIR>
     <TABNAME>ZEWM_V_T300</TABNAME>
     <AREA>ZEWM_FG_V_PARMS</AREA>
     <TYPE>1</TYPE>
     <LISTE>0007</LISTE>
    </TVDIR>
   </TOBJ>
  </asx:values>
 </asx:abap>
</abapGit>
