﻿<?xml version="1.0" encoding="utf-8"?>
<abapGit version="v1.0.0" serializer="LCL_OBJECT_INTF" serializer_version="v1.0.0">
 <asx:abap xmlns:asx="http://www.sap.com/abapxml" version="1.0">
  <asx:values>
   <VSEOINTERF>
    <CLSNAME>ZIF_EWM_BASE_LOGOBJECTS_C</CLSNAME>
    <LANGU>E</LANGU>
    <DESCRIPT>Interface for: Log Objects</DESCRIPT>
    <EXPOSURE>2</EXPOSURE>
    <STATE>1</STATE>
    <UNICODE>X</UNICODE>
   </VSEOINTERF>
   <DESCRIPTIONS>
    <SEOCOMPOTX>
     <CMPNAME>GC_O_LOG_QRFC</CMPNAME>
     <LANGU>E</LANGU>
     <DESCRIPT>Main Object: qRFC</DESCRIPT>
    </SEOCOMPOTX>
    <SEOCOMPOTX>
     <CMPNAME>GC_S_CANCEL_PICK_HU</CMPNAME>
     <LANGU>E</LANGU>
     <DESCRIPT>Application Log: Subobject</DESCRIPT>
    </SEOCOMPOTX>
    <SEOCOMPOTX>
     <CMPNAME>GC_S_CLOSE_HU</CMPNAME>
     <LANGU>E</LANGU>
     <DESCRIPT>Sub-Object: Close HU</DESCRIPT>
    </SEOCOMPOTX>
    <SEOCOMPOTX>
     <CMPNAME>GC_S_CREATE_HU</CMPNAME>
     <LANGU>E</LANGU>
     <DESCRIPT>Sub-Object: Create HU</DESCRIPT>
    </SEOCOMPOTX>
    <SEOCOMPOTX>
     <CMPNAME>GC_S_IDOC_END_PALLET</CMPNAME>
     <LANGU>E</LANGU>
     <DESCRIPT>Sub-Object: Idoc (End Pallet)</DESCRIPT>
    </SEOCOMPOTX>
    <SEOCOMPOTX>
     <CMPNAME>GC_S_PACK_HU</CMPNAME>
     <LANGU>E</LANGU>
     <DESCRIPT>Sub-Object: Pack HU</DESCRIPT>
    </SEOCOMPOTX>
    <SEOCOMPOTX>
     <CMPNAME>GC_S_TASK_CONFIRM</CMPNAME>
     <LANGU>E</LANGU>
     <DESCRIPT>Sub-Object: Confirm warehouse task(s)</DESCRIPT>
    </SEOCOMPOTX>
    <SEOCOMPOTX>
     <CMPNAME>GC_S_TASK_UPDATE</CMPNAME>
     <LANGU>E</LANGU>
     <DESCRIPT>Sub-Object: Update warehouse task(s)</DESCRIPT>
    </SEOCOMPOTX>
    <SEOCOMPOTX>
     <CMPNAME>GC_S_WO_MERGE</CMPNAME>
     <LANGU>E</LANGU>
     <DESCRIPT>Sub-Object: Close HU</DESCRIPT>
    </SEOCOMPOTX>
   </DESCRIPTIONS>
  </asx:values>
 </asx:abap>
</abapGit>
