﻿<?xml version="1.0" encoding="utf-8"?>
<abapGit version="v1.0.0" serializer="LCL_OBJECT_INTF" serializer_version="v1.0.0">
 <asx:abap xmlns:asx="http://www.sap.com/abapxml" version="1.0">
  <asx:values>
   <VSEOINTERF>
    <CLSNAME>ZIF_EWM_BASE_C</CLSNAME>
    <LANGU>E</LANGU>
    <DESCRIPT>Constantes Base</DESCRIPT>
    <EXPOSURE>2</EXPOSURE>
    <STATE>1</STATE>
    <UNICODE>X</UNICODE>
   </VSEOINTERF>
   <DESCRIPTIONS>
    <SEOCOMPOTX>
     <CMPNAME>GC_CARAC_GUION</CMPNAME>
     <LANGU>E</LANGU>
     <DESCRIPT>Caracter &quot;-&quot;</DESCRIPT>
    </SEOCOMPOTX>
    <SEOCOMPOTX>
     <CMPNAME>GC_CUSTOMERCONSTANT</CMPNAME>
     <LANGU>E</LANGU>
     <DESCRIPT>BU_ID_TYPE</DESCRIPT>
    </SEOCOMPOTX>
    <SEOCOMPOTX>
     <CMPNAME>GC_CUSTOMER_PREFIXCONSTANT</CMPNAME>
     <LANGU>E</LANGU>
     <DESCRIPT>Prefijo Cliente</DESCRIPT>
    </SEOCOMPOTX>
    <SEOCOMPOTX>
     <CMPNAME>GC_FIELDNAME_HUID</CMPNAME>
     <LANGU>E</LANGU>
     <DESCRIPT>Field Name</DESCRIPT>
    </SEOCOMPOTX>
    <SEOCOMPOTX>
     <CMPNAME>GC_FIELDNAME_KZSUBCONSTANT</CMPNAME>
     <LANGU>E</LANGU>
     <DESCRIPT>Field Name</DESCRIPT>
    </SEOCOMPOTX>
    <SEOCOMPOTX>
     <CMPNAME>GC_FIELDNAME_NLBERCONSTANT</CMPNAME>
     <LANGU>E</LANGU>
     <DESCRIPT>Field Name</DESCRIPT>
    </SEOCOMPOTX>
    <SEOCOMPOTX>
     <CMPNAME>GC_FIELDNAME_NLPLACONSTANT</CMPNAME>
     <LANGU>E</LANGU>
     <DESCRIPT>Field Name</DESCRIPT>
    </SEOCOMPOTX>
    <SEOCOMPOTX>
     <CMPNAME>GC_FIELDNAME_NLTYPCONSTANT</CMPNAME>
     <LANGU>E</LANGU>
     <DESCRIPT>Field Name</DESCRIPT>
    </SEOCOMPOTX>
    <SEOCOMPOTX>
     <CMPNAME>GC_FLT_ZEWM_SR_SEND_MSG_SHPMNT</CMPNAME>
     <LANGU>E</LANGU>
     <DESCRIPT>Filter ZEWM_SR_SEND_MSG_SHPMNT</DESCRIPT>
    </SEOCOMPOTX>
    <SEOCOMPOTX>
     <CMPNAME>GC_FLT_Z_SCWM_SR_SEND_SHPMNT</CMPNAME>
     <LANGU>E</LANGU>
     <DESCRIPT>Filter Z_SCWM_SR_SEND_SHPMNT</DESCRIPT>
    </SEOCOMPOTX>
    <SEOCOMPOTX>
     <CMPNAME>GC_PACK_LEVEL_TYPECONSTANT</CMPNAME>
     <LANGU>E</LANGU>
     <DESCRIPT>Level Type</DESCRIPT>
    </SEOCOMPOTX>
    <SEOCOMPOTX>
     <CMPNAME>GC_PACK_LEVEL_TYPE_QCLC</CMPNAME>
     <LANGU>E</LANGU>
     <DESCRIPT>Level Type</DESCRIPT>
    </SEOCOMPOTX>
    <SEOCOMPOTX>
     <CMPNAME>GC_PROCTY_301P</CMPNAME>
     <LANGU>E</LANGU>
     <DESCRIPT>Warehouse Process Type</DESCRIPT>
    </SEOCOMPOTX>
    <SEOCOMPOTX>
     <CMPNAME>GC_QUANCLA_CCONSTANT</CMPNAME>
     <LANGU>E</LANGU>
     <DESCRIPT>Quantity Classification in Warehouse</DESCRIPT>
    </SEOCOMPOTX>
    <SEOCOMPOTX>
     <CMPNAME>GC_QUANCLA_PCONSTANT</CMPNAME>
     <LANGU>E</LANGU>
     <DESCRIPT>Quantity Classification in Warehouse</DESCRIPT>
    </SEOCOMPOTX>
    <SEOCOMPOTX>
     <CMPNAME>GC_QUANCLA_UCONSTANT</CMPNAME>
     <LANGU>E</LANGU>
     <DESCRIPT>Quantity Classification in Warehouse</DESCRIPT>
    </SEOCOMPOTX>
    <SEOCOMPOTX>
     <CMPNAME>GC_UOM_CJCONSTANT</CMPNAME>
     <LANGU>E</LANGU>
     <DESCRIPT>Unit of Measure for Display</DESCRIPT>
    </SEOCOMPOTX>
    <SEOCOMPOTX>
     <CMPNAME>GC_UOM_DYCONSTANT</CMPNAME>
     <LANGU>E</LANGU>
     <DESCRIPT>Unit of Measure for Display</DESCRIPT>
    </SEOCOMPOTX>
    <SEOCOMPOTX>
     <CMPNAME>GC_UOM_PALCONSTANT</CMPNAME>
     <LANGU>E</LANGU>
     <DESCRIPT>Unit of Measure for Display</DESCRIPT>
    </SEOCOMPOTX>
    <SEOCOMPOTX>
     <CMPNAME>GC_UOM_UNCONSTANT</CMPNAME>
     <LANGU>E</LANGU>
     <DESCRIPT>Unit of Measure for Display</DESCRIPT>
    </SEOCOMPOTX>
    <SEOCOMPOTX>
     <CMPNAME>GC_UPDKZ_DELETECONSTANT</CMPNAME>
     <LANGU>E</LANGU>
     <DESCRIPT>Update indicator</DESCRIPT>
    </SEOCOMPOTX>
    <SEOCOMPOTX>
     <CMPNAME>GC_UPDKZ_INSERTCONSTANT</CMPNAME>
     <LANGU>E</LANGU>
     <DESCRIPT>Update indicator</DESCRIPT>
    </SEOCOMPOTX>
    <SEOCOMPOTX>
     <CMPNAME>GC_UPDKZ_UPDATECONSTANT</CMPNAME>
     <LANGU>E</LANGU>
     <DESCRIPT>Update indicator</DESCRIPT>
    </SEOCOMPOTX>
    <SEOCOMPOTX>
     <CMPNAME>GC_VENDORCONSTANT</CMPNAME>
     <LANGU>E</LANGU>
     <DESCRIPT>Tipo de Identificacion</DESCRIPT>
    </SEOCOMPOTX>
    <SEOCOMPOTX>
     <CMPNAME>GC_VENDOR_PREFIXCONSTANT</CMPNAME>
     <LANGU>E</LANGU>
     <DESCRIPT>Prefijo Proveedor</DESCRIPT>
    </SEOCOMPOTX>
   </DESCRIPTIONS>
  </asx:values>
 </asx:abap>
</abapGit>
