﻿<?xml version="1.0" encoding="utf-8"?>
<abapGit version="v1.0.0" serializer="LCL_OBJECT_INTF" serializer_version="v1.0.0">
 <asx:abap xmlns:asx="http://www.sap.com/abapxml" version="1.0">
  <asx:values>
   <VSEOINTERF>
    <CLSNAME>ZIF_EWM_BASE_PARAM_C</CLSNAME>
    <LANGU>E</LANGU>
    <DESCRIPT>Interface for: Parameters</DESCRIPT>
    <EXPOSURE>2</EXPOSURE>
    <STATE>1</STATE>
    <UNICODE>X</UNICODE>
   </VSEOINTERF>
   <DESCRIPTIONS>
    <SEOCOMPOTX>
     <CMPNAME>GC_ENH_ADJUST_CAT</CMPNAME>
     <LANGU>E</LANGU>
     <DESCRIPT>Enhancement:  Adjusment Surplus CAT</DESCRIPT>
    </SEOCOMPOTX>
    <SEOCOMPOTX>
     <CMPNAME>GC_ENH_BADI_ST_REMOV_STRA_REPL</CMPNAME>
     <LANGU>E</LANGU>
     <DESCRIPT>Stock Removal Strategy Replenishmen</DESCRIPT>
    </SEOCOMPOTX>
    <SEOCOMPOTX>
     <CMPNAME>GC_ENH_CIF_BP</CMPNAME>
     <LANGU>E</LANGU>
     <DESCRIPT>Enhan: CIF BP</DESCRIPT>
    </SEOCOMPOTX>
    <SEOCOMPOTX>
     <CMPNAME>GC_ENH_CLOSE_HU</CMPNAME>
     <LANGU>E</LANGU>
     <DESCRIPT>Enhan:Close HU</DESCRIPT>
    </SEOCOMPOTX>
    <SEOCOMPOTX>
     <CMPNAME>GC_ENH_COND_BADI</CMPNAME>
     <LANGU>E</LANGU>
     <DESCRIPT>Enhan: Conditions Badi</DESCRIPT>
    </SEOCOMPOTX>
    <SEOCOMPOTX>
     <CMPNAME>GC_ENH_GUI_MON_TU</CMPNAME>
     <LANGU>E</LANGU>
     <DESCRIPT>Enhan: Monitor TU</DESCRIPT>
    </SEOCOMPOTX>
    <SEOCOMPOTX>
     <CMPNAME>GC_ENH_GUI_REPL_BY_WAVE</CMPNAME>
     <LANGU>E</LANGU>
     <DESCRIPT>Enhan: Wave Related Replenishment</DESCRIPT>
    </SEOCOMPOTX>
    <SEOCOMPOTX>
     <CMPNAME>GC_ENH_HUCRRE001</CMPNAME>
     <LANGU>E</LANGU>
     <DESCRIPT>Enhan: HU creation for Recovery stock</DESCRIPT>
    </SEOCOMPOTX>
    <SEOCOMPOTX>
     <CMPNAME>GC_ENH_IDOCS</CMPNAME>
     <LANGU>E</LANGU>
     <DESCRIPT>Enhan: IDOCS</DESCRIPT>
    </SEOCOMPOTX>
    <SEOCOMPOTX>
     <CMPNAME>GC_ENH_IN_MON_MD</CMPNAME>
     <LANGU>E</LANGU>
     <DESCRIPT>Enhan: Update Master Data in ERP</DESCRIPT>
    </SEOCOMPOTX>
    <SEOCOMPOTX>
     <CMPNAME>GC_ENH_PRINTLOGO</CMPNAME>
     <LANGU>E</LANGU>
     <DESCRIPT>Enhan:Print Logo</DESCRIPT>
    </SEOCOMPOTX>
    <SEOCOMPOTX>
     <CMPNAME>GC_ENH_PRINT_ACTA</CMPNAME>
     <LANGU>E</LANGU>
     <DESCRIPT>Enhan: Print TU Acta</DESCRIPT>
    </SEOCOMPOTX>
    <SEOCOMPOTX>
     <CMPNAME>GC_ENH_RF_CHPM</CMPNAME>
     <LANGU>E</LANGU>
     <DESCRIPT>Parameter: Change PMAT in RF</DESCRIPT>
    </SEOCOMPOTX>
    <SEOCOMPOTX>
     <CMPNAME>GC_ENH_RF_CLOSE_TU</CMPNAME>
     <LANGU>E</LANGU>
     <DESCRIPT>Enhan: RF Close TU</DESCRIPT>
    </SEOCOMPOTX>
    <SEOCOMPOTX>
     <CMPNAME>GC_ENH_RF_CREATE_TU</CMPNAME>
     <LANGU>E</LANGU>
     <DESCRIPT>Enhan: RF Create TU</DESCRIPT>
    </SEOCOMPOTX>
    <SEOCOMPOTX>
     <CMPNAME>GC_ENH_RF_MAT_LBL</CMPNAME>
     <LANGU>E</LANGU>
     <DESCRIPT>Enhan: Rf Material Relabel</DESCRIPT>
    </SEOCOMPOTX>
    <SEOCOMPOTX>
     <CMPNAME>GC_ENH_RF_NEEDPICK</CMPNAME>
     <LANGU>E</LANGU>
     <DESCRIPT>Enhan: Rf Need Pick</DESCRIPT>
    </SEOCOMPOTX>
    <SEOCOMPOTX>
     <CMPNAME>GC_ENH_RF_PHY_INV</CMPNAME>
     <LANGU>E</LANGU>
     <DESCRIPT>Enhan: RF physicall inventory</DESCRIPT>
    </SEOCOMPOTX>
    <SEOCOMPOTX>
     <CMPNAME>GC_ENH_RF_PICK_CL</CMPNAME>
     <LANGU>E</LANGU>
     <DESCRIPT>Enhan: RF PICK CL</DESCRIPT>
    </SEOCOMPOTX>
    <SEOCOMPOTX>
     <CMPNAME>GC_ENH_RF_PRINT</CMPNAME>
     <LANGU>E</LANGU>
     <DESCRIPT>Enhan:RF Print</DESCRIPT>
    </SEOCOMPOTX>
    <SEOCOMPOTX>
     <CMPNAME>GC_ENH_RF_PTHUSI</CMPNAME>
     <LANGU>E</LANGU>
     <DESCRIPT>Enhan: RF Putaway HU</DESCRIPT>
    </SEOCOMPOTX>
    <SEOCOMPOTX>
     <CMPNAME>GC_ENH_RF_REHU</CMPNAME>
     <LANGU>E</LANGU>
     <DESCRIPT>Enhan: RF Receiving HUs</DESCRIPT>
    </SEOCOMPOTX>
    <SEOCOMPOTX>
     <CMPNAME>GC_ENH_RF_SHORT_PICK</CMPNAME>
     <LANGU>E</LANGU>
     <DESCRIPT>Enhan: RF Short Pick</DESCRIPT>
    </SEOCOMPOTX>
    <SEOCOMPOTX>
     <CMPNAME>GC_ENH_RF_TU</CMPNAME>
     <LANGU>E</LANGU>
     <DESCRIPT>Enhan: RF TU</DESCRIPT>
    </SEOCOMPOTX>
    <SEOCOMPOTX>
     <CMPNAME>GC_ENH_RF_VLTYP_PICKING</CMPNAME>
     <LANGU>E</LANGU>
     <DESCRIPT>Parameter: VLTYP Picking</DESCRIPT>
    </SEOCOMPOTX>
    <SEOCOMPOTX>
     <CMPNAME>GC_ENH_SMARTFORMS</CMPNAME>
     <LANGU>E</LANGU>
     <DESCRIPT>Enhan: Smartforms</DESCRIPT>
    </SEOCOMPOTX>
    <SEOCOMPOTX>
     <CMPNAME>GC_ENH_UNIT_WEIGHT</CMPNAME>
     <LANGU>E</LANGU>
     <DESCRIPT>Enhan: Unit Weigth</DESCRIPT>
    </SEOCOMPOTX>
    <SEOCOMPOTX>
     <CMPNAME>GC_ENH_WCR_FILTERS</CMPNAME>
     <LANGU>E</LANGU>
     <DESCRIPT>Enhan: Badi Warehouse Orden Creation Rule</DESCRIPT>
    </SEOCOMPOTX>
    <SEOCOMPOTX>
     <CMPNAME>GC_ENH_WTCOWO001</CMPNAME>
     <LANGU>E</LANGU>
     <DESCRIPT>Enhan: WT confirmation for WO release</DESCRIPT>
    </SEOCOMPOTX>
    <SEOCOMPOTX>
     <CMPNAME>GC_ENH_WT_RESORT</CMPNAME>
     <LANGU>E</LANGU>
     <DESCRIPT>Enhan: Badi WT Resort</DESCRIPT>
    </SEOCOMPOTX>
    <SEOCOMPOTX>
     <CMPNAME>GC_FIELDNAME_STC</CMPNAME>
     <LANGU>E</LANGU>
     <DESCRIPT>Field Prefix</DESCRIPT>
    </SEOCOMPOTX>
    <SEOCOMPOTX>
     <CMPNAME>GC_FILTER_ST_0210</CMPNAME>
     <LANGU>E</LANGU>
     <DESCRIPT>Filter: ST 2010</DESCRIPT>
    </SEOCOMPOTX>
    <SEOCOMPOTX>
     <CMPNAME>GC_FILTER_ST_0230</CMPNAME>
     <LANGU>E</LANGU>
     <DESCRIPT>Filter: ST 2030</DESCRIPT>
    </SEOCOMPOTX>
    <SEOCOMPOTX>
     <CMPNAME>GC_PARAM_ALTUOM</CMPNAME>
     <LANGU>E</LANGU>
     <DESCRIPT>Parameter : Alternate UoM</DESCRIPT>
    </SEOCOMPOTX>
    <SEOCOMPOTX>
     <CMPNAME>GC_PARAM_CALCU_BIN</CMPNAME>
     <LANGU>E</LANGU>
     <DESCRIPT>Parameter: Calculate Bin</DESCRIPT>
    </SEOCOMPOTX>
    <SEOCOMPOTX>
     <CMPNAME>GC_PARAM_DEST_ST</CMPNAME>
     <LANGU>E</LANGU>
     <DESCRIPT>Parameter: Destination ST</DESCRIPT>
    </SEOCOMPOTX>
    <SEOCOMPOTX>
     <CMPNAME>GC_PARAM_DIST_LIST</CMPNAME>
     <LANGU>E</LANGU>
     <DESCRIPT>Parameter: Distribution List</DESCRIPT>
    </SEOCOMPOTX>
    <SEOCOMPOTX>
     <CMPNAME>GC_PARAM_DOCTYPE_NEEDPICK</CMPNAME>
     <LANGU>E</LANGU>
     <DESCRIPT>Parameter: Doctypes for Need Pick</DESCRIPT>
    </SEOCOMPOTX>
    <SEOCOMPOTX>
     <CMPNAME>GC_PARAM_FILTER_PALLET</CMPNAME>
     <LANGU>E</LANGU>
     <DESCRIPT>Parameter: Filter for Pallets (during sorting)</DESCRIPT>
    </SEOCOMPOTX>
    <SEOCOMPOTX>
     <CMPNAME>GC_PARAM_GRP_PROD_BULK</CMPNAME>
     <LANGU>E</LANGU>
     <DESCRIPT>Parameter: Product Group</DESCRIPT>
    </SEOCOMPOTX>
    <SEOCOMPOTX>
     <CMPNAME>GC_PARAM_HNDLCODE</CMPNAME>
     <LANGU>E</LANGU>
     <DESCRIPT>Parameter: Handling indicator</DESCRIPT>
    </SEOCOMPOTX>
    <SEOCOMPOTX>
     <CMPNAME>GC_PARAM_HU_CLOSE</CMPNAME>
     <LANGU>E</LANGU>
     <DESCRIPT>Parameter: HU Close</DESCRIPT>
    </SEOCOMPOTX>
    <SEOCOMPOTX>
     <CMPNAME>GC_PARAM_INVERSO_BIN</CMPNAME>
     <LANGU>E</LANGU>
     <DESCRIPT>Parameter: BIN INVERSO</DESCRIPT>
    </SEOCOMPOTX>
    <SEOCOMPOTX>
     <CMPNAME>GC_PARAM_LGSYST</CMPNAME>
     <LANGU>E</LANGU>
     <DESCRIPT>Parameter : Log. System</DESCRIPT>
    </SEOCOMPOTX>
    <SEOCOMPOTX>
     <CMPNAME>GC_PARAM_LGTYP</CMPNAME>
     <LANGU>E</LANGU>
     <DESCRIPT>Parameter : Storage Type</DESCRIPT>
    </SEOCOMPOTX>
    <SEOCOMPOTX>
     <CMPNAME>GC_PARAM_LOGICAL_TRANS</CMPNAME>
     <LANGU>E</LANGU>
     <DESCRIPT>Parameter: Logical Transaction</DESCRIPT>
    </SEOCOMPOTX>
    <SEOCOMPOTX>
     <CMPNAME>GC_PARAM_LOGO</CMPNAME>
     <LANGU>E</LANGU>
     <DESCRIPT>Parameter: Logo</DESCRIPT>
    </SEOCOMPOTX>
    <SEOCOMPOTX>
     <CMPNAME>GC_PARAM_MATGR</CMPNAME>
     <LANGU>E</LANGU>
     <DESCRIPT>Parameter: Product Group</DESCRIPT>
    </SEOCOMPOTX>
    <SEOCOMPOTX>
     <CMPNAME>GC_PARAM_MTR_TU</CMPNAME>
     <LANGU>E</LANGU>
     <DESCRIPT>Parameter: Means of Transport</DESCRIPT>
    </SEOCOMPOTX>
    <SEOCOMPOTX>
     <CMPNAME>GC_PARAM_NR_BP</CMPNAME>
     <LANGU>E</LANGU>
     <DESCRIPT>Parameter: N Range BP</DESCRIPT>
    </SEOCOMPOTX>
    <SEOCOMPOTX>
     <CMPNAME>GC_PARAM_NUM_ITM</CMPNAME>
     <LANGU>E</LANGU>
     <DESCRIPT>Parameter: Number of items</DESCRIPT>
    </SEOCOMPOTX>
    <SEOCOMPOTX>
     <CMPNAME>GC_PARAM_OWNER</CMPNAME>
     <LANGU>E</LANGU>
     <DESCRIPT>Parameter: Owner</DESCRIPT>
    </SEOCOMPOTX>
    <SEOCOMPOTX>
     <CMPNAME>GC_PARAM_PMAT</CMPNAME>
     <LANGU>E</LANGU>
     <DESCRIPT>Parameter: Packing Material</DESCRIPT>
    </SEOCOMPOTX>
    <SEOCOMPOTX>
     <CMPNAME>GC_PARAM_PMAT_BINCONTAINER</CMPNAME>
     <LANGU>E</LANGU>
     <DESCRIPT>Parameter: PMAT BIN_CONTAINER</DESCRIPT>
    </SEOCOMPOTX>
    <SEOCOMPOTX>
     <CMPNAME>GC_PARAM_PMAT_BIN_CONTAINER</CMPNAME>
     <LANGU>E</LANGU>
     <DESCRIPT>Parameter: PMAT BIN_CONTAINER</DESCRIPT>
    </SEOCOMPOTX>
    <SEOCOMPOTX>
     <CMPNAME>GC_PARAM_PMAT_PALLETCHEP</CMPNAME>
     <LANGU>E</LANGU>
     <DESCRIPT>Parameter: PMAT PALLET_CHEP</DESCRIPT>
    </SEOCOMPOTX>
    <SEOCOMPOTX>
     <CMPNAME>GC_PARAM_PMAT_PALLET_CHEP</CMPNAME>
     <LANGU>E</LANGU>
     <DESCRIPT>Parameter: PMAT PALLET_CHEP</DESCRIPT>
    </SEOCOMPOTX>
    <SEOCOMPOTX>
     <CMPNAME>GC_PARAM_PRINTER</CMPNAME>
     <LANGU>E</LANGU>
     <DESCRIPT>Parameter: Printer</DESCRIPT>
    </SEOCOMPOTX>
    <SEOCOMPOTX>
     <CMPNAME>GC_PARAM_PROCTY</CMPNAME>
     <LANGU>E</LANGU>
     <DESCRIPT>Parameter: Warehouse Process Type</DESCRIPT>
    </SEOCOMPOTX>
    <SEOCOMPOTX>
     <CMPNAME>GC_PARAM_QCLA_PHY_MUL</CMPNAME>
     <LANGU>E</LANGU>
     <DESCRIPT>Parameter: RF Physicall inventory</DESCRIPT>
    </SEOCOMPOTX>
    <SEOCOMPOTX>
     <CMPNAME>GC_PARAM_SHORT_PICK_PROCTY</CMPNAME>
     <LANGU>E</LANGU>
     <DESCRIPT>Parameter: Procty Short Pick</DESCRIPT>
    </SEOCOMPOTX>
    <SEOCOMPOTX>
     <CMPNAME>GC_PARAM_STOCK_TYPE</CMPNAME>
     <LANGU>E</LANGU>
     <DESCRIPT>Parameter: Stock Type</DESCRIPT>
    </SEOCOMPOTX>
    <SEOCOMPOTX>
     <CMPNAME>GC_PARAM_STORAGE_PROC</CMPNAME>
     <LANGU>E</LANGU>
     <DESCRIPT>Parameter: Storage process</DESCRIPT>
    </SEOCOMPOTX>
    <SEOCOMPOTX>
     <CMPNAME>GC_PARAM_ST_SUBSYST</CMPNAME>
     <LANGU>E</LANGU>
     <DESCRIPT>Parameter: Storage Type Subsystem</DESCRIPT>
    </SEOCOMPOTX>
    <SEOCOMPOTX>
     <CMPNAME>GC_PARAM_TOTE_EXCEP</CMPNAME>
     <LANGU>E</LANGU>
     <DESCRIPT>Parameter: Tote Excep</DESCRIPT>
    </SEOCOMPOTX>
    <SEOCOMPOTX>
     <CMPNAME>GC_PARAM_TRANS_CODE</CMPNAME>
     <LANGU>E</LANGU>
     <DESCRIPT>Parameter: Logical Transaction</DESCRIPT>
    </SEOCOMPOTX>
    <SEOCOMPOTX>
     <CMPNAME>GC_PARAM_UNIT_G</CMPNAME>
     <LANGU>E</LANGU>
     <DESCRIPT>Parameter: Unit G</DESCRIPT>
    </SEOCOMPOTX>
    <SEOCOMPOTX>
     <CMPNAME>GC_PARAM_UOVOLUM</CMPNAME>
     <LANGU>E</LANGU>
     <DESCRIPT>Parameter : Unit Of Volum</DESCRIPT>
    </SEOCOMPOTX>
    <SEOCOMPOTX>
     <CMPNAME>GC_PARAM_UPD_GUIA_ECC</CMPNAME>
     <LANGU>E</LANGU>
     <DESCRIPT>Parameter: Update guias from ECC</DESCRIPT>
    </SEOCOMPOTX>
    <SEOCOMPOTX>
     <CMPNAME>GC_PARAM_VLTYP_PICKING</CMPNAME>
     <LANGU>E</LANGU>
     <DESCRIPT>Parameter: VLTYP Picking</DESCRIPT>
    </SEOCOMPOTX>
    <SEOCOMPOTX>
     <CMPNAME>GC_PARAM_WCR</CMPNAME>
     <LANGU>E</LANGU>
     <DESCRIPT>Parameter : Warehouse Creation Rule</DESCRIPT>
    </SEOCOMPOTX>
    <SEOCOMPOTX>
     <CMPNAME>GC_PARAM_WHMATGR</CMPNAME>
     <LANGU>E</LANGU>
     <DESCRIPT>Parameter: Warehouse Product Group</DESCRIPT>
    </SEOCOMPOTX>
    <SEOCOMPOTX>
     <CMPNAME>GC_PARAM_WORKCENTER</CMPNAME>
     <LANGU>E</LANGU>
     <DESCRIPT>Parameter: Workcenter</DESCRIPT>
    </SEOCOMPOTX>
    <SEOCOMPOTX>
     <CMPNAME>GC_PARAM_WT_DESCEN</CMPNAME>
     <LANGU>E</LANGU>
     <DESCRIPT>Parameter: Warehouse Task Decending</DESCRIPT>
    </SEOCOMPOTX>
   </DESCRIPTIONS>
  </asx:values>
 </asx:abap>
</abapGit>
