﻿<?xml version="1.0" encoding="utf-8"?>
<abapGit version="v1.0.0" serializer="LCL_OBJECT_INTF" serializer_version="v1.0.0">
 <asx:abap xmlns:asx="http://www.sap.com/abapxml" version="1.0">
  <asx:values>
   <VSEOINTERF>
    <CLSNAME>ZIF_EWM_BASE_EXCEPTION</CLSNAME>
    <LANGU>E</LANGU>
    <DESCRIPT>Interface for Exception Handling</DESCRIPT>
    <EXPOSURE>2</EXPOSURE>
    <STATE>1</STATE>
    <UNICODE>X</UNICODE>
   </VSEOINTERF>
   <DESCRIPTIONS>
    <SEOCOMPOTX>
     <CMPNAME>GC_MSGV1</CMPNAME>
     <LANGU>E</LANGU>
     <DESCRIPT>Full Component Name</DESCRIPT>
    </SEOCOMPOTX>
    <SEOCOMPOTX>
     <CMPNAME>GC_MSGV2</CMPNAME>
     <LANGU>E</LANGU>
     <DESCRIPT>Full Component Name</DESCRIPT>
    </SEOCOMPOTX>
    <SEOCOMPOTX>
     <CMPNAME>GC_MSGV3</CMPNAME>
     <LANGU>E</LANGU>
     <DESCRIPT>Full Component Name</DESCRIPT>
    </SEOCOMPOTX>
    <SEOCOMPOTX>
     <CMPNAME>GC_MSGV4</CMPNAME>
     <LANGU>E</LANGU>
     <DESCRIPT>Full Component Name</DESCRIPT>
    </SEOCOMPOTX>
    <SEOCOMPOTX>
     <CMPNAME>GV_MSGV1</CMPNAME>
     <LANGU>E</LANGU>
     <DESCRIPT>Message Variable</DESCRIPT>
    </SEOCOMPOTX>
    <SEOCOMPOTX>
     <CMPNAME>GV_MSGV2</CMPNAME>
     <LANGU>E</LANGU>
     <DESCRIPT>Message Variable</DESCRIPT>
    </SEOCOMPOTX>
    <SEOCOMPOTX>
     <CMPNAME>GV_MSGV3</CMPNAME>
     <LANGU>E</LANGU>
     <DESCRIPT>Message Variable</DESCRIPT>
    </SEOCOMPOTX>
    <SEOCOMPOTX>
     <CMPNAME>GV_MSGV4</CMPNAME>
     <LANGU>E</LANGU>
     <DESCRIPT>Message Variable</DESCRIPT>
    </SEOCOMPOTX>
   </DESCRIPTIONS>
  </asx:values>
 </asx:abap>
</abapGit>
